Native input trace: Qt=6.9.2 platform=wayland injected=false
{"angleX":0,"angleY":0,"contentY":0,"deviceType":4,"inverted":false,"overViewport":true,"phase":1,"pixelX":0,"pixelY":0,"pointerX":722.375,"pointerY":509.10546875,"source":0,"timestamp":279789502}
{"angleX":0,"angleY":0,"contentY":0,"deviceType":4,"inverted":false,"overViewport":true,"phase":1,"pixelX":0,"pixelY":0,"pointerX":722.375,"pointerY":509.10546875,"source":0,"timestamp":279789502}
{"angleX":0,"angleY":-79,"contentY":0,"deviceType":4,"inverted":true,"overViewport":true,"phase":2,"pixelX":0,"pixelY":-7,"pointerX":722.375,"pointerY":509.10546875,"source":1,"timestamp":279789502}
{"angleX":0,"angleY":-92,"contentY":7,"deviceType":4,"inverted":true,"overViewport":true,"phase":2,"pixelX":0,"pixelY":-7,"pointerX":722.375,"pointerY":509.10546875,"source":1,"timestamp":279789509}
{"angleX":0,"angleY":-100,"contentY":14,"deviceType":4,"inverted":true,"overViewport":true,"phase":2,"pixelX":0,"pixelY":-9,"pointerX":722.375,"pointerY":509.10546875,"source":1,"timestamp":279789516}
{"angleX":0,"angleY":-116,"contentY":23,"deviceType":4,"inverted":true,"overViewport":true,"phase":2,"pixelX":0,"pixelY":-9,"pointerX":722.375,"pointerY":509.10546875,"source":1,"timestamp":279789523}
{"angleX":0,"angleY":-126,"contentY":32,"deviceType":4,"inverted":true,"overViewport":true,"phase":2,"pixelX":0,"pixelY":-11,"pointerX":722.375,"pointerY":509.10546875,"source":1,"timestamp":279789531}
{"angleX":0,"angleY":-136,"contentY":43,"deviceType":4,"inverted":true,"overViewport":true,"phase":2,"pixelX":0,"pixelY":-11,"pointerX":722.375,"pointerY":509.10546875,"source":1,"timestamp":279789538}
{"angleX":0,"angleY":-151,"contentY":54,"deviceType":4,"inverted":true,"overViewport":true,"phase":2,"pixelX":0,"pixelY":-13,"pointerX":722.375,"pointerY":509.10546875,"source":1,"timestamp":279789545}
{"angleX":0,"angleY":-159,"contentY":67,"deviceType":4,"inverted":true,"overViewport":true,"phase":2,"pixelX":0,"pixelY":-13,"pointerX":722.375,"pointerY":509.10546875,"source":1,"timestamp":279789552}
{"angleX":0,"angleY":-167,"contentY":80,"deviceType":4,"inverted":true,"overViewport":true,"phase":2,"pixelX":0,"pixelY":-14,"pointerX":722.375,"pointerY":509.10546875,"source":1,"timestamp":279789559}
{"angleX":0,"angleY":0,"contentY":94,"deviceType":4,"inverted":true,"overViewport":true,"phase":3,"pixelX":0,"pixelY":0,"pointerX":722.375,"pointerY":509.10546875,"source":0,"timestamp":279789594}
{"angleX":0,"angleY":0,"contentY":94,"deviceType":4,"inverted":true,"overViewport":true,"phase":3,"pixelX":0,"pixelY":0,"pointerX":722.375,"pointerY":509.10546875,"source":0,"timestamp":279789594}
{"coastSample":1,"contentY":115.69172225676974,"endTimestamp":279789594,"flicking":true,"velocity":1800.7509963819311}
{"coastSample":2,"contentY":158.08264316807055,"endTimestamp":279789594,"flicking":true,"velocity":1745.6107962575609}
{"coastSample":3,"contentY":178.78184182260162,"endTimestamp":279789594,"flicking":true,"velocity":1718.0406961953734}
{"coastSample":4,"contentY":209.21031255299903,"endTimestamp":279789594,"flicking":true,"velocity":1676.685546102097}
{"coastSample":5,"contentY":248.6236626575838,"endTimestamp":279789594,"flicking":true,"velocity":1621.5453459777225}
{"coastSample":6,"contentY":278.88736600076317,"endTimestamp":279789594,"flicking":true,"velocity":1577.8926875459263}
{"coastSample":7,"contentY":297.5739473507547,"endTimestamp":279789594,"flicking":true,"velocity":1550.322587483739}
{"coastSample":8,"contentY":333.9545864484991,"endTimestamp":279789594,"flicking":true,"velocity":1495.1823873593733}
{"coastSample":9,"contentY":360.3716076198485,"endTimestamp":279789594,"flicking":true,"velocity":1453.827237266097}
{"coastSample":10,"contentY":386.0442360895189,"endTimestamp":279789594,"flicking":true,"velocity":1412.4720871728302}
{"coastSample":11,"contentY":402.7457702350331,"endTimestamp":279789594,"flicking":true,"velocity":1384.9019871106427}
{"coastSample":12,"contentY":436.47803543162416,"endTimestamp":279789594,"flicking":true,"velocity":1327.4642786477482}
{"coastSample":13,"contentY":467.51007511730455,"endTimestamp":279789594,"flicking":true,"velocity":1272.3240785233827}
{"coastSample":14,"contentY":489.91564672960595,"endTimestamp":279789594,"flicking":true,"velocity":1230.9689284300969}
{"coastSample":15,"contentY":504.4391429702075,"endTimestamp":279789594,"flicking":true,"velocity":1203.398828367919}
{"angleX":0,"angleY":0,"contentY":816,"deviceType":4,"inverted":false,"overViewport":true,"phase":1,"pixelX":0,"pixelY":0,"pointerX":722.375,"pointerY":509.10546875,"source":0,"timestamp":279791239}
{"angleX":0,"angleY":0,"contentY":816,"deviceType":4,"inverted":false,"overViewport":true,"phase":1,"pixelX":0,"pixelY":0,"pointerX":722.375,"pointerY":509.10546875,"source":0,"timestamp":279791239}
{"angleX":0,"angleY":67,"contentY":816,"deviceType":4,"inverted":true,"overViewport":true,"phase":2,"pixelX":0,"pixelY":6,"pointerX":722.375,"pointerY":509.10546875,"source":1,"timestamp":279791239}
{"angleX":0,"angleY":69,"contentY":810,"deviceType":4,"inverted":true,"overViewport":true,"phase":2,"pixelX":0,"pixelY":5,"pointerX":722.375,"pointerY":509.10546875,"source":1,"timestamp":279791246}
{"angleX":0,"angleY":71,"contentY":805,"deviceType":4,"inverted":true,"overViewport":true,"phase":2,"pixelX":0,"pixelY":6,"pointerX":722.375,"pointerY":509.10546875,"source":1,"timestamp":279791254}
{"angleX":0,"angleY":73,"contentY":799,"deviceType":4,"inverted":true,"overViewport":true,"phase":2,"pixelX":0,"pixelY":6,"pointerX":722.375,"pointerY":509.10546875,"source":1,"timestamp":279791261}
{"angleX":0,"angleY":71,"contentY":793,"deviceType":4,"inverted":true,"overViewport":true,"phase":2,"pixelX":0,"pixelY":6,"pointerX":722.375,"pointerY":509.10546875,"source":1,"timestamp":279791268}
{"angleX":0,"angleY":67,"contentY":787,"deviceType":4,"inverted":true,"overViewport":true,"phase":2,"pixelX":0,"pixelY":6,"pointerX":722.375,"pointerY":509.10546875,"source":1,"timestamp":279791275}
{"angleX":0,"angleY":63,"contentY":781,"deviceType":4,"inverted":true,"overViewport":true,"phase":2,"pixelX":0,"pixelY":5,"pointerX":722.375,"pointerY":509.10546875,"source":1,"timestamp":279791282}
{"angleX":0,"angleY":57,"contentY":776,"deviceType":4,"inverted":true,"overViewport":true,"phase":2,"pixelX":0,"pixelY":5,"pointerX":722.375,"pointerY":509.10546875,"source":1,"timestamp":279791290}
{"angleX":0,"angleY":53,"contentY":771,"deviceType":4,"inverted":true,"overViewport":true,"phase":2,"pixelX":0,"pixelY":4,"pointerX":722.375,"pointerY":509.10546875,"source":1,"timestamp":279791297}
{"angleX":0,"angleY":49,"contentY":767,"deviceType":4,"inverted":true,"overViewport":true,"phase":2,"pixelX":0,"pixelY":4,"pointerX":722.375,"pointerY":509.10546875,"source":1,"timestamp":279791304}
{"angleX":0,"angleY":45,"contentY":763,"deviceType":4,"inverted":true,"overViewport":true,"phase":2,"pixelX":0,"pixelY":4,"pointerX":722.375,"pointerY":509.10546875,"source":1,"timestamp":279791311}
{"angleX":0,"angleY":35,"contentY":759,"deviceType":4,"inverted":true,"overViewport":true,"phase":2,"pixelX":0,"pixelY":3,"pointerX":722.375,"pointerY":509.10546875,"source":1,"timestamp":279791318}
{"angleX":0,"angleY":39,"contentY":756,"deviceType":4,"inverted":true,"overViewport":true,"phase":2,"pixelX":0,"pixelY":3,"pointerX":722.375,"pointerY":509.10546875,"source":1,"timestamp":279791325}
{"angleX":0,"angleY":0,"contentY":753,"deviceType":4,"inverted":true,"overViewport":true,"phase":3,"pixelX":0,"pixelY":0,"pointerX":722.375,"pointerY":509.10546875,"source":0,"timestamp":279791332}
{"angleX":0,"angleY":0,"contentY":753,"deviceType":4,"inverted":true,"overViewport":true,"phase":3,"pixelX":0,"pixelY":0,"pointerX":722.375,"pointerY":509.10546875,"source":0,"timestamp":279791332}
{"coastSample":1,"contentY":741.433734939759,"endTimestamp":279791332,"flicking":true,"velocity":-468.37349397590816}
{"coastSample":2,"contentY":733.3283132530121,"endTimestamp":279791332,"flicking":true,"velocity":-441.2650602409561}
{"coastSample":3,"contentY":728.1957831325301,"endTimestamp":279791332,"flicking":true,"velocity":-423.19277108434034}
{"coastSample":4,"contentY":718.5813253012049,"endTimestamp":279791332,"flicking":true,"velocity":-387.0481927710709}
{"coastSample":5,"contentY":709.4887048192771,"endTimestamp":279791332,"flicking":true,"velocity":-350.1506024096313}
{"coastSample":6,"contentY":701.6453313253012,"endTimestamp":279791332,"flicking":true,"velocity":-313.2530120482026}
{"coastSample":7,"contentY":698.0489457831326,"endTimestamp":279791332,"flicking":true,"velocity":-295.1807228915679}
{"coastSample":8,"contentY":693.0609939759036,"endTimestamp":279791332,"flicking":true,"velocity":-268.0722891566347}
{"coastSample":9,"contentY":687.1694277108434,"endTimestamp":279791332,"flicking":true,"velocity":-231.92771084336528}
{"coastSample":10,"contentY":681.9548192771084,"endTimestamp":279791332,"flicking":true,"velocity":-195.03012048193926}
{"coastSample":11,"contentY":679.7861445783133,"endTimestamp":279791332,"flicking":true,"velocity":-176.20481927711276}
{"coastSample":12,"contentY":676.0993975903614,"endTimestamp":279791332,"flicking":true,"velocity":-140.06024096386227}
{"coastSample":13,"contentY":673.9036144578313,"endTimestamp":279791332,"flicking":true,"velocity":-112.95180722892913}
{"coastSample":14,"contentY":671.7349397590361,"endTimestamp":279791332,"flicking":true,"velocity":-76.80722891565968}
{"coastSample":15,"contentY":670.398343373494,"endTimestamp":279791332,"flicking":true,"velocity":-39.15662650602295}
{"angleX":0,"angleY":0,"contentY":670,"deviceType":4,"inverted":false,"overViewport":true,"phase":1,"pixelX":0,"pixelY":0,"pointerX":722.375,"pointerY":509.10546875,"source":0,"timestamp":279791974}
{"angleX":0,"angleY":0,"contentY":670,"deviceType":4,"inverted":false,"overViewport":true,"phase":1,"pixelX":0,"pixelY":0,"pointerX":722.375,"pointerY":509.10546875,"source":0,"timestamp":279791974}
{"angleX":0,"angleY":75,"contentY":670,"deviceType":4,"inverted":true,"overViewport":true,"phase":2,"pixelX":0,"pixelY":6,"pointerX":722.375,"pointerY":509.10546875,"source":1,"timestamp":279791974}
{"angleX":0,"angleY":75,"contentY":664,"deviceType":4,"inverted":true,"overViewport":true,"phase":2,"pixelX":0,"pixelY":7,"pointerX":722.375,"pointerY":509.10546875,"source":1,"timestamp":279791982}
{"angleX":0,"angleY":75,"contentY":657,"deviceType":4,"inverted":true,"overViewport":true,"phase":2,"pixelX":0,"pixelY":6,"pointerX":722.375,"pointerY":509.10546875,"source":1,"timestamp":279791989}
{"angleX":0,"angleY":71,"contentY":651,"deviceType":4,"inverted":true,"overViewport":true,"phase":2,"pixelX":0,"pixelY":6,"pointerX":722.375,"pointerY":509.10546875,"source":1,"timestamp":279791996}
{"angleX":0,"angleY":71,"contentY":645,"deviceType":4,"inverted":true,"overViewport":true,"phase":2,"pixelX":0,"pixelY":6,"pointerX":722.375,"pointerY":509.10546875,"source":1,"timestamp":279792003}
{"angleX":0,"angleY":73,"contentY":639,"deviceType":4,"inverted":true,"overViewport":true,"phase":2,"pixelX":0,"pixelY":6,"pointerX":722.375,"pointerY":509.10546875,"source":1,"timestamp":279792011}
{"angleX":0,"angleY":71,"contentY":633,"deviceType":4,"inverted":true,"overViewport":true,"phase":2,"pixelX":0,"pixelY":6,"pointerX":722.375,"pointerY":509.10546875,"source":1,"timestamp":279792018}
{"angleX":0,"angleY":83,"contentY":627,"deviceType":4,"inverted":true,"overViewport":true,"phase":2,"pixelX":0,"pixelY":7,"pointerX":722.375,"pointerY":509.10546875,"source":1,"timestamp":279792025}
{"angleX":0,"angleY":86,"contentY":620,"deviceType":4,"inverted":true,"overViewport":true,"phase":2,"pixelX":0,"pixelY":7,"pointerX":722.375,"pointerY":509.10546875,"source":1,"timestamp":279792032}
{"angleX":0,"angleY":90,"contentY":613,"deviceType":4,"inverted":true,"overViewport":true,"phase":2,"pixelX":0,"pixelY":7,"pointerX":722.375,"pointerY":509.10546875,"source":1,"timestamp":279792039}
{"angleX":0,"angleY":96,"contentY":606,"deviceType":4,"inverted":true,"overViewport":true,"phase":2,"pixelX":0,"pixelY":8,"pointerX":722.375,"pointerY":509.10546875,"source":1,"timestamp":279792046}
{"angleX":0,"angleY":106,"contentY":598,"deviceType":4,"inverted":true,"overViewport":true,"phase":2,"pixelX":0,"pixelY":9,"pointerX":722.375,"pointerY":509.10546875,"source":1,"timestamp":279792054}
{"angleX":0,"angleY":98,"contentY":589,"deviceType":4,"inverted":true,"overViewport":true,"phase":2,"pixelX":0,"pixelY":8,"pointerX":722.375,"pointerY":509.10546875,"source":1,"timestamp":279792061}
{"angleX":0,"angleY":0,"contentY":581,"deviceType":4,"inverted":true,"overViewport":true,"phase":3,"pixelX":0,"pixelY":0,"pointerX":722.375,"pointerY":509.10546875,"source":0,"timestamp":279792074}
{"angleX":0,"angleY":0,"contentY":581,"deviceType":4,"inverted":true,"overViewport":true,"phase":3,"pixelX":0,"pixelY":0,"pointerX":722.375,"pointerY":509.10546875,"source":0,"timestamp":279792074}
{"coastSample":1,"contentY":548.5951428748583,"endTimestamp":279792074,"flicking":true,"velocity":-1062.1485703656315}
{"coastSample":2,"contentY":529.8007086167801,"endTimestamp":279792074,"flicking":true,"velocity":-1035.1285696570283}
{"coastSample":3,"contentY":505.4980229591837,"endTimestamp":279792074,"flicking":true,"velocity":-999.1019020455383}
{"coastSample":4,"contentY":493.67092013888885,"endTimestamp":279792074,"flicking":true,"velocity":-981.0885682398028}
{"coastSample":5,"contentY":475.38675124057147,"endTimestamp":279792074,"flicking":true,"velocity":-953.3180119559331}
{"coastSample":6,"contentY":458.56477703422223,"endTimestamp":279792074,"flicking":true,"velocity":-925.5474556720837}
{"coastSample":7,"contentY":436.8920381122646,"endTimestamp":279792074,"flicking":true,"velocity":-889.5207880605843}
{"coastSample":8,"contentY":421.2049039356773,"endTimestamp":279792074,"flicking":true,"velocity":-862.5007873519811}
{"coastSample":9,"contentY":406.0041297718451,"endTimestamp":279792074,"flicking":true,"velocity":-835.4807866433589}
{"coastSample":10,"contentY":391.289715620768,"endTimestamp":279792074,"flicking":true,"velocity":-808.4607859347367}
{"coastSample":11,"contentY":376.2854745862465,"endTimestamp":279792074,"flicking":true,"velocity":-779.9396740756587}
{"coastSample":12,"contentY":362.5708004613882,"endTimestamp":279792074,"flicking":true,"velocity":-752.9196733670366}
{"coastSample":13,"contentY":349.3424863492851,"endTimestamp":279792074,"flicking":true,"velocity":-725.8996726584143}
{"coastSample":14,"contentY":332.46129421965543,"endTimestamp":279792074,"flicking":true,"velocity":-689.8730050469245}
{"coastSample":15,"contentY":320.3678201373142,"endTimestamp":279792074,"flicking":true,"velocity":-662.8530043383117}
{"angleX":0,"angleY":0,"contentY":176,"deviceType":4,"inverted":false,"overViewport":true,"phase":1,"pixelX":0,"pixelY":0,"pointerX":722.375,"pointerY":509.10546875,"source":0,"timestamp":279793142}
{"angleX":0,"angleY":0,"contentY":176,"deviceType":4,"inverted":false,"overViewport":true,"phase":1,"pixelX":0,"pixelY":0,"pointerX":722.375,"pointerY":509.10546875,"source":0,"timestamp":279793142}
{"angleX":0,"angleY":26,"contentY":176,"deviceType":4,"inverted":true,"overViewport":true,"phase":2,"pixelX":0,"pixelY":2,"pointerX":722.375,"pointerY":509.10546875,"source":1,"timestamp":279793142}
{"angleX":0,"angleY":24,"contentY":174,"deviceType":4,"inverted":true,"overViewport":true,"phase":2,"pixelX":0,"pixelY":2,"pointerX":722.375,"pointerY":509.10546875,"source":1,"timestamp":279793149}
{"angleX":0,"angleY":20,"contentY":172,"deviceType":4,"inverted":true,"overViewport":true,"phase":2,"pixelX":0,"pixelY":2,"pointerX":722.375,"pointerY":509.10546875,"source":1,"timestamp":279793156}
{"angleX":0,"angleY":24,"contentY":170,"deviceType":4,"inverted":true,"overViewport":true,"phase":2,"pixelX":0,"pixelY":2,"pointerX":722.375,"pointerY":509.10546875,"source":1,"timestamp":279793163}
{"angleX":0,"angleY":18,"contentY":168,"deviceType":4,"inverted":true,"overViewport":true,"phase":2,"pixelX":0,"pixelY":2,"pointerX":722.375,"pointerY":509.10546875,"source":1,"timestamp":279793171}
{"angleX":0,"angleY":22,"contentY":166,"deviceType":4,"inverted":true,"overViewport":true,"phase":2,"pixelX":0,"pixelY":1,"pointerX":722.375,"pointerY":509.10546875,"source":1,"timestamp":279793178}
{"angleX":0,"angleY":22,"contentY":165,"deviceType":4,"inverted":true,"overViewport":true,"phase":2,"pixelX":0,"pixelY":2,"pointerX":722.375,"pointerY":509.10546875,"source":1,"timestamp":279793185}
{"angleX":0,"angleY":14,"contentY":163,"deviceType":4,"inverted":true,"overViewport":true,"phase":2,"pixelX":0,"pixelY":1,"pointerX":722.375,"pointerY":509.10546875,"source":1,"timestamp":279793192}
{"angleX":0,"angleY":20,"contentY":162,"deviceType":4,"inverted":true,"overViewport":true,"phase":2,"pixelX":0,"pixelY":2,"pointerX":722.375,"pointerY":509.10546875,"source":1,"timestamp":279793200}
{"angleX":0,"angleY":18,"contentY":160,"deviceType":4,"inverted":true,"overViewport":true,"phase":2,"pixelX":0,"pixelY":2,"pointerX":722.375,"pointerY":509.10546875,"source":1,"timestamp":279793207}
{"angleX":0,"angleY":10,"contentY":158,"deviceType":4,"inverted":true,"overViewport":true,"phase":2,"pixelX":0,"pixelY":0,"pointerX":722.375,"pointerY":509.10546875,"source":1,"timestamp":279793214}
{"angleX":0,"angleY":8,"contentY":158,"deviceType":4,"inverted":true,"overViewport":true,"phase":2,"pixelX":0,"pixelY":1,"pointerX":722.375,"pointerY":509.10546875,"source":1,"timestamp":279793221}
{"angleX":0,"angleY":10,"contentY":157,"deviceType":4,"inverted":true,"overViewport":true,"phase":2,"pixelX":0,"pixelY":1,"pointerX":722.375,"pointerY":509.10546875,"source":1,"timestamp":279793228}
{"angleX":0,"angleY":8,"contentY":156,"deviceType":4,"inverted":true,"overViewport":true,"phase":2,"pixelX":0,"pixelY":1,"pointerX":722.375,"pointerY":509.10546875,"source":1,"timestamp":279793236}
{"angleX":0,"angleY":4,"contentY":155,"deviceType":4,"inverted":true,"overViewport":true,"phase":2,"pixelX":0,"pixelY":0,"pointerX":722.375,"pointerY":509.10546875,"source":1,"timestamp":279793243}
{"angleX":0,"angleY":2,"contentY":154.6890106732626,"deviceType":4,"inverted":true,"overViewport":true,"phase":2,"pixelX":0,"pixelY":0,"pointerX":722.375,"pointerY":509.10546875,"source":1,"timestamp":279793250}
{"angleX":0,"angleY":6,"contentY":154.2803071244728,"deviceType":4,"inverted":true,"overViewport":true,"phase":2,"pixelX":0,"pixelY":1,"pointerX":722.375,"pointerY":509.10546875,"source":1,"timestamp":279793279}
{"angleX":0,"angleY":10,"contentY":153.2803071244728,"deviceType":4,"inverted":true,"overViewport":true,"phase":2,"pixelX":0,"pixelY":1,"pointerX":722.375,"pointerY":509.10546875,"source":1,"timestamp":279793286}
{"angleX":0,"angleY":12,"contentY":152.2803071244728,"deviceType":4,"inverted":true,"overViewport":true,"phase":2,"pixelX":0,"pixelY":1,"pointerX":722.375,"pointerY":509.10546875,"source":1,"timestamp":279793293}
{"angleX":0,"angleY":10,"contentY":151.2803071244728,"deviceType":4,"inverted":true,"overViewport":true,"phase":2,"pixelX":0,"pixelY":0,"pointerX":722.375,"pointerY":509.10546875,"source":1,"timestamp":279793300}
{"angleX":0,"angleY":14,"contentY":150.50283380762934,"deviceType":4,"inverted":true,"overViewport":true,"phase":2,"pixelX":0,"pixelY":2,"pointerX":722.375,"pointerY":509.10546875,"source":1,"timestamp":279793308}
{"angleX":0,"angleY":14,"contentY":148.50283380762934,"deviceType":4,"inverted":true,"overViewport":true,"phase":2,"pixelX":0,"pixelY":1,"pointerX":722.375,"pointerY":509.10546875,"source":1,"timestamp":279793315}
{"angleX":0,"angleY":10,"contentY":147.50283380762934,"deviceType":4,"inverted":true,"overViewport":true,"phase":2,"pixelX":0,"pixelY":1,"pointerX":722.375,"pointerY":509.10546875,"source":1,"timestamp":279793322}
{"angleX":0,"angleY":8,"contentY":146.50283380762934,"deviceType":4,"inverted":true,"overViewport":true,"phase":2,"pixelX":0,"pixelY":0,"pointerX":722.375,"pointerY":509.10546875,"source":1,"timestamp":279793329}
{"angleX":0,"angleY":12,"contentY":146.50283380762934,"deviceType":4,"inverted":true,"overViewport":true,"phase":2,"pixelX":0,"pixelY":1,"pointerX":722.375,"pointerY":509.10546875,"source":1,"timestamp":279793336}
{"angleX":0,"angleY":6,"contentY":145.50283380762934,"deviceType":4,"inverted":true,"overViewport":true,"phase":2,"pixelX":0,"pixelY":1,"pointerX":722.375,"pointerY":509.10546875,"source":1,"timestamp":279793343}
{"angleX":0,"angleY":6,"contentY":144.50283380762934,"deviceType":4,"inverted":true,"overViewport":true,"phase":2,"pixelX":0,"pixelY":0,"pointerX":722.375,"pointerY":509.10546875,"source":1,"timestamp":279793351}
{"angleX":0,"angleY":6,"contentY":144.50283380762934,"deviceType":4,"inverted":true,"overViewport":true,"phase":2,"pixelX":0,"pixelY":1,"pointerX":722.375,"pointerY":509.10546875,"source":1,"timestamp":279793358}
{"angleX":0,"angleY":4,"contentY":143.50283380762934,"deviceType":4,"inverted":true,"overViewport":true,"phase":2,"pixelX":0,"pixelY":0,"pointerX":722.375,"pointerY":509.10546875,"source":1,"timestamp":279793365}
{"angleX":0,"angleY":4,"contentY":142.92111254732163,"deviceType":4,"inverted":true,"overViewport":true,"phase":2,"pixelX":0,"pixelY":1,"pointerX":722.375,"pointerY":509.10546875,"source":1,"timestamp":279793379}
{"angleX":0,"angleY":2,"contentY":141.92111254732163,"deviceType":4,"inverted":true,"overViewport":true,"phase":2,"pixelX":0,"pixelY":0,"pointerX":722.375,"pointerY":509.10546875,"source":1,"timestamp":279793394}
{"angleX":0,"angleY":2,"contentY":141.40982077933285,"deviceType":4,"inverted":true,"overViewport":true,"phase":2,"pixelX":0,"pixelY":0,"pointerX":722.375,"pointerY":509.10546875,"source":1,"timestamp":279793416}
{"angleX":0,"angleY":8,"contentY":140.33634845354962,"deviceType":4,"inverted":true,"overViewport":true,"phase":2,"pixelX":0,"pixelY":1,"pointerX":722.375,"pointerY":509.10546875,"source":1,"timestamp":279793531}
{"angleX":0,"angleY":6,"contentY":139.33634845354962,"deviceType":4,"inverted":true,"overViewport":true,"phase":2,"pixelX":0,"pixelY":0,"pointerX":722.375,"pointerY":509.10546875,"source":1,"timestamp":279793538}
{"angleX":0,"angleY":6,"contentY":138.86986446344352,"deviceType":4,"inverted":true,"overViewport":true,"phase":2,"pixelX":0,"pixelY":1,"pointerX":722.375,"pointerY":509.10546875,"source":1,"timestamp":279793545}
{"angleX":0,"angleY":4,"contentY":137.86986446344352,"deviceType":4,"inverted":true,"overViewport":true,"phase":2,"pixelX":0,"pixelY":0,"pointerX":722.375,"pointerY":509.10546875,"source":1,"timestamp":279793552}
{"angleX":0,"angleY":2,"contentY":137.05245736586392,"deviceType":4,"inverted":true,"overViewport":true,"phase":2,"pixelX":0,"pixelY":0,"pointerX":722.375,"pointerY":509.10546875,"source":1,"timestamp":279793567}
{"angleX":0,"angleY":2,"contentY":136.306427050787,"deviceType":4,"inverted":true,"overViewport":true,"phase":2,"pixelX":0,"pixelY":0,"pointerX":722.375,"pointerY":509.10546875,"source":1,"timestamp":279793617}
{"angleX":0,"angleY":2,"contentY":135.3666533849448,"deviceType":4,"inverted":true,"overViewport":true,"phase":2,"pixelX":0,"pixelY":0,"pointerX":722.375,"pointerY":509.10546875,"source":1,"timestamp":279793696}
{"angleX":0,"angleY":8,"contentY":135.2111587215761,"deviceType":4,"inverted":true,"overViewport":true,"phase":2,"pixelX":0,"pixelY":1,"pointerX":722.375,"pointerY":509.10546875,"source":1,"timestamp":279793703}
{"angleX":0,"angleY":6,"contentY":134.2111587215761,"deviceType":4,"inverted":true,"overViewport":true,"phase":2,"pixelX":0,"pixelY":1,"pointerX":722.375,"pointerY":509.10546875,"source":1,"timestamp":279793711}
{"angleX":0,"angleY":8,"contentY":133.2111587215761,"deviceType":4,"inverted":true,"overViewport":true,"phase":2,"pixelX":0,"pixelY":0,"pointerX":722.375,"pointerY":509.10546875,"source":1,"timestamp":279793718}
{"angleX":0,"angleY":2,"contentY":132.58918006810134,"deviceType":4,"inverted":true,"overViewport":true,"phase":2,"pixelX":0,"pixelY":0,"pointerX":722.375,"pointerY":509.10546875,"source":1,"timestamp":279793725}
{"angleX":0,"angleY":4,"contentY":132.58918006810134,"deviceType":4,"inverted":true,"overViewport":true,"phase":2,"pixelX":0,"pixelY":1,"pointerX":722.375,"pointerY":509.10546875,"source":1,"timestamp":279793732}
{"angleX":0,"angleY":2,"contentY":131.58918006810134,"deviceType":4,"inverted":true,"overViewport":true,"phase":2,"pixelX":0,"pixelY":0,"pointerX":722.375,"pointerY":509.10546875,"source":1,"timestamp":279793768}
{"angleX":0,"angleY":2,"contentY":131.2983194379475,"deviceType":4,"inverted":true,"overViewport":true,"phase":2,"pixelX":0,"pixelY":0,"pointerX":722.375,"pointerY":509.10546875,"source":1,"timestamp":279793783}
{"angleX":0,"angleY":2,"contentY":130.4420735539531,"deviceType":4,"inverted":true,"overViewport":true,"phase":2,"pixelX":0,"pixelY":0,"pointerX":722.375,"pointerY":509.10546875,"source":1,"timestamp":279793854}
{"angleX":0,"angleY":2,"contentY":130.2865788905844,"deviceType":4,"inverted":true,"overViewport":true,"phase":2,"pixelX":0,"pixelY":0,"pointerX":722.375,"pointerY":509.10546875,"source":1,"timestamp":279793869}
{"angleX":0,"angleY":2,"contentY":130.2865788905844,"deviceType":4,"inverted":true,"overViewport":true,"phase":2,"pixelX":0,"pixelY":1,"pointerX":722.375,"pointerY":509.10546875,"source":1,"timestamp":279793876}
{"angleX":0,"angleY":2,"contentY":129.2865788905844,"deviceType":4,"inverted":true,"overViewport":true,"phase":2,"pixelX":0,"pixelY":0,"pointerX":722.375,"pointerY":509.10546875,"source":1,"timestamp":279793891}
{"angleX":0,"angleY":2,"contentY":129.2865788905844,"deviceType":4,"inverted":true,"overViewport":true,"phase":2,"pixelX":0,"pixelY":0,"pointerX":722.375,"pointerY":509.10546875,"source":1,"timestamp":279793905}
{"angleX":0,"angleY":2,"contentY":128.7752871225956,"deviceType":4,"inverted":true,"overViewport":true,"phase":2,"pixelX":0,"pixelY":0,"pointerX":722.375,"pointerY":509.10546875,"source":1,"timestamp":279793934}
{"angleX":0,"angleY":10,"contentY":128.36658357380583,"deviceType":4,"inverted":true,"overViewport":true,"phase":2,"pixelX":0,"pixelY":1,"pointerX":722.375,"pointerY":509.10546875,"source":1,"timestamp":279793955}
{"angleX":0,"angleY":14,"contentY":127.36658357380583,"deviceType":4,"inverted":true,"overViewport":true,"phase":2,"pixelX":0,"pixelY":1,"pointerX":722.375,"pointerY":509.10546875,"source":1,"timestamp":279793970}
{"angleX":0,"angleY":14,"contentY":126.36658357380583,"deviceType":4,"inverted":true,"overViewport":true,"phase":2,"pixelX":0,"pixelY":1,"pointerX":722.375,"pointerY":509.10546875,"source":1,"timestamp":279793977}
{"angleX":0,"angleY":12,"contentY":125.36658357380583,"deviceType":4,"inverted":true,"overViewport":true,"phase":2,"pixelX":0,"pixelY":1,"pointerX":722.375,"pointerY":509.10546875,"source":1,"timestamp":279793984}
{"angleX":0,"angleY":8,"contentY":124.36658357380583,"deviceType":4,"inverted":true,"overViewport":true,"phase":2,"pixelX":0,"pixelY":1,"pointerX":722.375,"pointerY":509.10546875,"source":1,"timestamp":279793991}
{"angleX":0,"angleY":2,"contentY":123.36658357380583,"deviceType":4,"inverted":true,"overViewport":true,"phase":2,"pixelX":0,"pixelY":0,"pointerX":722.375,"pointerY":509.10546875,"source":1,"timestamp":279793999}
{"angleX":0,"angleY":2,"contentY":123.36658357380583,"deviceType":4,"inverted":true,"overViewport":true,"phase":2,"pixelX":0,"pixelY":0,"pointerX":722.375,"pointerY":509.10546875,"source":1,"timestamp":279794006}
{"angleX":0,"angleY":2,"contentY":122.85529180581705,"deviceType":4,"inverted":true,"overViewport":true,"phase":2,"pixelX":0,"pixelY":1,"pointerX":722.375,"pointerY":509.10546875,"source":1,"timestamp":279794034}
{"angleX":0,"angleY":2,"contentY":121.85529180581705,"deviceType":4,"inverted":true,"overViewport":true,"phase":2,"pixelX":0,"pixelY":0,"pointerX":722.375,"pointerY":509.10546875,"source":1,"timestamp":279794063}
{"angleX":0,"angleY":2,"contentY":121.34400003782827,"deviceType":4,"inverted":true,"overViewport":true,"phase":2,"pixelX":0,"pixelY":0,"pointerX":722.375,"pointerY":509.10546875,"source":1,"timestamp":279794085}
{"angleX":0,"angleY":6,"contentY":121.34400003782827,"deviceType":4,"inverted":true,"overViewport":true,"phase":2,"pixelX":0,"pixelY":0,"pointerX":722.375,"pointerY":509.10546875,"source":1,"timestamp":279794092}
{"angleX":0,"angleY":8,"contentY":121.34400003782827,"deviceType":4,"inverted":true,"overViewport":true,"phase":2,"pixelX":0,"pixelY":1,"pointerX":722.375,"pointerY":509.10546875,"source":1,"timestamp":279794099}
{"angleX":0,"angleY":12,"contentY":120.34400003782827,"deviceType":4,"inverted":true,"overViewport":true,"phase":2,"pixelX":0,"pixelY":1,"pointerX":722.375,"pointerY":509.10546875,"source":1,"timestamp":279794106}
{"angleX":0,"angleY":14,"contentY":119.34400003782827,"deviceType":4,"inverted":true,"overViewport":true,"phase":2,"pixelX":0,"pixelY":1,"pointerX":722.375,"pointerY":509.10546875,"source":1,"timestamp":279794113}
{"angleX":0,"angleY":14,"contentY":118.34400003782827,"deviceType":4,"inverted":true,"overViewport":true,"phase":2,"pixelX":0,"pixelY":1,"pointerX":722.375,"pointerY":509.10546875,"source":1,"timestamp":279794121}
{"angleX":0,"angleY":10,"contentY":117.34400003782827,"deviceType":4,"inverted":true,"overViewport":true,"phase":2,"pixelX":0,"pixelY":1,"pointerX":722.375,"pointerY":509.10546875,"source":1,"timestamp":279794128}
{"angleX":0,"angleY":10,"contentY":116.34400003782827,"deviceType":4,"inverted":true,"overViewport":true,"phase":2,"pixelX":0,"pixelY":1,"pointerX":722.375,"pointerY":509.10546875,"source":1,"timestamp":279794135}
{"angleX":0,"angleY":8,"contentY":115.34400003782827,"deviceType":4,"inverted":true,"overViewport":true,"phase":2,"pixelX":0,"pixelY":1,"pointerX":722.375,"pointerY":509.10546875,"source":1,"timestamp":279794142}
{"angleX":0,"angleY":4,"contentY":114.34400003782827,"deviceType":4,"inverted":true,"overViewport":true,"phase":2,"pixelX":0,"pixelY":0,"pointerX":722.375,"pointerY":509.10546875,"source":1,"timestamp":279794149}
{"angleX":0,"angleY":4,"contentY":114.03301071109088,"deviceType":4,"inverted":true,"overViewport":true,"phase":2,"pixelX":0,"pixelY":1,"pointerX":722.375,"pointerY":509.10546875,"source":1,"timestamp":279794157}
{"angleX":0,"angleY":2,"contentY":113.03301071109088,"deviceType":4,"inverted":true,"overViewport":true,"phase":2,"pixelX":0,"pixelY":0,"pointerX":722.375,"pointerY":509.10546875,"source":1,"timestamp":279794164}
{"angleX":0,"angleY":2,"contentY":113.03301071109088,"deviceType":4,"inverted":true,"overViewport":true,"phase":2,"pixelX":0,"pixelY":0,"pointerX":722.375,"pointerY":509.10546875,"source":1,"timestamp":279794171}
{"angleX":0,"angleY":12,"contentY":112.87751604772218,"deviceType":4,"inverted":true,"overViewport":true,"phase":2,"pixelX":0,"pixelY":1,"pointerX":722.375,"pointerY":509.10546875,"source":1,"timestamp":279794178}
{"angleX":0,"angleY":20,"contentY":111.87751604772218,"deviceType":4,"inverted":true,"overViewport":true,"phase":2,"pixelX":0,"pixelY":2,"pointerX":722.375,"pointerY":509.10546875,"source":1,"timestamp":279794185}
{"angleX":0,"angleY":12,"contentY":109.87751604772218,"deviceType":4,"inverted":true,"overViewport":true,"phase":2,"pixelX":0,"pixelY":1,"pointerX":722.375,"pointerY":509.10546875,"source":1,"timestamp":279794193}
{"angleX":0,"angleY":18,"contentY":108.87751604772218,"deviceType":4,"inverted":true,"overViewport":true,"phase":2,"pixelX":0,"pixelY":1,"pointerX":722.375,"pointerY":509.10546875,"source":1,"timestamp":279794200}
{"angleX":0,"angleY":20,"contentY":107.87751604772218,"deviceType":4,"inverted":true,"overViewport":true,"phase":2,"pixelX":0,"pixelY":2,"pointerX":722.375,"pointerY":509.10546875,"source":1,"timestamp":279794207}
{"angleX":0,"angleY":22,"contentY":105.87751604772218,"deviceType":4,"inverted":true,"overViewport":true,"phase":2,"pixelX":0,"pixelY":2,"pointerX":722.375,"pointerY":509.10546875,"source":1,"timestamp":279794214}
{"angleX":0,"angleY":29,"contentY":103.87751604772218,"deviceType":4,"inverted":true,"overViewport":true,"phase":2,"pixelX":0,"pixelY":2,"pointerX":722.375,"pointerY":509.10546875,"source":1,"timestamp":279794221}
{"angleX":0,"angleY":31,"contentY":101.87751604772218,"deviceType":4,"inverted":true,"overViewport":true,"phase":2,"pixelX":0,"pixelY":3,"pointerX":722.375,"pointerY":509.10546875,"source":1,"timestamp":279794229}
{"angleX":0,"angleY":31,"contentY":98.87751604772218,"deviceType":4,"inverted":true,"overViewport":true,"phase":2,"pixelX":0,"pixelY":2,"pointerX":722.375,"pointerY":509.10546875,"source":1,"timestamp":279794236}
{"angleX":0,"angleY":43,"contentY":96.87751604772218,"deviceType":4,"inverted":true,"overViewport":true,"phase":2,"pixelX":0,"pixelY":4,"pointerX":722.375,"pointerY":509.10546875,"source":1,"timestamp":279794243}
{"angleX":0,"angleY":51,"contentY":92.87751604772218,"deviceType":4,"inverted":true,"overViewport":true,"phase":2,"pixelX":0,"pixelY":4,"pointerX":722.375,"pointerY":509.10546875,"source":1,"timestamp":279794250}
{"angleX":0,"angleY":69,"contentY":88.87751604772218,"deviceType":4,"inverted":true,"overViewport":true,"phase":2,"pixelX":0,"pixelY":6,"pointerX":722.375,"pointerY":509.10546875,"source":1,"timestamp":279794257}
{"angleX":0,"angleY":0,"contentY":82.87751604772218,"deviceType":4,"inverted":true,"overViewport":true,"phase":3,"pixelX":0,"pixelY":0,"pointerX":722.375,"pointerY":509.10546875,"source":0,"timestamp":279794271}
{"angleX":0,"angleY":0,"contentY":83,"deviceType":4,"inverted":true,"overViewport":true,"phase":3,"pixelX":0,"pixelY":0,"pointerX":722.375,"pointerY":509.10546875,"source":0,"timestamp":279794271}
{"coastSample":1,"contentY":69.85222522744037,"endTimestamp":279794271,"flicking":true,"velocity":-530.1204819277127}
{"coastSample":2,"contentY":60.73493975903615,"endTimestamp":279794271,"flicking":true,"velocity":-494.7135480698298}
{"coastSample":3,"contentY":52.25497910007377,"endTimestamp":279794271,"flicking":true,"velocity":-459.3066142119504}
{"coastSample":4,"contentY":46.95574133267766,"endTimestamp":279794271,"flicking":true,"velocity":-435.7019916400281}
{"coastSample":5,"contentY":37.20703221047456,"endTimestamp":279794271,"flicking":true,"velocity":-388.4927464961893}
{"coastSample":6,"contentY":30.29284484878289,"endTimestamp":279794271,"flicking":true,"velocity":-351.1187607573151}
{"coastSample":7,"contentY":24.397590361445793,"endTimestamp":279794271,"flicking":true,"velocity":-315.7118268994357}
{"coastSample":8,"contentY":20.82149004179987,"endTimestamp":279794271,"flicking":true,"velocity":-292.1072043275134}
{"coastSample":9,"contentY":15.98844357019918,"endTimestamp":279794271,"flicking":true,"velocity":-256.700270469634}
{"coastSample":10,"contentY":11.792721908040335,"endTimestamp":279794271,"flicking":true,"velocity":-221.29333661175346}
{"coastSample":11,"contentY":7.0226210966314255,"endTimestamp":279794271,"flicking":true,"velocity":-173.10056552741824}
{"coastSample":12,"contentY":4.349397590361448,"endTimestamp":279794271,"flicking":true,"velocity":-136.71010572903933}
{"coastSample":13,"contentY":2.921317924760274,"endTimestamp":279794271,"flicking":true,"velocity":-113.10548315711817}
{"coastSample":14,"contentY":0.914925006147044,"endTimestamp":279794271,"flicking":true,"velocity":-65.8962380132806}
{"coastSample":15,"contentY":0.15367592820263098,"endTimestamp":279794271,"flicking":true,"velocity":-30.489304155395303}
{"angleX":0,"angleY":0,"contentY":0,"deviceType":4,"inverted":false,"overViewport":true,"phase":1,"pixelX":0,"pixelY":0,"pointerX":722.375,"pointerY":509.10546875,"source":0,"timestamp":279794992}
{"angleX":0,"angleY":0,"contentY":0,"deviceType":4,"inverted":false,"overViewport":true,"phase":1,"pixelX":0,"pixelY":0,"pointerX":722.375,"pointerY":509.10546875,"source":0,"timestamp":279794992}
{"angleX":0,"angleY":-65,"contentY":0,"deviceType":4,"inverted":true,"overViewport":true,"phase":2,"pixelX":0,"pixelY":-5,"pointerX":722.375,"pointerY":509.10546875,"source":1,"timestamp":279794992}
{"angleX":0,"angleY":-69,"contentY":5,"deviceType":4,"inverted":true,"overViewport":true,"phase":2,"pixelX":0,"pixelY":-6,"pointerX":722.375,"pointerY":509.10546875,"source":1,"timestamp":279795000}
{"angleX":0,"angleY":-75,"contentY":11,"deviceType":4,"inverted":true,"overViewport":true,"phase":2,"pixelX":0,"pixelY":-6,"pointerX":722.375,"pointerY":509.10546875,"source":1,"timestamp":279795007}
{"angleX":0,"angleY":-81,"contentY":17,"deviceType":4,"inverted":true,"overViewport":true,"phase":2,"pixelX":0,"pixelY":-7,"pointerX":722.375,"pointerY":509.10546875,"source":1,"timestamp":279795014}
{"angleX":0,"angleY":-88,"contentY":24,"deviceType":4,"inverted":true,"overViewport":true,"phase":2,"pixelX":0,"pixelY":-8,"pointerX":722.375,"pointerY":509.10546875,"source":1,"timestamp":279795021}
{"angleX":0,"angleY":-102,"contentY":32,"deviceType":4,"inverted":true,"overViewport":true,"phase":2,"pixelX":0,"pixelY":-8,"pointerX":722.375,"pointerY":509.10546875,"source":1,"timestamp":279795029}
{"angleX":0,"angleY":-112,"contentY":40,"deviceType":4,"inverted":true,"overViewport":true,"phase":2,"pixelX":0,"pixelY":-9,"pointerX":722.375,"pointerY":509.10546875,"source":1,"timestamp":279795036}
{"angleX":0,"angleY":-118,"contentY":49,"deviceType":4,"inverted":true,"overViewport":true,"phase":2,"pixelX":0,"pixelY":-10,"pointerX":722.375,"pointerY":509.10546875,"source":1,"timestamp":279795043}
{"angleX":0,"angleY":-120,"contentY":59,"deviceType":4,"inverted":true,"overViewport":true,"phase":2,"pixelX":0,"pixelY":-10,"pointerX":722.375,"pointerY":509.10546875,"source":1,"timestamp":279795050}
{"angleX":0,"angleY":-130,"contentY":69,"deviceType":4,"inverted":true,"overViewport":true,"phase":2,"pixelX":0,"pixelY":-11,"pointerX":722.375,"pointerY":509.10546875,"source":1,"timestamp":279795057}
{"angleX":0,"angleY":-132,"contentY":80,"deviceType":4,"inverted":true,"overViewport":true,"phase":2,"pixelX":0,"pixelY":-11,"pointerX":722.375,"pointerY":509.10546875,"source":1,"timestamp":279795065}
{"angleX":0,"angleY":-124,"contentY":91,"deviceType":4,"inverted":true,"overViewport":true,"phase":2,"pixelX":0,"pixelY":-10,"pointerX":722.375,"pointerY":509.10546875,"source":1,"timestamp":279795072}
{"angleX":0,"angleY":-108,"contentY":101,"deviceType":4,"inverted":true,"overViewport":true,"phase":2,"pixelX":0,"pixelY":-9,"pointerX":722.375,"pointerY":509.10546875,"source":1,"timestamp":279795079}
{"angleX":0,"angleY":0,"contentY":110,"deviceType":4,"inverted":true,"overViewport":true,"phase":3,"pixelX":0,"pixelY":0,"pointerX":722.375,"pointerY":509.10546875,"source":0,"timestamp":279795092}
{"angleX":0,"angleY":0,"contentY":110,"deviceType":4,"inverted":true,"overViewport":true,"phase":3,"pixelX":0,"pixelY":0,"pointerX":722.375,"pointerY":509.10546875,"source":0,"timestamp":279795092}
{"coastSample":1,"contentY":135.2303682355474,"endTimestamp":279795092,"flicking":true,"velocity":1392.6928260427474}
{"coastSample":2,"contentY":168.11533817131362,"endTimestamp":279795092,"flicking":true,"velocity":1356.715633425433}
{"coastSample":3,"contentY":185.5675087688343,"endTimestamp":279795092,"flicking":true,"velocity":1337.9775122705796}
{"coastSample":4,"contentY":217.12132257775983,"endTimestamp":279795092,"flicking":true,"velocity":1301.25079480707}
{"coastSample":5,"contentY":247.81168376386975,"endTimestamp":279795092,"flicking":true,"velocity":1265.273602189751}
{"coastSample":6,"contentY":270.2628138697295,"endTimestamp":279795092,"flicking":true,"velocity":1238.290707726776}
{"coastSample":7,"contentY":292.2282518752554,"endTimestamp":279795092,"flicking":true,"velocity":1211.3078132637725}
{"coastSample":8,"contentY":314.887076025325,"endTimestamp":279795092,"flicking":true,"velocity":1183.575393954592}
{"coastSample":9,"contentY":335.8541469357204,"endTimestamp":279795092,"flicking":true,"velocity":1155.8429746454049}
{"coastSample":10,"contentY":363.05472043795066,"endTimestamp":279795092,"flicking":true,"velocity":1119.8657820280953}
{"coastSample":11,"contentY":382.8885097809006,"endTimestamp":279795092,"flicking":true,"velocity":1092.88288756512}
{"coastSample":12,"contentY":395.841207064904,"endTimestamp":279795092,"flicking":true,"velocity":1074.8942912564416}
{"coastSample":13,"contentY":422.13268259051495,"endTimestamp":279795092,"flicking":true,"velocity":1038.167573792943}
{"coastSample":14,"contentY":446.4910578759772,"endTimestamp":279795092,"flicking":true,"velocity":1001.4408563294334}
{"coastSample":15,"contentY":464.1931985563511,"endTimestamp":279795092,"flicking":true,"velocity":974.4579618664488}
{"angleX":0,"angleY":0,"contentY":778,"deviceType":4,"inverted":false,"overViewport":true,"phase":1,"pixelX":0,"pixelY":0,"pointerX":722.375,"pointerY":509.10546875,"source":0,"timestamp":279796376}
{"angleX":0,"angleY":0,"contentY":778,"deviceType":4,"inverted":false,"overViewport":true,"phase":1,"pixelX":0,"pixelY":0,"pointerX":722.375,"pointerY":509.10546875,"source":0,"timestamp":279796376}
{"angleX":0,"angleY":90,"contentY":778,"deviceType":4,"inverted":true,"overViewport":true,"phase":2,"pixelX":0,"pixelY":7,"pointerX":722.375,"pointerY":509.10546875,"source":1,"timestamp":279796376}
{"angleX":0,"angleY":98,"contentY":771,"deviceType":4,"inverted":true,"overViewport":true,"phase":2,"pixelX":0,"pixelY":9,"pointerX":722.375,"pointerY":509.10546875,"source":1,"timestamp":279796384}
{"angleX":0,"angleY":96,"contentY":762,"deviceType":4,"inverted":true,"overViewport":true,"phase":2,"pixelX":0,"pixelY":8,"pointerX":722.375,"pointerY":509.10546875,"source":1,"timestamp":279796391}
{"angleX":0,"angleY":104,"contentY":754,"deviceType":4,"inverted":true,"overViewport":true,"phase":2,"pixelX":0,"pixelY":8,"pointerX":722.375,"pointerY":509.10546875,"source":1,"timestamp":279796398}
{"angleX":0,"angleY":106,"contentY":746,"deviceType":4,"inverted":true,"overViewport":true,"phase":2,"pixelX":0,"pixelY":9,"pointerX":722.375,"pointerY":509.10546875,"source":1,"timestamp":279796405}
{"angleX":0,"angleY":100,"contentY":737,"deviceType":4,"inverted":true,"overViewport":true,"phase":2,"pixelX":0,"pixelY":8,"pointerX":722.375,"pointerY":509.10546875,"source":1,"timestamp":279796412}
{"angleX":0,"angleY":106,"contentY":729,"deviceType":4,"inverted":true,"overViewport":true,"phase":2,"pixelX":0,"pixelY":9,"pointerX":722.375,"pointerY":509.10546875,"source":1,"timestamp":279796419}
{"angleX":0,"angleY":104,"contentY":720,"deviceType":4,"inverted":true,"overViewport":true,"phase":2,"pixelX":0,"pixelY":9,"pointerX":722.375,"pointerY":509.10546875,"source":1,"timestamp":279796427}
{"angleX":0,"angleY":120,"contentY":711,"deviceType":4,"inverted":true,"overViewport":true,"phase":2,"pixelX":0,"pixelY":10,"pointerX":722.375,"pointerY":509.10546875,"source":1,"timestamp":279796434}
{"angleX":0,"angleY":124,"contentY":701,"deviceType":4,"inverted":true,"overViewport":true,"phase":2,"pixelX":0,"pixelY":10,"pointerX":722.375,"pointerY":509.10546875,"source":1,"timestamp":279796441}
{"angleX":0,"angleY":0,"contentY":691,"deviceType":4,"inverted":true,"overViewport":true,"phase":3,"pixelX":0,"pixelY":0,"pointerX":722.375,"pointerY":509.10546875,"source":0,"timestamp":279796447}
{"angleX":0,"angleY":0,"contentY":691,"deviceType":4,"inverted":true,"overViewport":true,"phase":3,"pixelX":0,"pixelY":0,"pointerX":722.375,"pointerY":509.10546875,"source":0,"timestamp":279796447}
{"coastSample":1,"contentY":667.537698201983,"endTimestamp":279796447,"flicking":true,"velocity":-1294.4591611920562}
{"coastSample":2,"contentY":637.0108013219075,"endTimestamp":279796447,"flicking":true,"velocity":-1258.4509619564603}
{"coastSample":3,"contentY":607.3481012234857,"endTimestamp":279796447,"flicking":true,"velocity":-1222.4427627208836}
{"coastSample":4,"contentY":592.8408249673951,"endTimestamp":279796447,"flicking":true,"velocity":-1204.438663103114}
{"coastSample":5,"contentY":571.4850028246593,"endTimestamp":279796447,"flicking":true,"velocity":-1177.4325136764219}
{"coastSample":6,"contentY":549.4701162030759,"endTimestamp":279796447,"flicking":true,"velocity":-1148.9260226149252}
{"coastSample":7,"contentY":529.1135215891273,"endTimestamp":279796447,"flicking":true,"velocity":-1121.9198731882518}
{"coastSample":8,"contentY":509.2430376648591,"endTimestamp":279796447,"flicking":true,"velocity":-1094.9137237615598}
{"coastSample":9,"contentY":483.5052312831153,"endTimestamp":279796447,"flicking":true,"velocity":-1058.9055245259829}
{"coastSample":10,"contentY":458.6316216830252,"endTimestamp":279796447,"flicking":true,"velocity":-1022.8973252904156}
{"coastSample":11,"contentY":445.51924864614966,"endTimestamp":279796447,"flicking":true,"velocity":-1003.3928840378129}
{"coastSample":12,"contentY":427.78225052658934,"endTimestamp":279796447,"flicking":true,"velocity":-976.3867346111207}
{"coastSample":13,"contentY":404.889091884456,"endTimestamp":279796447,"flicking":true,"velocity":-940.3785353755438}
{"coastSample":14,"contentY":382.86013002397647,"endTimestamp":279796447,"flicking":true,"velocity":-904.370336139967}
{"coastSample":15,"contentY":372.16972288685696,"endTimestamp":279796447,"flicking":true,"velocity":-886.366236522188}
{"angleX":0,"angleY":0,"contentY":113,"deviceType":4,"inverted":false,"overViewport":true,"phase":1,"pixelX":0,"pixelY":0,"pointerX":722.375,"pointerY":509.10546875,"source":0,"timestamp":279797637}
{"angleX":0,"angleY":0,"contentY":113,"deviceType":4,"inverted":false,"overViewport":true,"phase":1,"pixelX":0,"pixelY":0,"pointerX":722.375,"pointerY":509.10546875,"source":0,"timestamp":279797637}
{"angleX":0,"angleY":-61,"contentY":113,"deviceType":4,"inverted":true,"overViewport":true,"phase":2,"pixelX":0,"pixelY":-5,"pointerX":722.375,"pointerY":509.10546875,"source":1,"timestamp":279797637}
{"angleX":0,"angleY":-65,"contentY":118,"deviceType":4,"inverted":true,"overViewport":true,"phase":2,"pixelX":0,"pixelY":-6,"pointerX":722.375,"pointerY":509.10546875,"source":1,"timestamp":279797645}
{"angleX":0,"angleY":-69,"contentY":124,"deviceType":4,"inverted":true,"overViewport":true,"phase":2,"pixelX":0,"pixelY":-5,"pointerX":722.375,"pointerY":509.10546875,"source":1,"timestamp":279797652}
{"angleX":0,"angleY":-71,"contentY":129,"deviceType":4,"inverted":true,"overViewport":true,"phase":2,"pixelX":0,"pixelY":-6,"pointerX":722.375,"pointerY":509.10546875,"source":1,"timestamp":279797659}
{"angleX":0,"angleY":-81,"contentY":135,"deviceType":4,"inverted":true,"overViewport":true,"phase":2,"pixelX":0,"pixelY":-7,"pointerX":722.375,"pointerY":509.10546875,"source":1,"timestamp":279797666}
{"angleX":0,"angleY":-81,"contentY":142,"deviceType":4,"inverted":true,"overViewport":true,"phase":2,"pixelX":0,"pixelY":-7,"pointerX":722.375,"pointerY":509.10546875,"source":1,"timestamp":279797673}
{"angleX":0,"angleY":-88,"contentY":149,"deviceType":4,"inverted":true,"overViewport":true,"phase":2,"pixelX":0,"pixelY":-7,"pointerX":722.375,"pointerY":509.10546875,"source":1,"timestamp":279797681}
{"angleX":0,"angleY":-90,"contentY":156,"deviceType":4,"inverted":true,"overViewport":true,"phase":2,"pixelX":0,"pixelY":-8,"pointerX":722.375,"pointerY":509.10546875,"source":1,"timestamp":279797688}
{"angleX":0,"angleY":-83,"contentY":164,"deviceType":4,"inverted":true,"overViewport":true,"phase":2,"pixelX":0,"pixelY":-7,"pointerX":722.375,"pointerY":509.10546875,"source":1,"timestamp":279797695}
{"angleX":0,"angleY":-79,"contentY":171,"deviceType":4,"inverted":true,"overViewport":true,"phase":2,"pixelX":0,"pixelY":-6,"pointerX":722.375,"pointerY":509.10546875,"source":1,"timestamp":279797703}
{"angleX":0,"angleY":-75,"contentY":177,"deviceType":4,"inverted":true,"overViewport":true,"phase":2,"pixelX":0,"pixelY":-6,"pointerX":722.375,"pointerY":509.10546875,"source":1,"timestamp":279797709}
{"angleX":0,"angleY":-65,"contentY":183,"deviceType":4,"inverted":true,"overViewport":true,"phase":2,"pixelX":0,"pixelY":-6,"pointerX":722.375,"pointerY":509.10546875,"source":1,"timestamp":279797717}
{"angleX":0,"angleY":-61,"contentY":189,"deviceType":4,"inverted":true,"overViewport":true,"phase":2,"pixelX":0,"pixelY":-5,"pointerX":722.375,"pointerY":509.10546875,"source":1,"timestamp":279797724}
{"angleX":0,"angleY":-49,"contentY":194,"deviceType":4,"inverted":true,"overViewport":true,"phase":2,"pixelX":0,"pixelY":-4,"pointerX":722.375,"pointerY":509.10546875,"source":1,"timestamp":279797731}
{"angleX":0,"angleY":-43,"contentY":198,"deviceType":4,"inverted":true,"overViewport":true,"phase":2,"pixelX":0,"pixelY":-4,"pointerX":722.375,"pointerY":509.10546875,"source":1,"timestamp":279797738}
{"angleX":0,"angleY":-35,"contentY":202,"deviceType":4,"inverted":true,"overViewport":true,"phase":2,"pixelX":0,"pixelY":-2,"pointerX":722.375,"pointerY":509.10546875,"source":1,"timestamp":279797745}
{"angleX":0,"angleY":-24,"contentY":204,"deviceType":4,"inverted":true,"overViewport":true,"phase":2,"pixelX":0,"pixelY":-3,"pointerX":722.375,"pointerY":509.10546875,"source":1,"timestamp":279797753}
{"angleX":0,"angleY":-18,"contentY":207,"deviceType":4,"inverted":true,"overViewport":true,"phase":2,"pixelX":0,"pixelY":-1,"pointerX":722.375,"pointerY":509.10546875,"source":1,"timestamp":279797760}
{"angleX":0,"angleY":-20,"contentY":208,"deviceType":4,"inverted":true,"overViewport":true,"phase":2,"pixelX":0,"pixelY":-2,"pointerX":722.375,"pointerY":509.10546875,"source":1,"timestamp":279797767}
{"angleX":0,"angleY":-20,"contentY":210,"deviceType":4,"inverted":true,"overViewport":true,"phase":2,"pixelX":0,"pixelY":-1,"pointerX":722.375,"pointerY":509.10546875,"source":1,"timestamp":279797774}
{"angleX":0,"angleY":-20,"contentY":211,"deviceType":4,"inverted":true,"overViewport":true,"phase":2,"pixelX":0,"pixelY":-2,"pointerX":722.375,"pointerY":509.10546875,"source":1,"timestamp":279797782}
{"angleX":0,"angleY":-20,"contentY":213,"deviceType":4,"inverted":true,"overViewport":true,"phase":2,"pixelX":0,"pixelY":-2,"pointerX":722.375,"pointerY":509.10546875,"source":1,"timestamp":279797789}
{"angleX":0,"angleY":-18,"contentY":215,"deviceType":4,"inverted":true,"overViewport":true,"phase":2,"pixelX":0,"pixelY":-1,"pointerX":722.375,"pointerY":509.10546875,"source":1,"timestamp":279797796}
{"angleX":0,"angleY":-16,"contentY":216,"deviceType":4,"inverted":true,"overViewport":true,"phase":2,"pixelX":0,"pixelY":-2,"pointerX":722.375,"pointerY":509.10546875,"source":1,"timestamp":279797803}
{"angleX":0,"angleY":0,"contentY":218,"deviceType":4,"inverted":true,"overViewport":true,"phase":3,"pixelX":0,"pixelY":0,"pointerX":722.375,"pointerY":509.10546875,"source":0,"timestamp":279797809}
{"angleX":0,"angleY":0,"contentY":218,"deviceType":4,"inverted":true,"overViewport":true,"phase":3,"pixelX":0,"pixelY":0,"pointerX":722.375,"pointerY":509.10546875,"source":0,"timestamp":279797809}
{"coastSample":1,"contentY":223.3452604726101,"endTimestamp":279797809,"flicking":true,"velocity":208.95500469924855}
{"coastSample":2,"contentY":227.80961331901182,"endTimestamp":279797809,"flicking":true,"velocity":172.250520273901}
{"coastSample":3,"contentY":229.71144938238453,"endTimestamp":279797809,"flicking":true,"velocity":153.8982780612249}
{"coastSample":4,"contentY":232.8544407894737,"endTimestamp":279797809,"flicking":true,"velocity":117.19379363587734}
{"coastSample":5,"contentY":234.09559613319013,"endTimestamp":279797809,"flicking":true,"velocity":98.84155142320121}
{"coastSample":6,"contentY":235.97401043065253,"endTimestamp":279797809,"flicking":true,"velocity":60.60771348012869}
{"coastSample":7,"contentY":236.8780282877954,"endTimestamp":279797809,"flicking":true,"velocity":23.90322905478115}
{"coastSample":8,"contentY":237,"endTimestamp":279797809,"flicking":false,"velocity":0}
{"coastSample":9,"contentY":237,"endTimestamp":279797809,"flicking":false,"velocity":0}
{"coastSample":10,"contentY":237,"endTimestamp":279797809,"flicking":false,"velocity":0}
{"coastSample":11,"contentY":237,"endTimestamp":279797809,"flicking":false,"velocity":0}
{"coastSample":12,"contentY":237,"endTimestamp":279797809,"flicking":false,"velocity":0}
{"coastSample":13,"contentY":237,"endTimestamp":279797809,"flicking":false,"velocity":0}
{"coastSample":14,"contentY":237,"endTimestamp":279797809,"flicking":false,"velocity":0}
{"coastSample":15,"contentY":237,"endTimestamp":279797809,"flicking":false,"velocity":0}
{"angleX":0,"angleY":0,"contentY":237,"deviceType":4,"inverted":false,"overViewport":true,"phase":1,"pixelX":0,"pixelY":0,"pointerX":722.375,"pointerY":509.10546875,"source":0,"timestamp":279798372}
{"angleX":0,"angleY":0,"contentY":237,"deviceType":4,"inverted":false,"overViewport":true,"phase":1,"pixelX":0,"pixelY":0,"pointerX":722.375,"pointerY":509.10546875,"source":0,"timestamp":279798372}
{"angleX":0,"angleY":-39,"contentY":237,"deviceType":4,"inverted":true,"overViewport":true,"phase":2,"pixelX":0,"pixelY":-3,"pointerX":722.375,"pointerY":509.10546875,"source":1,"timestamp":279798372}
{"angleX":0,"angleY":-33,"contentY":240,"deviceType":4,"inverted":true,"overViewport":true,"phase":2,"pixelX":0,"pixelY":-3,"pointerX":722.375,"pointerY":509.10546875,"source":1,"timestamp":279798380}
{"angleX":0,"angleY":-35,"contentY":243,"deviceType":4,"inverted":true,"overViewport":true,"phase":2,"pixelX":0,"pixelY":-3,"pointerX":722.375,"pointerY":509.10546875,"source":1,"timestamp":279798387}
{"angleX":0,"angleY":-29,"contentY":246,"deviceType":4,"inverted":true,"overViewport":true,"phase":2,"pixelX":0,"pixelY":-2,"pointerX":722.375,"pointerY":509.10546875,"source":1,"timestamp":279798394}
{"angleX":0,"angleY":-26,"contentY":248,"deviceType":4,"inverted":true,"overViewport":true,"phase":2,"pixelX":0,"pixelY":-2,"pointerX":722.375,"pointerY":509.10546875,"source":1,"timestamp":279798401}
{"angleX":0,"angleY":-20,"contentY":250,"deviceType":4,"inverted":true,"overViewport":true,"phase":2,"pixelX":0,"pixelY":-2,"pointerX":722.375,"pointerY":509.10546875,"source":1,"timestamp":279798408}
{"angleX":0,"angleY":-16,"contentY":252,"deviceType":4,"inverted":true,"overViewport":true,"phase":2,"pixelX":0,"pixelY":-1,"pointerX":722.375,"pointerY":509.10546875,"source":1,"timestamp":279798416}
{"angleX":0,"angleY":-12,"contentY":253,"deviceType":4,"inverted":true,"overViewport":true,"phase":2,"pixelX":0,"pixelY":-1,"pointerX":722.375,"pointerY":509.10546875,"source":1,"timestamp":279798423}
{"angleX":0,"angleY":-6,"contentY":254,"deviceType":4,"inverted":true,"overViewport":true,"phase":2,"pixelX":0,"pixelY":-1,"pointerX":722.375,"pointerY":509.10546875,"source":1,"timestamp":279798430}
{"angleX":0,"angleY":-4,"contentY":255,"deviceType":4,"inverted":true,"overViewport":true,"phase":2,"pixelX":0,"pixelY":0,"pointerX":722.375,"pointerY":509.10546875,"source":1,"timestamp":279798437}
{"angleX":0,"angleY":-8,"contentY":255.3109893267374,"deviceType":4,"inverted":true,"overViewport":true,"phase":2,"pixelX":0,"pixelY":-1,"pointerX":722.375,"pointerY":509.10546875,"source":1,"timestamp":279798444}
{"angleX":0,"angleY":-2,"contentY":256.3109893267374,"deviceType":4,"inverted":true,"overViewport":true,"phase":2,"pixelX":0,"pixelY":0,"pointerX":722.375,"pointerY":509.10546875,"source":1,"timestamp":279798451}
{"angleX":0,"angleY":-8,"contentY":256.4664839901061,"deviceType":4,"inverted":true,"overViewport":true,"phase":2,"pixelX":0,"pixelY":-1,"pointerX":722.375,"pointerY":509.10546875,"source":1,"timestamp":279798459}
{"angleX":0,"angleY":-8,"contentY":257.4664839901061,"deviceType":4,"inverted":true,"overViewport":true,"phase":2,"pixelX":0,"pixelY":-1,"pointerX":722.375,"pointerY":509.10546875,"source":1,"timestamp":279798466}
{"angleX":0,"angleY":-10,"contentY":258.4664839901061,"deviceType":4,"inverted":true,"overViewport":true,"phase":2,"pixelX":0,"pixelY":0,"pointerX":722.375,"pointerY":509.10546875,"source":1,"timestamp":279798473}
{"angleX":0,"angleY":0,"contentY":259.2439573069496,"deviceType":4,"inverted":true,"overViewport":true,"phase":3,"pixelX":0,"pixelY":0,"pointerX":722.375,"pointerY":509.10546875,"source":0,"timestamp":279798486}
{"angleX":0,"angleY":0,"contentY":259,"deviceType":4,"inverted":true,"overViewport":true,"phase":3,"pixelX":0,"pixelY":0,"pointerX":722.375,"pointerY":509.10546875,"source":0,"timestamp":279798486}
{"coastSample":1,"contentY":261.86176658163265,"endTimestamp":279798486,"flicking":true,"velocity":104.87583705357413}
{"coastSample":2,"contentY":263.8042091836735,"endTimestamp":279798486,"flicking":true,"velocity":66.57067123724876}
{"coastSample":3,"contentY":264.4306839923469,"endTimestamp":279798486,"flicking":true,"velocity":47.4180883290766}
{"coastSample":4,"contentY":264.994140625,"endTimestamp":279798486,"flicking":true,"velocity":9.112922512751235}
{"coastSample":5,"contentY":265,"endTimestamp":279798486,"flicking":false,"velocity":0}
{"coastSample":6,"contentY":265,"endTimestamp":279798486,"flicking":false,"velocity":0}
{"coastSample":7,"contentY":265,"endTimestamp":279798486,"flicking":false,"velocity":0}
{"coastSample":8,"contentY":265,"endTimestamp":279798486,"flicking":false,"velocity":0}
{"coastSample":9,"contentY":265,"endTimestamp":279798486,"flicking":false,"velocity":0}
{"coastSample":10,"contentY":265,"endTimestamp":279798486,"flicking":false,"velocity":0}
{"coastSample":11,"contentY":265,"endTimestamp":279798486,"flicking":false,"velocity":0}
{"coastSample":12,"contentY":265,"endTimestamp":279798486,"flicking":false,"velocity":0}
{"coastSample":13,"contentY":265,"endTimestamp":279798486,"flicking":false,"velocity":0}
{"coastSample":14,"contentY":265,"endTimestamp":279798486,"flicking":false,"velocity":0}
{"coastSample":15,"contentY":265,"endTimestamp":279798486,"flicking":false,"velocity":0}
{"angleX":0,"angleY":0,"contentY":265,"deviceType":4,"inverted":false,"overViewport":true,"phase":1,"pixelX":0,"pixelY":0,"pointerX":722.375,"pointerY":509.10546875,"source":0,"timestamp":279798848}
{"angleX":0,"angleY":0,"contentY":265,"deviceType":4,"inverted":false,"overViewport":true,"phase":1,"pixelX":0,"pixelY":0,"pointerX":722.375,"pointerY":509.10546875,"source":0,"timestamp":279798848}
{"angleX":0,"angleY":-202,"contentY":265,"deviceType":4,"inverted":true,"overViewport":true,"phase":2,"pixelX":0,"pixelY":-17,"pointerX":722.375,"pointerY":509.10546875,"source":1,"timestamp":279798848}
{"angleX":0,"angleY":-263,"contentY":282,"deviceType":4,"inverted":true,"overViewport":true,"phase":2,"pixelX":0,"pixelY":-22,"pointerX":722.375,"pointerY":509.10546875,"source":1,"timestamp":279798855}
{"angleX":0,"angleY":-310,"contentY":304,"deviceType":4,"inverted":true,"overViewport":true,"phase":2,"pixelX":0,"pixelY":-25,"pointerX":722.375,"pointerY":509.10546875,"source":1,"timestamp":279798862}
{"angleX":0,"angleY":0,"contentY":329,"deviceType":4,"inverted":true,"overViewport":true,"phase":3,"pixelX":0,"pixelY":0,"pointerX":722.375,"pointerY":509.10546875,"source":0,"timestamp":279798876}
{"angleX":0,"angleY":0,"contentY":329,"deviceType":4,"inverted":true,"overViewport":true,"phase":3,"pixelX":0,"pixelY":0,"pointerX":722.375,"pointerY":509.10546875,"source":0,"timestamp":279798876}
{"coastSample":1,"contentY":424.5072182877258,"endTimestamp":279798876,"flicking":true,"velocity":3044.718811549264}
{"coastSample":2,"contentY":493.4148158236601,"endTimestamp":279798876,"flicking":true,"velocity":2767.008548799405}
{"coastSample":3,"contentY":540.7215773373003,"endTimestamp":279798876,"flicking":true,"velocity":2558.7258517369946}
{"coastSample":4,"contentY":555.6573670535976,"endTimestamp":279798876,"flicking":true,"velocity":2489.298286049537}
{"coastSample":5,"contentY":570.17659137577,"endTimestamp":279798876,"flicking":true,"velocity":2419.8707203620793}
{"coastSample":6,"contentY":613.4059605875204,"endTimestamp":279798876,"flicking":true,"velocity":2205.802392825717}
{"coastSample":7,"contentY":662.0407089427147,"endTimestamp":279798876,"flicking":true,"velocity":1922.3064996018973}
{"coastSample":8,"contentY":694.1428335707999,"endTimestamp":279798876,"flicking":true,"velocity":1714.0238025394865}
{"coastSample":9,"contentY":713.4614230188995,"endTimestamp":279798876,"flicking":true,"velocity":1575.1686711645525}
{"coastSample":10,"contentY":739.3150667351129,"endTimestamp":279798876,"flicking":true,"velocity":1366.8859741021417}
{"coastSample":11,"contentY":767.954676172317,"endTimestamp":279798876,"flicking":true,"velocity":1089.1757113523113}
{"coastSample":12,"contentY":790.7002053388092,"endTimestamp":279798876,"flicking":true,"velocity":799.8941876545587}
{"coastSample":13,"contentY":799.0492394082889,"endTimestamp":279798876,"flicking":true,"velocity":661.0390562795866}
{"coastSample":14,"contentY":808.4485500565729,"endTimestamp":279798876,"flicking":true,"velocity":452.75635921719487}
{"coastSample":15,"contentY":815.1490487365378,"endTimestamp":279798876,"flicking":true,"velocity":175.04609646734556}
{"angleX":0,"angleY":0,"contentY":816,"deviceType":4,"inverted":false,"overViewport":true,"phase":1,"pixelX":0,"pixelY":0,"pointerX":724.6640625,"pointerY":577.22265625,"source":0,"timestamp":279800059}
{"angleX":0,"angleY":0,"contentY":816,"deviceType":4,"inverted":false,"overViewport":true,"phase":1,"pixelX":0,"pixelY":0,"pointerX":724.6640625,"pointerY":577.22265625,"source":0,"timestamp":279800059}
{"angleX":0,"angleY":295,"contentY":816,"deviceType":4,"inverted":true,"overViewport":true,"phase":2,"pixelX":0,"pixelY":25,"pointerX":724.6640625,"pointerY":577.22265625,"source":1,"timestamp":279800059}
{"angleX":0,"angleY":375,"contentY":791,"deviceType":4,"inverted":true,"overViewport":true,"phase":2,"pixelX":0,"pixelY":31,"pointerX":724.6640625,"pointerY":577.22265625,"source":1,"timestamp":279800066}
{"angleX":0,"angleY":430,"contentY":760,"deviceType":4,"inverted":true,"overViewport":true,"phase":2,"pixelX":0,"pixelY":36,"pointerX":724.6640625,"pointerY":577.22265625,"source":1,"timestamp":279800073}
{"angleX":0,"angleY":454,"contentY":724,"deviceType":4,"inverted":true,"overViewport":true,"phase":2,"pixelX":0,"pixelY":37,"pointerX":724.6640625,"pointerY":577.22265625,"source":1,"timestamp":279800080}
{"angleX":0,"angleY":481,"contentY":687,"deviceType":4,"inverted":true,"overViewport":true,"phase":2,"pixelX":0,"pixelY":41,"pointerX":724.6640625,"pointerY":577.22265625,"source":1,"timestamp":279800088}
{"angleX":0,"angleY":487,"contentY":646,"deviceType":4,"inverted":true,"overViewport":true,"phase":2,"pixelX":0,"pixelY":40,"pointerX":724.6640625,"pointerY":577.22265625,"source":1,"timestamp":279800095}
{"angleX":0,"angleY":460,"contentY":606,"deviceType":4,"inverted":true,"overViewport":true,"phase":2,"pixelX":0,"pixelY":38,"pointerX":724.6640625,"pointerY":577.22265625,"source":1,"timestamp":279800102}
{"angleX":0,"angleY":0,"contentY":568,"deviceType":4,"inverted":true,"overViewport":true,"phase":3,"pixelX":0,"pixelY":0,"pointerX":724.6640625,"pointerY":577.22265625,"source":0,"timestamp":279800108}
{"angleX":0,"angleY":0,"contentY":568,"deviceType":4,"inverted":true,"overViewport":true,"phase":3,"pixelX":0,"pixelY":0,"pointerX":724.6640625,"pointerY":577.22265625,"source":0,"timestamp":279800108}
{"coastSample":1,"contentY":446.03950095663265,"endTimestamp":279800108,"flicking":true,"velocity":-4851.658412388399}
{"coastSample":2,"contentY":364.2303466796875,"endTimestamp":279800108,"flicking":true,"velocity":-4391.600316884573}
{"coastSample":3,"contentY":314.2914914500957,"endTimestamp":279800108,"flicking":true,"velocity":-4084.894919882023}
{"coastSample":4,"contentY":225.45517528300383,"endTimestamp":279800108,"flicking":true,"velocity":-3471.4841258769225}
{"coastSample":5,"contentY":168.48915816326536,"endTimestamp":279800108,"flicking":true,"velocity":-3011.4260303730775}
{"coastSample":6,"contentY":117.34227456851886,"endTimestamp":279800108,"flicking":true,"velocity":-2525.8091517857033}
{"coastSample":7,"contentY":103.10753584881218,"endTimestamp":279800108,"flicking":true,"velocity":-2372.4564532844474}
{"coastSample":8,"contentY":55.36974288006218,"endTimestamp":279800108,"flicking":true,"velocity":-1759.0456592793278}
{"coastSample":9,"contentY":22.35380896743459,"endTimestamp":279800108,"flicking":true,"velocity":-1145.6348652742463}
{"coastSample":10,"contentY":7.253078538544287,"endTimestamp":279800108,"flicking":true,"velocity":-685.5767697704209}
{"coastSample":11,"contentY":0.2973308952488196,"endTimestamp":279800108,"flicking":true,"velocity":-212.73928272478315}
{"coastSample":12,"contentY":0,"endTimestamp":279800108,"flicking":false,"velocity":0}
{"coastSample":13,"contentY":0,"endTimestamp":279800108,"flicking":false,"velocity":0}
{"coastSample":14,"contentY":0,"endTimestamp":279800108,"flicking":false,"velocity":0}
{"coastSample":15,"contentY":0,"endTimestamp":279800108,"flicking":false,"velocity":0}
{"angleX":0,"angleY":0,"contentY":0,"deviceType":4,"inverted":false,"overViewport":true,"phase":1,"pixelX":0,"pixelY":0,"pointerX":724.6640625,"pointerY":577.22265625,"source":0,"timestamp":279800693}
{"angleX":0,"angleY":0,"contentY":0,"deviceType":4,"inverted":false,"overViewport":true,"phase":1,"pixelX":0,"pixelY":0,"pointerX":724.6640625,"pointerY":577.22265625,"source":0,"timestamp":279800693}
{"angleX":0,"angleY":-208,"contentY":0,"deviceType":4,"inverted":true,"overViewport":true,"phase":2,"pixelX":0,"pixelY":-17,"pointerX":724.6640625,"pointerY":577.22265625,"source":1,"timestamp":279800693}
{"angleX":0,"angleY":-222,"contentY":17,"deviceType":4,"inverted":true,"overViewport":true,"phase":2,"pixelX":0,"pixelY":-19,"pointerX":724.6640625,"pointerY":577.22265625,"source":1,"timestamp":279800701}
{"angleX":0,"angleY":-218,"contentY":36,"deviceType":4,"inverted":true,"overViewport":true,"phase":2,"pixelX":0,"pixelY":-18,"pointerX":724.6640625,"pointerY":577.22265625,"source":1,"timestamp":279800708}
{"angleX":0,"angleY":-224,"contentY":54,"deviceType":4,"inverted":true,"overViewport":true,"phase":2,"pixelX":0,"pixelY":-19,"pointerX":724.6640625,"pointerY":577.22265625,"source":1,"timestamp":279800715}
{"angleX":0,"angleY":-234,"contentY":73,"deviceType":4,"inverted":true,"overViewport":true,"phase":2,"pixelX":0,"pixelY":-19,"pointerX":724.6640625,"pointerY":577.22265625,"source":1,"timestamp":279800722}
{"angleX":0,"angleY":-240,"contentY":92,"deviceType":4,"inverted":true,"overViewport":true,"phase":2,"pixelX":0,"pixelY":-20,"pointerX":724.6640625,"pointerY":577.22265625,"source":1,"timestamp":279800729}
{"angleX":0,"angleY":-265,"contentY":112,"deviceType":4,"inverted":true,"overViewport":true,"phase":2,"pixelX":0,"pixelY":-22,"pointerX":724.6640625,"pointerY":577.22265625,"source":1,"timestamp":279800737}
{"angleX":0,"angleY":-271,"contentY":134,"deviceType":4,"inverted":true,"overViewport":true,"phase":2,"pixelX":0,"pixelY":-23,"pointerX":724.6640625,"pointerY":577.22265625,"source":1,"timestamp":279800744}
{"angleX":0,"angleY":-291,"contentY":157,"deviceType":4,"inverted":true,"overViewport":true,"phase":2,"pixelX":0,"pixelY":-24,"pointerX":724.6640625,"pointerY":577.22265625,"source":1,"timestamp":279800751}
{"angleX":0,"angleY":-279,"contentY":181,"deviceType":4,"inverted":true,"overViewport":true,"phase":2,"pixelX":0,"pixelY":-23,"pointerX":724.6640625,"pointerY":577.22265625,"source":1,"timestamp":279800758}
{"angleX":0,"angleY":-273,"contentY":204,"deviceType":4,"inverted":true,"overViewport":true,"phase":2,"pixelX":0,"pixelY":-23,"pointerX":724.6640625,"pointerY":577.22265625,"source":1,"timestamp":279800765}
{"angleX":0,"angleY":-265,"contentY":227,"deviceType":4,"inverted":true,"overViewport":true,"phase":2,"pixelX":0,"pixelY":-22,"pointerX":724.6640625,"pointerY":577.22265625,"source":1,"timestamp":279800773}
{"angleX":0,"angleY":0,"contentY":249,"deviceType":4,"inverted":true,"overViewport":true,"phase":3,"pixelX":0,"pixelY":0,"pointerX":724.6640625,"pointerY":577.22265625,"source":0,"timestamp":279800793}
{"angleX":0,"angleY":0,"contentY":249,"deviceType":4,"inverted":true,"overViewport":true,"phase":3,"pixelX":0,"pixelY":0,"pointerX":724.6640625,"pointerY":577.22265625,"source":0,"timestamp":279800793}
{"coastSample":1,"contentY":304.92354910714283,"endTimestamp":279800793,"flicking":true,"velocity":3053.106398809518}
{"coastSample":2,"contentY":374.97265625,"endTimestamp":279800793,"flicking":true,"velocity":2838.076636904759}
{"coastSample":3,"contentY":408.0619419642857,"endTimestamp":279800793,"flicking":true,"velocity":2730.5617559523794}
{"coastSample":4,"contentY":472.8541511656746,"endTimestamp":279800793,"flicking":true,"velocity":2511.052207341273}
{"coastSample":5,"contentY":529.7864428323412,"endTimestamp":279800793,"flicking":true,"velocity":2291.5426587301604}
{"coastSample":6,"contentY":569.0989428323412,"endTimestamp":279800793,"flicking":true,"velocity":2130.2703373015675}
{"coastSample":7,"contentY":605.508541046627,"endTimestamp":279800793,"flicking":true,"velocity":1968.9980158730123}
{"coastSample":8,"contentY":628.1688833085318,"endTimestamp":279800793,"flicking":true,"velocity":1861.4831349206422}
{"coastSample":9,"contentY":669.6190321180555,"endTimestamp":279800793,"flicking":true,"velocity":1646.453373015883}
{"coastSample":10,"contentY":698.7737475198412,"endTimestamp":279800793,"flicking":true,"velocity":1476.2214781745988}
{"coastSample":11,"contentY":730.9776165674602,"endTimestamp":279800793,"flicking":true,"velocity":1261.1917162698394}
{"coastSample":12,"contentY":751.7437996031746,"endTimestamp":279800793,"flicking":true,"velocity":1099.9193948412653}
{"coastSample":13,"contentY":769.6070808531746,"endTimestamp":279800793,"flicking":true,"velocity":938.6470734127101}
{"coastSample":14,"contentY":784.5674603174604,"endTimestamp":279800793,"flicking":true,"velocity":777.374751984155}
{"coastSample":15,"contentY":800.5299944196429,"endTimestamp":279800793,"flicking":true,"velocity":553.3854166666856}
{"angleX":0,"angleY":0,"contentY":816,"deviceType":4,"inverted":false,"overViewport":true,"phase":1,"pixelX":0,"pixelY":0,"pointerX":724.6640625,"pointerY":577.22265625,"source":0,"timestamp":279801248}
{"angleX":0,"angleY":0,"contentY":816,"deviceType":4,"inverted":false,"overViewport":true,"phase":1,"pixelX":0,"pixelY":0,"pointerX":724.6640625,"pointerY":577.22265625,"source":0,"timestamp":279801248}
{"angleX":0,"angleY":167,"contentY":816,"deviceType":4,"inverted":true,"overViewport":true,"phase":2,"pixelX":0,"pixelY":14,"pointerX":724.6640625,"pointerY":577.22265625,"source":1,"timestamp":279801248}
{"angleX":0,"angleY":204,"contentY":802,"deviceType":4,"inverted":true,"overViewport":true,"phase":2,"pixelX":0,"pixelY":17,"pointerX":724.6640625,"pointerY":577.22265625,"source":1,"timestamp":279801255}
{"angleX":0,"angleY":232,"contentY":785,"deviceType":4,"inverted":true,"overViewport":true,"phase":2,"pixelX":0,"pixelY":19,"pointerX":724.6640625,"pointerY":577.22265625,"source":1,"timestamp":279801263}
{"angleX":0,"angleY":261,"contentY":766,"deviceType":4,"inverted":true,"overViewport":true,"phase":2,"pixelX":0,"pixelY":22,"pointerX":724.6640625,"pointerY":577.22265625,"source":1,"timestamp":279801270}
{"angleX":0,"angleY":277,"contentY":744,"deviceType":4,"inverted":true,"overViewport":true,"phase":2,"pixelX":0,"pixelY":23,"pointerX":724.6640625,"pointerY":577.22265625,"source":1,"timestamp":279801277}
{"angleX":0,"angleY":314,"contentY":721,"deviceType":4,"inverted":true,"overViewport":true,"phase":2,"pixelX":0,"pixelY":26,"pointerX":724.6640625,"pointerY":577.22265625,"source":1,"timestamp":279801284}
{"angleX":0,"angleY":350,"contentY":695,"deviceType":4,"inverted":true,"overViewport":true,"phase":2,"pixelX":0,"pixelY":29,"pointerX":724.6640625,"pointerY":577.22265625,"source":1,"timestamp":279801291}
{"angleX":0,"angleY":371,"contentY":666,"deviceType":4,"inverted":true,"overViewport":true,"phase":2,"pixelX":0,"pixelY":31,"pointerX":724.6640625,"pointerY":577.22265625,"source":1,"timestamp":279801298}
{"angleX":0,"angleY":377,"contentY":635,"deviceType":4,"inverted":true,"overViewport":true,"phase":2,"pixelX":0,"pixelY":32,"pointerX":724.6640625,"pointerY":577.22265625,"source":1,"timestamp":279801306}
{"angleX":0,"angleY":387,"contentY":603,"deviceType":4,"inverted":true,"overViewport":true,"phase":2,"pixelX":0,"pixelY":32,"pointerX":724.6640625,"pointerY":577.22265625,"source":1,"timestamp":279801313}
{"angleX":0,"angleY":0,"contentY":571,"deviceType":4,"inverted":true,"overViewport":true,"phase":3,"pixelX":0,"pixelY":0,"pointerX":724.6640625,"pointerY":577.22265625,"source":0,"timestamp":279801355}
{"angleX":0,"angleY":0,"contentY":571,"deviceType":4,"inverted":true,"overViewport":true,"phase":3,"pixelX":0,"pixelY":0,"pointerX":724.6640625,"pointerY":577.22265625,"source":0,"timestamp":279801355}
{"coastSample":1,"contentY":449.6661424639908,"endTimestamp":279801355,"flicking":true,"velocity":-3851.4600235891216}
{"coastSample":2,"contentY":363.0211587261875,"endTimestamp":279801355,"flicking":true,"velocity":-3465.4562350334095}
{"coastSample":3,"contentY":304.11698059258725,"endTimestamp":279801355,"flicking":true,"velocity":-3175.9533936166426}
{"coastSample":4,"contentY":233.68415597412337,"endTimestamp":279801355,"flicking":true,"velocity":-2789.949605060949}
{"coastSample":5,"contentY":184.494942635548,"endTimestamp":279801355,"flicking":true,"velocity":-2484.3632724543454}
{"coastSample":6,"contentY":156.41960041459663,"endTimestamp":279801355,"flicking":true,"velocity":-2291.3613781764752}
{"coastSample":7,"contentY":107.21698416669642,"endTimestamp":279801355,"flicking":true,"velocity":-1905.357589620792}
{"coastSample":8,"contentY":67.27845884413307,"endTimestamp":279801355,"flicking":true,"velocity":-1519.3538010650702}
{"coastSample":9,"contentY":43.4041245219629,"endTimestamp":279801355,"flicking":true,"velocity":-1229.8509596482934}
{"coastSample":10,"contentY":23.85678544622749,"endTimestamp":279801355,"flicking":true,"velocity":-924.2646270417177}
{"coastSample":11,"contentY":14.502626970227539,"endTimestamp":279801355,"flicking":true,"velocity":-731.2627327638666}
{"coastSample":12,"contentY":4.8139318774793765,"endTimestamp":279801355,"flicking":true,"velocity":-441.75989134710863}
{"coastSample":13,"contentY":0.33628793023331127,"endTimestamp":279801355,"flicking":true,"velocity":-152.25704993031286}
{"coastSample":14,"contentY":0,"endTimestamp":279801355,"flicking":false,"velocity":0}
{"coastSample":15,"contentY":0,"endTimestamp":279801355,"flicking":false,"velocity":0}
{"angleX":0,"angleY":0,"contentY":0,"deviceType":4,"inverted":false,"overViewport":true,"phase":1,"pixelX":0,"pixelY":0,"pointerX":724.6640625,"pointerY":577.22265625,"source":0,"timestamp":279801832}
{"angleX":0,"angleY":0,"contentY":0,"deviceType":4,"inverted":false,"overViewport":true,"phase":1,"pixelX":0,"pixelY":0,"pointerX":724.6640625,"pointerY":577.22265625,"source":0,"timestamp":279801832}
{"angleX":0,"angleY":-238,"contentY":0,"deviceType":4,"inverted":true,"overViewport":true,"phase":2,"pixelX":0,"pixelY":-20,"pointerX":724.6640625,"pointerY":577.22265625,"source":1,"timestamp":279801832}
{"angleX":0,"angleY":-277,"contentY":20,"deviceType":4,"inverted":true,"overViewport":true,"phase":2,"pixelX":0,"pixelY":-23,"pointerX":724.6640625,"pointerY":577.22265625,"source":1,"timestamp":279801839}
{"angleX":0,"angleY":-293,"contentY":43,"deviceType":4,"inverted":true,"overViewport":true,"phase":2,"pixelX":0,"pixelY":-24,"pointerX":724.6640625,"pointerY":577.22265625,"source":1,"timestamp":279801846}
{"angleX":0,"angleY":-308,"contentY":67,"deviceType":4,"inverted":true,"overViewport":true,"phase":2,"pixelX":0,"pixelY":-26,"pointerX":724.6640625,"pointerY":577.22265625,"source":1,"timestamp":279801853}
{"angleX":0,"angleY":-320,"contentY":93,"deviceType":4,"inverted":true,"overViewport":true,"phase":2,"pixelX":0,"pixelY":-27,"pointerX":724.6640625,"pointerY":577.22265625,"source":1,"timestamp":279801861}
{"angleX":0,"angleY":-332,"contentY":120,"deviceType":4,"inverted":true,"overViewport":true,"phase":2,"pixelX":0,"pixelY":-27,"pointerX":724.6640625,"pointerY":577.22265625,"source":1,"timestamp":279801868}
{"angleX":0,"angleY":-336,"contentY":147,"deviceType":4,"inverted":true,"overViewport":true,"phase":2,"pixelX":0,"pixelY":-28,"pointerX":724.6640625,"pointerY":577.22265625,"source":1,"timestamp":279801875}
{"angleX":0,"angleY":-348,"contentY":175,"deviceType":4,"inverted":true,"overViewport":true,"phase":2,"pixelX":0,"pixelY":-29,"pointerX":724.6640625,"pointerY":577.22265625,"source":1,"timestamp":279801882}
{"angleX":0,"angleY":-342,"contentY":204,"deviceType":4,"inverted":true,"overViewport":true,"phase":2,"pixelX":0,"pixelY":-29,"pointerX":724.6640625,"pointerY":577.22265625,"source":1,"timestamp":279801889}
{"angleX":0,"angleY":-354,"contentY":233,"deviceType":4,"inverted":true,"overViewport":true,"phase":2,"pixelX":0,"pixelY":-29,"pointerX":724.6640625,"pointerY":577.22265625,"source":1,"timestamp":279801897}
{"angleX":0,"angleY":-354,"contentY":262,"deviceType":4,"inverted":true,"overViewport":true,"phase":2,"pixelX":0,"pixelY":-30,"pointerX":724.6640625,"pointerY":577.22265625,"source":1,"timestamp":279801904}
{"angleX":0,"angleY":0,"contentY":292,"deviceType":4,"inverted":true,"overViewport":true,"phase":3,"pixelX":0,"pixelY":0,"pointerX":724.6640625,"pointerY":577.22265625,"source":0,"timestamp":279801917}
{"angleX":0,"angleY":0,"contentY":292,"deviceType":4,"inverted":true,"overViewport":true,"phase":3,"pixelX":0,"pixelY":0,"pointerX":724.6640625,"pointerY":577.22265625,"source":0,"timestamp":279801917}
{"coastSample":1,"contentY":406.4332611421537,"endTimestamp":279801917,"flicking":true,"velocity":3626.7099542435135}
{"coastSample":2,"contentY":487.8423375291493,"endTimestamp":279801917,"flicking":true,"velocity":3251.245786586935}
{"coastSample":3,"contentY":525.167698213738,"endTimestamp":279801917,"flicking":true,"velocity":3063.513702758655}
{"coastSample":4,"contentY":576.9317673544848,"endTimestamp":279801917,"flicking":true,"velocity":2781.9155770162447}
{"coastSample":5,"contentY":640.4174749062689,"endTimestamp":279801917,"flicking":true,"velocity":2390.8070690406475}
{"coastSample":6,"contentY":692.1648820483958,"endTimestamp":279801917,"flicking":true,"velocity":2015.3429013840878}
{"coastSample":7,"contentY":714.6594081105501,"endTimestamp":279801917,"flicking":true,"velocity":1827.610817555789}
{"coastSample":8,"contentY":744.1772253176453,"endTimestamp":279801917,"flicking":true,"velocity":1546.0126918133785}
{"coastSample":9,"contentY":775.6495674063176,"endTimestamp":279801917,"flicking":true,"velocity":1170.5485241568188}
{"coastSample":10,"contentY":794.1744585395286,"endTimestamp":279801917,"flicking":true,"velocity":881.1282282548518}
{"coastSample":11,"contentY":802.9645424822183,"endTimestamp":279801917,"flicking":true,"velocity":685.5739742670721}
{"coastSample":12,"contentY":813.7863553497793,"endTimestamp":279801917,"flicking":true,"velocity":310.10980661047444}
{"coastSample":13,"contentY":816,"endTimestamp":279801917,"flicking":false,"velocity":0}
{"coastSample":14,"contentY":816,"endTimestamp":279801917,"flicking":false,"velocity":0}
{"coastSample":15,"contentY":816,"endTimestamp":279801917,"flicking":false,"velocity":0}
{"angleX":0,"angleY":0,"contentY":816,"deviceType":4,"inverted":false,"overViewport":true,"phase":1,"pixelX":0,"pixelY":0,"pointerX":796.765625,"pointerY":345.97265625,"source":0,"timestamp":279817633}
{"angleX":0,"angleY":0,"contentY":816,"deviceType":4,"inverted":false,"overViewport":true,"phase":1,"pixelX":0,"pixelY":0,"pointerX":796.765625,"pointerY":345.97265625,"source":0,"timestamp":279817633}
{"angleX":0,"angleY":35,"contentY":816,"deviceType":4,"inverted":true,"overViewport":true,"phase":2,"pixelX":0,"pixelY":3,"pointerX":796.765625,"pointerY":345.97265625,"source":1,"timestamp":279817633}
{"angleX":0,"angleY":35,"contentY":813,"deviceType":4,"inverted":true,"overViewport":true,"phase":2,"pixelX":0,"pixelY":3,"pointerX":796.765625,"pointerY":345.97265625,"source":1,"timestamp":279817640}
{"angleX":0,"angleY":29,"contentY":810,"deviceType":4,"inverted":true,"overViewport":true,"phase":2,"pixelX":0,"pixelY":2,"pointerX":796.765625,"pointerY":345.97265625,"source":1,"timestamp":279817647}
{"angleX":0,"angleY":20,"contentY":808,"deviceType":4,"inverted":true,"overViewport":true,"phase":2,"pixelX":0,"pixelY":2,"pointerX":796.765625,"pointerY":345.97265625,"source":1,"timestamp":279817654}
{"angleX":0,"angleY":10,"contentY":806,"deviceType":4,"inverted":true,"overViewport":true,"phase":2,"pixelX":0,"pixelY":1,"pointerX":796.765625,"pointerY":345.97265625,"source":1,"timestamp":279817662}
{"angleX":0,"angleY":8,"contentY":805,"deviceType":4,"inverted":true,"overViewport":true,"phase":2,"pixelX":0,"pixelY":0,"pointerX":796.765625,"pointerY":345.97265625,"source":1,"timestamp":279817669}
{"angleX":0,"angleY":4,"contentY":804.5758442130245,"deviceType":4,"inverted":true,"overViewport":true,"phase":2,"pixelX":0,"pixelY":1,"pointerX":796.765625,"pointerY":345.97265625,"source":1,"timestamp":279817676}
{"angleX":0,"angleY":6,"contentY":803.5758442130245,"deviceType":4,"inverted":true,"overViewport":true,"phase":2,"pixelX":0,"pixelY":0,"pointerX":796.765625,"pointerY":345.97265625,"source":1,"timestamp":279817683}
{"angleX":0,"angleY":20,"contentY":803.4935378752742,"deviceType":4,"inverted":true,"overViewport":true,"phase":2,"pixelX":0,"pixelY":2,"pointerX":796.765625,"pointerY":345.97265625,"source":1,"timestamp":279817690}
{"angleX":0,"angleY":20,"contentY":801.4935378752742,"deviceType":4,"inverted":true,"overViewport":true,"phase":2,"pixelX":0,"pixelY":2,"pointerX":796.765625,"pointerY":345.97265625,"source":1,"timestamp":279817698}
{"angleX":0,"angleY":16,"contentY":799.4935378752742,"deviceType":4,"inverted":true,"overViewport":true,"phase":2,"pixelX":0,"pixelY":1,"pointerX":796.765625,"pointerY":345.97265625,"source":1,"timestamp":279817705}
{"angleX":0,"angleY":29,"contentY":798.4935378752742,"deviceType":4,"inverted":true,"overViewport":true,"phase":2,"pixelX":0,"pixelY":2,"pointerX":796.765625,"pointerY":345.97265625,"source":1,"timestamp":279817712}
{"angleX":0,"angleY":26,"contentY":796.4935378752742,"deviceType":4,"inverted":true,"overViewport":true,"phase":2,"pixelX":0,"pixelY":3,"pointerX":796.765625,"pointerY":345.97265625,"source":1,"timestamp":279817719}
{"angleX":0,"angleY":18,"contentY":793.4935378752742,"deviceType":4,"inverted":true,"overViewport":true,"phase":2,"pixelX":0,"pixelY":1,"pointerX":796.765625,"pointerY":345.97265625,"source":1,"timestamp":279817726}
{"angleX":0,"angleY":31,"contentY":792.4935378752742,"deviceType":4,"inverted":true,"overViewport":true,"phase":2,"pixelX":0,"pixelY":3,"pointerX":796.765625,"pointerY":345.97265625,"source":1,"timestamp":279817734}
{"angleX":0,"angleY":20,"contentY":789.4935378752742,"deviceType":4,"inverted":true,"overViewport":true,"phase":2,"pixelX":0,"pixelY":1,"pointerX":796.765625,"pointerY":345.97265625,"source":1,"timestamp":279817741}
{"angleX":0,"angleY":16,"contentY":788.4935378752742,"deviceType":4,"inverted":true,"overViewport":true,"phase":2,"pixelX":0,"pixelY":2,"pointerX":796.765625,"pointerY":345.97265625,"source":1,"timestamp":279817748}
{"angleX":0,"angleY":20,"contentY":786.4935378752742,"deviceType":4,"inverted":true,"overViewport":true,"phase":2,"pixelX":0,"pixelY":1,"pointerX":796.765625,"pointerY":345.97265625,"source":1,"timestamp":279817755}
{"angleX":0,"angleY":12,"contentY":785.4935378752742,"deviceType":4,"inverted":true,"overViewport":true,"phase":2,"pixelX":0,"pixelY":1,"pointerX":796.765625,"pointerY":345.97265625,"source":1,"timestamp":279817762}
{"angleX":0,"angleY":12,"contentY":784.4935378752742,"deviceType":4,"inverted":true,"overViewport":true,"phase":2,"pixelX":0,"pixelY":1,"pointerX":796.765625,"pointerY":345.97265625,"source":1,"timestamp":279817769}
{"angleX":0,"angleY":8,"contentY":783.4935378752742,"deviceType":4,"inverted":true,"overViewport":true,"phase":2,"pixelX":0,"pixelY":1,"pointerX":796.765625,"pointerY":345.97265625,"source":1,"timestamp":279817777}
{"angleX":0,"angleY":6,"contentY":782.4935378752742,"deviceType":4,"inverted":true,"overViewport":true,"phase":2,"pixelX":0,"pixelY":1,"pointerX":796.765625,"pointerY":345.97265625,"source":1,"timestamp":279817784}
{"angleX":0,"angleY":18,"contentY":781.4935378752742,"deviceType":4,"inverted":true,"overViewport":true,"phase":2,"pixelX":0,"pixelY":1,"pointerX":796.765625,"pointerY":345.97265625,"source":1,"timestamp":279817791}
{"angleX":0,"angleY":20,"contentY":780.4935378752742,"deviceType":4,"inverted":true,"overViewport":true,"phase":2,"pixelX":0,"pixelY":2,"pointerX":796.765625,"pointerY":345.97265625,"source":1,"timestamp":279817798}
{"angleX":0,"angleY":26,"contentY":778.4935378752742,"deviceType":4,"inverted":true,"overViewport":true,"phase":2,"pixelX":0,"pixelY":2,"pointerX":796.765625,"pointerY":345.97265625,"source":1,"timestamp":279817805}
{"angleX":0,"angleY":45,"contentY":776.4935378752742,"deviceType":4,"inverted":true,"overViewport":true,"phase":2,"pixelX":0,"pixelY":4,"pointerX":796.765625,"pointerY":345.97265625,"source":1,"timestamp":279817813}
{"angleX":0,"angleY":55,"contentY":772.4935378752742,"deviceType":4,"inverted":true,"overViewport":true,"phase":2,"pixelX":0,"pixelY":4,"pointerX":796.765625,"pointerY":345.97265625,"source":1,"timestamp":279817820}
{"angleX":0,"angleY":67,"contentY":768.4935378752742,"deviceType":4,"inverted":true,"overViewport":true,"phase":2,"pixelX":0,"pixelY":6,"pointerX":796.765625,"pointerY":345.97265625,"source":1,"timestamp":279817827}
{"angleX":0,"angleY":0,"contentY":762.4935378752742,"deviceType":4,"inverted":true,"overViewport":true,"phase":3,"pixelX":0,"pixelY":0,"pointerX":796.765625,"pointerY":345.97265625,"source":0,"timestamp":279817862}
{"angleX":0,"angleY":0,"contentY":762,"deviceType":4,"inverted":true,"overViewport":true,"phase":3,"pixelX":0,"pixelY":0,"pointerX":796.765625,"pointerY":345.97265625,"source":0,"timestamp":279817862}
{"coastSample":1,"contentY":749.6651793529912,"endTimestamp":279817862,"flicking":true,"velocity":-526.5324879951891}
{"coastSample":2,"contentY":738.1250031262505,"endTimestamp":279817862,"flicking":true,"velocity":-491.9827305922354}
{"coastSample":3,"contentY":731.4896083433373,"endTimestamp":279817862,"flicking":true,"velocity":-473.95677020807625}
{"coastSample":4,"contentY":721.6574160914365,"endTimestamp":279817862,"flicking":true,"velocity":-438.6559311224532}
{"coastSample":5,"contentY":712.5522709083633,"endTimestamp":279817862,"flicking":true,"velocity":-404.8572554021689}
{"coastSample":6,"contentY":703.8106250312625,"endTimestamp":279817862,"flicking":true,"velocity":-370.30749799920386}
{"coastSample":7,"contentY":699.5652206194977,"endTimestamp":279817862,"flicking":true,"velocity":-352.2815376150561}
{"coastSample":8,"contentY":691.7233463697979,"endTimestamp":279817862,"flicking":true,"velocity":-316.2296168467378}
{"coastSample":9,"contentY":684.7467182185374,"endTimestamp":279817862,"flicking":true,"velocity":-280.92877776110856}
{"coastSample":10,"contentY":681.3289815926371,"endTimestamp":279817862,"flicking":true,"velocity":-263.653899059625}
{"coastSample":11,"contentY":676.3442947491496,"endTimestamp":279817862,"flicking":true,"velocity":-229.10414165665998}
{"coastSample":12,"contentY":671.8327651373049,"endTimestamp":279817862,"flicking":true,"velocity":-196.8076293017227}
{"coastSample":13,"contentY":667.8935355392157,"endTimestamp":279817862,"flicking":true,"velocity":-162.25787189875973}
{"coastSample":14,"contentY":666.0185206895258,"endTimestamp":279817862,"flicking":true,"velocity":-144.9829931972772}
{"coastSample":15,"contentY":663.2239153473889,"endTimestamp":279817862,"flicking":true,"velocity":-106.67782738095288}
{"angleX":0,"angleY":0,"contentY":660,"deviceType":4,"inverted":false,"overViewport":true,"phase":1,"pixelX":0,"pixelY":0,"pointerX":796.765625,"pointerY":345.97265625,"source":0,"timestamp":279818440}
{"angleX":0,"angleY":0,"contentY":660,"deviceType":4,"inverted":false,"overViewport":true,"phase":1,"pixelX":0,"pixelY":0,"pointerX":796.765625,"pointerY":345.97265625,"source":0,"timestamp":279818440}
{"angleX":0,"angleY":49,"contentY":660,"deviceType":4,"inverted":true,"overViewport":true,"phase":2,"pixelX":0,"pixelY":4,"pointerX":796.765625,"pointerY":345.97265625,"source":1,"timestamp":279818440}
{"angleX":0,"angleY":57,"contentY":656,"deviceType":4,"inverted":true,"overViewport":true,"phase":2,"pixelX":0,"pixelY":5,"pointerX":796.765625,"pointerY":345.97265625,"source":1,"timestamp":279818447}
{"angleX":0,"angleY":71,"contentY":651,"deviceType":4,"inverted":true,"overViewport":true,"phase":2,"pixelX":0,"pixelY":6,"pointerX":796.765625,"pointerY":345.97265625,"source":1,"timestamp":279818454}
{"angleX":0,"angleY":77,"contentY":645,"deviceType":4,"inverted":true,"overViewport":true,"phase":2,"pixelX":0,"pixelY":6,"pointerX":796.765625,"pointerY":345.97265625,"source":1,"timestamp":279818461}
{"angleX":0,"angleY":79,"contentY":639,"deviceType":4,"inverted":true,"overViewport":true,"phase":2,"pixelX":0,"pixelY":7,"pointerX":796.765625,"pointerY":345.97265625,"source":1,"timestamp":279818468}
{"angleX":0,"angleY":83,"contentY":632,"deviceType":4,"inverted":true,"overViewport":true,"phase":2,"pixelX":0,"pixelY":7,"pointerX":796.765625,"pointerY":345.97265625,"source":1,"timestamp":279818475}
{"angleX":0,"angleY":75,"contentY":625,"deviceType":4,"inverted":true,"overViewport":true,"phase":2,"pixelX":0,"pixelY":6,"pointerX":796.765625,"pointerY":345.97265625,"source":1,"timestamp":279818483}
{"angleX":0,"angleY":0,"contentY":619,"deviceType":4,"inverted":true,"overViewport":true,"phase":3,"pixelX":0,"pixelY":0,"pointerX":796.765625,"pointerY":345.97265625,"source":0,"timestamp":279818510}
{"angleX":0,"angleY":0,"contentY":619,"deviceType":4,"inverted":true,"overViewport":true,"phase":3,"pixelX":0,"pixelY":0,"pointerX":796.765625,"pointerY":345.97265625,"source":0,"timestamp":279818510}
{"coastSample":1,"contentY":597.7892584155434,"endTimestamp":279818510,"flicking":true,"velocity":-874.0282912634608}
{"coastSample":2,"contentY":578.2732646030622,"endTimestamp":279818510,"flicking":true,"velocity":-839.5190626411951}
{"coastSample":3,"contentY":567.5935793828602,"endTimestamp":279818510,"flicking":true,"velocity":-822.2644483300655}
{"coastSample":4,"contentY":550.0979204123993,"endTimestamp":279818510,"flicking":true,"velocity":-786.2548184633624}
{"coastSample":5,"contentY":532.5834618600093,"endTimestamp":279818510,"flicking":true,"velocity":-751.7455898410958}
{"coastSample":6,"contentY":522.3110910113007,"endTimestamp":279818510,"flicking":true,"velocity":-732.9905742855296}
{"coastSample":7,"contentY":506.76295285613094,"endTimestamp":279818510,"flicking":true,"velocity":-698.481345663264}
{"coastSample":8,"contentY":491.28453879245427,"endTimestamp":279818510,"flicking":true,"velocity":-663.2219164187802}
{"coastSample":9,"contentY":476.5998369870896,"endTimestamp":279818510,"flicking":true,"velocity":-629.4628884187432}
{"coastSample":10,"contentY":468.6508820317795,"endTimestamp":279818510,"flicking":true,"velocity":-611.4580734853957}
{"coastSample":11,"contentY":455.2085124568162,"endTimestamp":279818510,"flicking":true,"velocity":-575.4484436186854}
{"coastSample":12,"contentY":443.09329234893914,"endTimestamp":279818510,"flicking":true,"velocity":-541.6894156186459}
{"coastSample":13,"contentY":431.20383806197754,"endTimestamp":279818510,"flicking":true,"velocity":-507.1801869963906}
{"coastSample":14,"contentY":425.3157287822878,"endTimestamp":279818510,"flicking":true,"velocity":-489.1753720630333}
{"coastSample":15,"contentY":414.1876835605091,"endTimestamp":279818510,"flicking":true,"velocity":-453.91594281854645}
{"angleX":0,"angleY":0,"contentY":348,"deviceType":4,"inverted":false,"overViewport":true,"phase":1,"pixelX":0,"pixelY":0,"pointerX":796.765625,"pointerY":345.97265625,"source":0,"timestamp":279819521}
{"angleX":0,"angleY":0,"contentY":348,"deviceType":4,"inverted":false,"overViewport":true,"phase":1,"pixelX":0,"pixelY":0,"pointerX":796.765625,"pointerY":345.97265625,"source":0,"timestamp":279819521}
{"angleX":0,"angleY":35,"contentY":348,"deviceType":4,"inverted":true,"overViewport":true,"phase":2,"pixelX":0,"pixelY":3,"pointerX":796.765625,"pointerY":345.97265625,"source":1,"timestamp":279819521}
{"angleX":0,"angleY":37,"contentY":345,"deviceType":4,"inverted":true,"overViewport":true,"phase":2,"pixelX":0,"pixelY":3,"pointerX":796.765625,"pointerY":345.97265625,"source":1,"timestamp":279819528}
{"angleX":0,"angleY":24,"contentY":342,"deviceType":4,"inverted":true,"overViewport":true,"phase":2,"pixelX":0,"pixelY":2,"pointerX":796.765625,"pointerY":345.97265625,"source":1,"timestamp":279819536}
{"angleX":0,"angleY":24,"contentY":340,"deviceType":4,"inverted":true,"overViewport":true,"phase":2,"pixelX":0,"pixelY":2,"pointerX":796.765625,"pointerY":345.97265625,"source":1,"timestamp":279819543}
{"angleX":0,"angleY":31,"contentY":338,"deviceType":4,"inverted":true,"overViewport":true,"phase":2,"pixelX":0,"pixelY":3,"pointerX":796.765625,"pointerY":345.97265625,"source":1,"timestamp":279819550}
{"angleX":0,"angleY":22,"contentY":335,"deviceType":4,"inverted":true,"overViewport":true,"phase":2,"pixelX":0,"pixelY":1,"pointerX":796.765625,"pointerY":345.97265625,"source":1,"timestamp":279819557}
{"angleX":0,"angleY":29,"contentY":334,"deviceType":4,"inverted":true,"overViewport":true,"phase":2,"pixelX":0,"pixelY":3,"pointerX":796.765625,"pointerY":345.97265625,"source":1,"timestamp":279819564}
{"angleX":0,"angleY":29,"contentY":331,"deviceType":4,"inverted":true,"overViewport":true,"phase":2,"pixelX":0,"pixelY":2,"pointerX":796.765625,"pointerY":345.97265625,"source":1,"timestamp":279819572}
{"angleX":0,"angleY":31,"contentY":329,"deviceType":4,"inverted":true,"overViewport":true,"phase":2,"pixelX":0,"pixelY":3,"pointerX":796.765625,"pointerY":345.97265625,"source":1,"timestamp":279819579}
{"angleX":0,"angleY":39,"contentY":326,"deviceType":4,"inverted":true,"overViewport":true,"phase":2,"pixelX":0,"pixelY":3,"pointerX":796.765625,"pointerY":345.97265625,"source":1,"timestamp":279819586}
{"angleX":0,"angleY":43,"contentY":323,"deviceType":4,"inverted":true,"overViewport":true,"phase":2,"pixelX":0,"pixelY":4,"pointerX":796.765625,"pointerY":345.97265625,"source":1,"timestamp":279819593}
{"angleX":0,"angleY":45,"contentY":319,"deviceType":4,"inverted":true,"overViewport":true,"phase":2,"pixelX":0,"pixelY":3,"pointerX":796.765625,"pointerY":345.97265625,"source":1,"timestamp":279819600}
{"angleX":0,"angleY":43,"contentY":316,"deviceType":4,"inverted":true,"overViewport":true,"phase":2,"pixelX":0,"pixelY":4,"pointerX":796.765625,"pointerY":345.97265625,"source":1,"timestamp":279819607}
{"angleX":0,"angleY":49,"contentY":312,"deviceType":4,"inverted":true,"overViewport":true,"phase":2,"pixelX":0,"pixelY":4,"pointerX":796.765625,"pointerY":345.97265625,"source":1,"timestamp":279819614}
{"angleX":0,"angleY":47,"contentY":308,"deviceType":4,"inverted":true,"overViewport":true,"phase":2,"pixelX":0,"pixelY":4,"pointerX":796.765625,"pointerY":345.97265625,"source":1,"timestamp":279819622}
{"angleX":0,"angleY":45,"contentY":304,"deviceType":4,"inverted":true,"overViewport":true,"phase":2,"pixelX":0,"pixelY":4,"pointerX":796.765625,"pointerY":345.97265625,"source":1,"timestamp":279819629}
{"angleX":0,"angleY":35,"contentY":300,"deviceType":4,"inverted":true,"overViewport":true,"phase":2,"pixelX":0,"pixelY":2,"pointerX":796.765625,"pointerY":345.97265625,"source":1,"timestamp":279819636}
{"angleX":0,"angleY":0,"contentY":298,"deviceType":4,"inverted":true,"overViewport":true,"phase":3,"pixelX":0,"pixelY":0,"pointerX":796.765625,"pointerY":345.97265625,"source":0,"timestamp":279819649}
{"angleX":0,"angleY":0,"contentY":298,"deviceType":4,"inverted":true,"overViewport":true,"phase":3,"pixelX":0,"pixelY":0,"pointerX":796.765625,"pointerY":345.97265625,"source":0,"timestamp":279819649}
{"coastSample":1,"contentY":287.75815415451893,"endTimestamp":279819649,"flicking":true,"velocity":-456.48149681950946}
{"coastSample":2,"contentY":277.4184708786112,"endTimestamp":279819649,"flicking":true,"velocity":-421.0084399019355}
{"coastSample":3,"contentY":272.5746794659422,"endTimestamp":279819649,"flicking":true,"velocity":-403.64928438908123}
{"coastSample":4,"contentY":264.6210833968328,"endTimestamp":279819649,"flicking":true,"velocity":-370.4404651470952}
{"coastSample":5,"contentY":256.6738048303737,"endTimestamp":279819649,"flicking":true,"velocity":-336.47690001325515}
{"coastSample":6,"contentY":249.23234577922076,"endTimestamp":279819649,"flicking":true,"velocity":-299.49435131195514}
{"coastSample":7,"contentY":245.83766647892924,"endTimestamp":279819649,"flicking":true,"velocity":-281.3804499072347}
{"coastSample":8,"contentY":239.93876826298703,"endTimestamp":279819649,"flicking":true,"velocity":-247.4168847733877}
{"coastSample":9,"contentY":235.2502029220779,"endTimestamp":279819649,"flicking":true,"velocity":-214.9628114232712}
{"coastSample":10,"contentY":231.22732345779218,"endTimestamp":279819649,"flicking":true,"velocity":-183.26348396501544}
{"coastSample":11,"contentY":227.58511545852107,"endTimestamp":279819649,"flicking":true,"velocity":-148.54517293930485}
{"coastSample":12,"contentY":225.87969723197722,"endTimestamp":279819649,"flicking":true,"velocity":-130.43127153458727}
{"coastSample":13,"contentY":223.4873484296316,"endTimestamp":279819649,"flicking":true,"velocity":-94.95821461701388}
{"coastSample":14,"contentY":221.94621322554997,"endTimestamp":279819649,"flicking":true,"velocity":-60.99464948316893}
{"coastSample":15,"contentY":221.84233782798833,"endTimestamp":279819649,"flicking":true,"velocity":-60.99464948316893}
{"angleX":0,"angleY":0,"contentY":221,"deviceType":4,"inverted":false,"overViewport":true,"phase":1,"pixelX":0,"pixelY":0,"pointerX":796.765625,"pointerY":345.97265625,"source":0,"timestamp":279820133}
{"angleX":0,"angleY":0,"contentY":221,"deviceType":4,"inverted":false,"overViewport":true,"phase":1,"pixelX":0,"pixelY":0,"pointerX":796.765625,"pointerY":345.97265625,"source":0,"timestamp":279820133}
{"angleX":0,"angleY":69,"contentY":221,"deviceType":4,"inverted":true,"overViewport":true,"phase":2,"pixelX":0,"pixelY":6,"pointerX":796.765625,"pointerY":345.97265625,"source":1,"timestamp":279820133}
{"angleX":0,"angleY":65,"contentY":215,"deviceType":4,"inverted":true,"overViewport":true,"phase":2,"pixelX":0,"pixelY":5,"pointerX":796.765625,"pointerY":345.97265625,"source":1,"timestamp":279820140}
{"angleX":0,"angleY":63,"contentY":210,"deviceType":4,"inverted":true,"overViewport":true,"phase":2,"pixelX":0,"pixelY":5,"pointerX":796.765625,"pointerY":345.97265625,"source":1,"timestamp":279820148}
{"angleX":0,"angleY":55,"contentY":205,"deviceType":4,"inverted":true,"overViewport":true,"phase":2,"pixelX":0,"pixelY":5,"pointerX":796.765625,"pointerY":345.97265625,"source":1,"timestamp":279820155}
{"angleX":0,"angleY":49,"contentY":200,"deviceType":4,"inverted":true,"overViewport":true,"phase":2,"pixelX":0,"pixelY":4,"pointerX":796.765625,"pointerY":345.97265625,"source":1,"timestamp":279820162}
{"angleX":0,"angleY":43,"contentY":196,"deviceType":4,"inverted":true,"overViewport":true,"phase":2,"pixelX":0,"pixelY":4,"pointerX":796.765625,"pointerY":345.97265625,"source":1,"timestamp":279820169}
{"angleX":0,"angleY":39,"contentY":192,"deviceType":4,"inverted":true,"overViewport":true,"phase":2,"pixelX":0,"pixelY":3,"pointerX":796.765625,"pointerY":345.97265625,"source":1,"timestamp":279820176}
{"angleX":0,"angleY":39,"contentY":189,"deviceType":4,"inverted":true,"overViewport":true,"phase":2,"pixelX":0,"pixelY":3,"pointerX":796.765625,"pointerY":345.97265625,"source":1,"timestamp":279820184}
{"angleX":0,"angleY":43,"contentY":186,"deviceType":4,"inverted":true,"overViewport":true,"phase":2,"pixelX":0,"pixelY":4,"pointerX":796.765625,"pointerY":345.97265625,"source":1,"timestamp":279820191}
{"angleX":0,"angleY":49,"contentY":182,"deviceType":4,"inverted":true,"overViewport":true,"phase":2,"pixelX":0,"pixelY":4,"pointerX":796.765625,"pointerY":345.97265625,"source":1,"timestamp":279820198}
{"angleX":0,"angleY":57,"contentY":178,"deviceType":4,"inverted":true,"overViewport":true,"phase":2,"pixelX":0,"pixelY":5,"pointerX":796.765625,"pointerY":345.97265625,"source":1,"timestamp":279820205}
{"angleX":0,"angleY":71,"contentY":173,"deviceType":4,"inverted":true,"overViewport":true,"phase":2,"pixelX":0,"pixelY":5,"pointerX":796.765625,"pointerY":345.97265625,"source":1,"timestamp":279820212}
{"angleX":0,"angleY":90,"contentY":168,"deviceType":4,"inverted":true,"overViewport":true,"phase":2,"pixelX":0,"pixelY":8,"pointerX":796.765625,"pointerY":345.97265625,"source":1,"timestamp":279820220}
{"angleX":0,"angleY":102,"contentY":160,"deviceType":4,"inverted":true,"overViewport":true,"phase":2,"pixelX":0,"pixelY":8,"pointerX":796.765625,"pointerY":345.97265625,"source":1,"timestamp":279820227}
{"angleX":0,"angleY":108,"contentY":152,"deviceType":4,"inverted":true,"overViewport":true,"phase":2,"pixelX":0,"pixelY":9,"pointerX":796.765625,"pointerY":345.97265625,"source":1,"timestamp":279820234}
{"angleX":0,"angleY":96,"contentY":143,"deviceType":4,"inverted":true,"overViewport":true,"phase":2,"pixelX":0,"pixelY":8,"pointerX":796.765625,"pointerY":345.97265625,"source":1,"timestamp":279820241}
{"angleX":0,"angleY":0,"contentY":135,"deviceType":4,"inverted":true,"overViewport":true,"phase":3,"pixelX":0,"pixelY":0,"pointerX":796.765625,"pointerY":345.97265625,"source":0,"timestamp":279820254}
{"angleX":0,"angleY":0,"contentY":135,"deviceType":4,"inverted":true,"overViewport":true,"phase":3,"pixelX":0,"pixelY":0,"pointerX":796.765625,"pointerY":345.97265625,"source":0,"timestamp":279820254}
{"coastSample":1,"contentY":108.96462585034013,"endTimestamp":279820254,"flicking":true,"velocity":-1053.3635676492822}
{"coastSample":2,"contentY":87.54663643235072,"endTimestamp":279820254,"flicking":true,"velocity":-944.5200302343168}
{"coastSample":3,"contentY":75.99108087679517,"endTimestamp":279820254,"flicking":true,"velocity":-886.4701436130005}
{"coastSample":4,"contentY":58.297959183673456,"endTimestamp":279820254,"flicking":true,"velocity":-775.2078609221485}
{"coastSample":5,"contentY":42.30400604686318,"endTimestamp":279820254,"flicking":true,"velocity":-666.3643235071803}
{"coastSample":6,"contentY":28.869085411942564,"endTimestamp":279820254,"flicking":true,"velocity":-555.102040816325}
{"coastSample":7,"contentY":18.412849584278163,"endTimestamp":279820254,"flicking":true,"velocity":-448.6772486772475}
{"coastSample":8,"contentY":13.69629629629631,"endTimestamp":279820254,"flicking":true,"velocity":-390.62736205593234}
{"coastSample":9,"contentY":6.858503401360565,"endTimestamp":279820254,"flicking":true,"velocity":-281.78382464096643}
{"coastSample":10,"contentY":2.0693877551020705,"endTimestamp":279820254,"flicking":true,"velocity":-165.6840513983326}
{"coastSample":11,"contentY":0.7197278911564524,"endTimestamp":279820254,"flicking":true,"velocity":-112.47165532879535}
{"coastSample":12,"contentY":0,"endTimestamp":279820254,"flicking":false,"velocity":0}
{"coastSample":13,"contentY":0,"endTimestamp":279820254,"flicking":false,"velocity":0}
{"coastSample":14,"contentY":0,"endTimestamp":279820254,"flicking":false,"velocity":0}
{"coastSample":15,"contentY":0,"endTimestamp":279820254,"flicking":false,"velocity":0}
{"angleX":0,"angleY":0,"contentY":0,"deviceType":4,"inverted":false,"overViewport":true,"phase":1,"pixelX":0,"pixelY":0,"pointerX":796.765625,"pointerY":345.97265625,"source":0,"timestamp":279820782}
{"angleX":0,"angleY":0,"contentY":0,"deviceType":4,"inverted":false,"overViewport":true,"phase":1,"pixelX":0,"pixelY":0,"pointerX":796.765625,"pointerY":345.97265625,"source":0,"timestamp":279820782}
{"angleX":0,"angleY":86,"contentY":0,"deviceType":4,"inverted":true,"overViewport":true,"phase":2,"pixelX":0,"pixelY":7,"pointerX":796.765625,"pointerY":345.97265625,"source":1,"timestamp":279820782}
{"angleX":0,"angleY":92,"contentY":0,"deviceType":4,"inverted":true,"overViewport":true,"phase":2,"pixelX":0,"pixelY":8,"pointerX":796.765625,"pointerY":345.97265625,"source":1,"timestamp":279820789}
{"angleX":0,"angleY":96,"contentY":0,"deviceType":4,"inverted":true,"overViewport":true,"phase":2,"pixelX":0,"pixelY":8,"pointerX":796.765625,"pointerY":345.97265625,"source":1,"timestamp":279820797}
{"angleX":0,"angleY":96,"contentY":0,"deviceType":4,"inverted":true,"overViewport":true,"phase":2,"pixelX":0,"pixelY":8,"pointerX":796.765625,"pointerY":345.97265625,"source":1,"timestamp":279820803}
{"angleX":0,"angleY":94,"contentY":0,"deviceType":4,"inverted":true,"overViewport":true,"phase":2,"pixelX":0,"pixelY":8,"pointerX":796.765625,"pointerY":345.97265625,"source":1,"timestamp":279820811}
{"angleX":0,"angleY":92,"contentY":0,"deviceType":4,"inverted":true,"overViewport":true,"phase":2,"pixelX":0,"pixelY":7,"pointerX":796.765625,"pointerY":345.97265625,"source":1,"timestamp":279820818}
{"angleX":0,"angleY":90,"contentY":0,"deviceType":4,"inverted":true,"overViewport":true,"phase":2,"pixelX":0,"pixelY":8,"pointerX":796.765625,"pointerY":345.97265625,"source":1,"timestamp":279820825}
{"angleX":0,"angleY":92,"contentY":0,"deviceType":4,"inverted":true,"overViewport":true,"phase":2,"pixelX":0,"pixelY":7,"pointerX":796.765625,"pointerY":345.97265625,"source":1,"timestamp":279820832}
{"angleX":0,"angleY":100,"contentY":0,"deviceType":4,"inverted":true,"overViewport":true,"phase":2,"pixelX":0,"pixelY":9,"pointerX":796.765625,"pointerY":345.97265625,"source":1,"timestamp":279820839}
{"angleX":0,"angleY":108,"contentY":0,"deviceType":4,"inverted":true,"overViewport":true,"phase":2,"pixelX":0,"pixelY":9,"pointerX":796.765625,"pointerY":345.97265625,"source":1,"timestamp":279820847}
{"angleX":0,"angleY":112,"contentY":0,"deviceType":4,"inverted":true,"overViewport":true,"phase":2,"pixelX":0,"pixelY":9,"pointerX":796.765625,"pointerY":345.97265625,"source":1,"timestamp":279820854}
{"angleX":0,"angleY":110,"contentY":0,"deviceType":4,"inverted":true,"overViewport":true,"phase":2,"pixelX":0,"pixelY":9,"pointerX":796.765625,"pointerY":345.97265625,"source":1,"timestamp":279820861}
{"angleX":0,"angleY":0,"contentY":0,"deviceType":4,"inverted":true,"overViewport":true,"phase":3,"pixelX":0,"pixelY":0,"pointerX":796.765625,"pointerY":345.97265625,"source":0,"timestamp":279820881}
{"angleX":0,"angleY":0,"contentY":0,"deviceType":4,"inverted":true,"overViewport":true,"phase":3,"pixelX":0,"pixelY":0,"pointerX":796.765625,"pointerY":345.97265625,"source":0,"timestamp":279820881}
{"coastSample":1,"contentY":0,"endTimestamp":279820881,"flicking":false,"velocity":0}
{"coastSample":2,"contentY":0,"endTimestamp":279820881,"flicking":false,"velocity":0}
{"coastSample":3,"contentY":0,"endTimestamp":279820881,"flicking":false,"velocity":0}
{"coastSample":4,"contentY":0,"endTimestamp":279820881,"flicking":false,"velocity":0}
{"coastSample":5,"contentY":0,"endTimestamp":279820881,"flicking":false,"velocity":0}
{"coastSample":6,"contentY":0,"endTimestamp":279820881,"flicking":false,"velocity":0}
{"coastSample":7,"contentY":0,"endTimestamp":279820881,"flicking":false,"velocity":0}
{"coastSample":8,"contentY":0,"endTimestamp":279820881,"flicking":false,"velocity":0}
{"coastSample":9,"contentY":0,"endTimestamp":279820881,"flicking":false,"velocity":0}
{"coastSample":10,"contentY":0,"endTimestamp":279820881,"flicking":false,"velocity":0}
{"coastSample":11,"contentY":0,"endTimestamp":279820881,"flicking":false,"velocity":0}
{"coastSample":12,"contentY":0,"endTimestamp":279820881,"flicking":false,"velocity":0}
{"coastSample":13,"contentY":0,"endTimestamp":279820881,"flicking":false,"velocity":0}
{"coastSample":14,"contentY":0,"endTimestamp":279820881,"flicking":false,"velocity":0}
{"coastSample":15,"contentY":0,"endTimestamp":279820881,"flicking":false,"velocity":0}
{"angleX":0,"angleY":0,"contentY":0,"deviceType":4,"inverted":false,"overViewport":true,"phase":1,"pixelX":0,"pixelY":0,"pointerX":796.765625,"pointerY":345.97265625,"source":0,"timestamp":279821193}
{"angleX":0,"angleY":0,"contentY":0,"deviceType":4,"inverted":false,"overViewport":true,"phase":1,"pixelX":0,"pixelY":0,"pointerX":796.765625,"pointerY":345.97265625,"source":0,"timestamp":279821193}
{"angleX":0,"angleY":-92,"contentY":0,"deviceType":4,"inverted":true,"overViewport":true,"phase":2,"pixelX":0,"pixelY":-8,"pointerX":796.765625,"pointerY":345.97265625,"source":1,"timestamp":279821193}
{"angleX":0,"angleY":-100,"contentY":8,"deviceType":4,"inverted":true,"overViewport":true,"phase":2,"pixelX":0,"pixelY":-8,"pointerX":796.765625,"pointerY":345.97265625,"source":1,"timestamp":279821200}
{"angleX":0,"angleY":-106,"contentY":16,"deviceType":4,"inverted":true,"overViewport":true,"phase":2,"pixelX":0,"pixelY":-9,"pointerX":796.765625,"pointerY":345.97265625,"source":1,"timestamp":279821207}
{"angleX":0,"angleY":-110,"contentY":25,"deviceType":4,"inverted":true,"overViewport":true,"phase":2,"pixelX":0,"pixelY":-9,"pointerX":796.765625,"pointerY":345.97265625,"source":1,"timestamp":279821214}
{"angleX":0,"angleY":-114,"contentY":34,"deviceType":4,"inverted":true,"overViewport":true,"phase":2,"pixelX":0,"pixelY":-9,"pointerX":796.765625,"pointerY":345.97265625,"source":1,"timestamp":279821221}
{"angleX":0,"angleY":-120,"contentY":43,"deviceType":4,"inverted":true,"overViewport":true,"phase":2,"pixelX":0,"pixelY":-10,"pointerX":796.765625,"pointerY":345.97265625,"source":1,"timestamp":279821229}
{"angleX":0,"angleY":-128,"contentY":53,"deviceType":4,"inverted":true,"overViewport":true,"phase":2,"pixelX":0,"pixelY":-11,"pointerX":796.765625,"pointerY":345.97265625,"source":1,"timestamp":279821236}
{"angleX":0,"angleY":-132,"contentY":64,"deviceType":4,"inverted":true,"overViewport":true,"phase":2,"pixelX":0,"pixelY":-11,"pointerX":796.765625,"pointerY":345.97265625,"source":1,"timestamp":279821243}
{"angleX":0,"angleY":-134,"contentY":75,"deviceType":4,"inverted":true,"overViewport":true,"phase":2,"pixelX":0,"pixelY":-11,"pointerX":796.765625,"pointerY":345.97265625,"source":1,"timestamp":279821250}
{"angleX":0,"angleY":0,"contentY":86,"deviceType":4,"inverted":true,"overViewport":true,"phase":3,"pixelX":0,"pixelY":0,"pointerX":796.765625,"pointerY":345.97265625,"source":0,"timestamp":279821271}
{"angleX":0,"angleY":0,"contentY":86,"deviceType":4,"inverted":true,"overViewport":true,"phase":3,"pixelX":0,"pixelY":0,"pointerX":796.765625,"pointerY":345.97265625,"source":0,"timestamp":279821271}
{"coastSample":1,"contentY":124.25314935263489,"endTimestamp":279821271,"flicking":true,"velocity":1459.092542196673}
{"coastSample":2,"contentY":142.99369318628564,"endTimestamp":279821271,"flicking":true,"velocity":1440.8188928396712}
{"coastSample":3,"contentY":176.91549523758562,"endTimestamp":279821271,"flicking":true,"velocity":1402.7487900125777}
{"coastSample":4,"contentY":211.31798818842606,"endTimestamp":279821271,"flicking":true,"velocity":1365.4400892420324}
{"coastSample":5,"contentY":226.1535698724053,"endTimestamp":279821271,"flicking":true,"velocity":1347.9278419415748}
{"coastSample":6,"contentY":256.57800607614627,"endTimestamp":279821271,"flicking":true,"velocity":1313.6647493971932}
{"coastSample":7,"contentY":283.6533036314911,"endTimestamp":279821271,"flicking":true,"velocity":1280.924460965889}
{"coastSample":8,"contentY":316.24466729168125,"endTimestamp":279821271,"flicking":true,"velocity":1242.092956082264}
{"coastSample":9,"contentY":329.72343051090303,"endTimestamp":279821271,"flicking":true,"velocity":1224.5807087818037}
{"coastSample":10,"contentY":356.1281790562972,"endTimestamp":279821271,"flicking":true,"velocity":1191.0790182939593}
{"coastSample":11,"contentY":384.0927714172142,"endTimestamp":279821271,"flicking":true,"velocity":1154.5317195799555}
{"coastSample":12,"contentY":408.95644220016777,"endTimestamp":279821271,"flicking":true,"velocity":1121.0300290921168}
{"coastSample":13,"contentY":422.20779240634613,"endTimestamp":279821271,"flicking":true,"velocity":1103.5177817916572}
{"coastSample":14,"contentY":448.0526414418507,"endTimestamp":279821271,"flicking":true,"velocity":1066.2090810210998}
{"coastSample":15,"contentY":470.97321417650966,"endTimestamp":279821271,"flicking":true,"velocity":1032.7073905332668}
{"angleX":0,"angleY":0,"contentY":815.748854197608,"deviceType":4,"inverted":false,"overViewport":true,"phase":1,"pixelX":0,"pixelY":0,"pointerX":796.765625,"pointerY":345.97265625,"source":0,"timestamp":279822238}
{"angleX":0,"angleY":0,"contentY":815.748854197608,"deviceType":4,"inverted":false,"overViewport":true,"phase":1,"pixelX":0,"pixelY":0,"pointerX":796.765625,"pointerY":345.97265625,"source":0,"timestamp":279822238}
{"angleX":0,"angleY":-92,"contentY":815.748854197608,"deviceType":4,"inverted":true,"overViewport":true,"phase":2,"pixelX":0,"pixelY":-8,"pointerX":796.765625,"pointerY":345.97265625,"source":1,"timestamp":279822238}
{"angleX":0,"angleY":-112,"contentY":816,"deviceType":4,"inverted":true,"overViewport":true,"phase":2,"pixelX":0,"pixelY":-9,"pointerX":796.765625,"pointerY":345.97265625,"source":1,"timestamp":279822246}
{"angleX":0,"angleY":-134,"contentY":816,"deviceType":4,"inverted":true,"overViewport":true,"phase":2,"pixelX":0,"pixelY":-11,"pointerX":796.765625,"pointerY":345.97265625,"source":1,"timestamp":279822252}
{"angleX":0,"angleY":-155,"contentY":816,"deviceType":4,"inverted":true,"overViewport":true,"phase":2,"pixelX":0,"pixelY":-13,"pointerX":796.765625,"pointerY":345.97265625,"source":1,"timestamp":279822260}
{"angleX":0,"angleY":-177,"contentY":816,"deviceType":4,"inverted":true,"overViewport":true,"phase":2,"pixelX":0,"pixelY":-15,"pointerX":796.765625,"pointerY":345.97265625,"source":1,"timestamp":279822267}
{"angleX":0,"angleY":-204,"contentY":816,"deviceType":4,"inverted":true,"overViewport":true,"phase":2,"pixelX":0,"pixelY":-17,"pointerX":796.765625,"pointerY":345.97265625,"source":1,"timestamp":279822274}
{"angleX":0,"angleY":-226,"contentY":816,"deviceType":4,"inverted":true,"overViewport":true,"phase":2,"pixelX":0,"pixelY":-19,"pointerX":796.765625,"pointerY":345.97265625,"source":1,"timestamp":279822282}
{"angleX":0,"angleY":-242,"contentY":816,"deviceType":4,"inverted":true,"overViewport":true,"phase":2,"pixelX":0,"pixelY":-20,"pointerX":796.765625,"pointerY":345.97265625,"source":1,"timestamp":279822289}
{"angleX":0,"angleY":-242,"contentY":816,"deviceType":4,"inverted":true,"overViewport":true,"phase":2,"pixelX":0,"pixelY":-20,"pointerX":796.765625,"pointerY":345.97265625,"source":1,"timestamp":279822296}
{"angleX":0,"angleY":-238,"contentY":816,"deviceType":4,"inverted":true,"overViewport":true,"phase":2,"pixelX":0,"pixelY":-20,"pointerX":796.765625,"pointerY":345.97265625,"source":1,"timestamp":279822303}
{"angleX":0,"angleY":-222,"contentY":816,"deviceType":4,"inverted":true,"overViewport":true,"phase":2,"pixelX":0,"pixelY":-18,"pointerX":796.765625,"pointerY":345.97265625,"source":1,"timestamp":279822310}
{"angleX":0,"angleY":0,"contentY":816,"deviceType":4,"inverted":true,"overViewport":true,"phase":3,"pixelX":0,"pixelY":0,"pointerX":796.765625,"pointerY":345.97265625,"source":0,"timestamp":279822324}
{"angleX":0,"angleY":0,"contentY":816,"deviceType":4,"inverted":true,"overViewport":true,"phase":3,"pixelX":0,"pixelY":0,"pointerX":796.765625,"pointerY":345.97265625,"source":0,"timestamp":279822324}
{"coastSample":1,"contentY":816,"endTimestamp":279822324,"flicking":false,"velocity":0}
{"coastSample":2,"contentY":816,"endTimestamp":279822324,"flicking":false,"velocity":0}
{"coastSample":3,"contentY":816,"endTimestamp":279822324,"flicking":false,"velocity":0}
{"coastSample":4,"contentY":816,"endTimestamp":279822324,"flicking":false,"velocity":0}
{"coastSample":5,"contentY":816,"endTimestamp":279822324,"flicking":false,"velocity":0}
{"coastSample":6,"contentY":816,"endTimestamp":279822324,"flicking":false,"velocity":0}
{"coastSample":7,"contentY":816,"endTimestamp":279822324,"flicking":false,"velocity":0}
{"coastSample":8,"contentY":816,"endTimestamp":279822324,"flicking":false,"velocity":0}
{"coastSample":9,"contentY":816,"endTimestamp":279822324,"flicking":false,"velocity":0}
{"coastSample":10,"contentY":816,"endTimestamp":279822324,"flicking":false,"velocity":0}
{"coastSample":11,"contentY":816,"endTimestamp":279822324,"flicking":false,"velocity":0}
{"coastSample":12,"contentY":816,"endTimestamp":279822324,"flicking":false,"velocity":0}
{"coastSample":13,"contentY":816,"endTimestamp":279822324,"flicking":false,"velocity":0}
{"coastSample":14,"contentY":816,"endTimestamp":279822324,"flicking":false,"velocity":0}
{"coastSample":15,"contentY":816,"endTimestamp":279822324,"flicking":false,"velocity":0}
{"angleX":0,"angleY":0,"contentY":816,"deviceType":4,"inverted":false,"overViewport":true,"phase":1,"pixelX":0,"pixelY":0,"pointerX":796.765625,"pointerY":345.97265625,"source":0,"timestamp":279822670}
{"angleX":0,"angleY":0,"contentY":816,"deviceType":4,"inverted":false,"overViewport":true,"phase":1,"pixelX":0,"pixelY":0,"pointerX":796.765625,"pointerY":345.97265625,"source":0,"timestamp":279822670}
{"angleX":0,"angleY":196,"contentY":816,"deviceType":4,"inverted":true,"overViewport":true,"phase":2,"pixelX":0,"pixelY":16,"pointerX":796.765625,"pointerY":345.97265625,"source":1,"timestamp":279822670}
{"angleX":0,"angleY":238,"contentY":800,"deviceType":4,"inverted":true,"overViewport":true,"phase":2,"pixelX":0,"pixelY":20,"pointerX":796.765625,"pointerY":345.97265625,"source":1,"timestamp":279822678}
{"angleX":0,"angleY":285,"contentY":780,"deviceType":4,"inverted":true,"overViewport":true,"phase":2,"pixelX":0,"pixelY":24,"pointerX":796.765625,"pointerY":345.97265625,"source":1,"timestamp":279822685}
{"angleX":0,"angleY":348,"contentY":756,"deviceType":4,"inverted":true,"overViewport":true,"phase":2,"pixelX":0,"pixelY":29,"pointerX":796.765625,"pointerY":345.97265625,"source":1,"timestamp":279822692}
{"angleX":0,"angleY":405,"contentY":727,"deviceType":4,"inverted":true,"overViewport":true,"phase":2,"pixelX":0,"pixelY":34,"pointerX":796.765625,"pointerY":345.97265625,"source":1,"timestamp":279822699}
{"angleX":0,"angleY":458,"contentY":693,"deviceType":4,"inverted":true,"overViewport":true,"phase":2,"pixelX":0,"pixelY":38,"pointerX":796.765625,"pointerY":345.97265625,"source":1,"timestamp":279822707}
{"angleX":0,"angleY":517,"contentY":655,"deviceType":4,"inverted":true,"overViewport":true,"phase":2,"pixelX":0,"pixelY":43,"pointerX":796.765625,"pointerY":345.97265625,"source":1,"timestamp":279822714}
{"angleX":0,"angleY":0,"contentY":612,"deviceType":4,"inverted":true,"overViewport":true,"phase":3,"pixelX":0,"pixelY":0,"pointerX":796.765625,"pointerY":345.97265625,"source":0,"timestamp":279822727}
{"angleX":0,"angleY":0,"contentY":612,"deviceType":4,"inverted":true,"overViewport":true,"phase":3,"pixelX":0,"pixelY":0,"pointerX":796.765625,"pointerY":345.97265625,"source":0,"timestamp":279822727}
{"coastSample":1,"contentY":507.47927934194513,"endTimestamp":279822727,"flicking":true,"velocity":-4629.702336663831}
{"coastSample":2,"contentY":412.738545939209,"endTimestamp":279822727,"flicking":true,"velocity":-4185.157461422063}
{"coastSample":3,"contentY":324.1483234244218,"endTimestamp":279822727,"flicking":true,"velocity":-3720.4060009420455}
{"coastSample":4,"contentY":252.59704089969318,"endTimestamp":279822727,"flicking":true,"velocity":-3296.067710938542}
{"coastSample":5,"contentY":215.71149761988124,"endTimestamp":279822727,"flicking":true,"velocity":-3063.691980698536}
{"coastSample":6,"contentY":158.1633786652681,"endTimestamp":279822727,"flicking":true,"velocity":-2629.250398075902}
{"coastSample":7,"contentY":105.35901860744303,"endTimestamp":279822727,"flicking":true,"velocity":-2164.498937595857}
{"coastSample":8,"contentY":64.85275998420207,"endTimestamp":279822727,"flicking":true,"velocity":-1719.9540623540997}
{"coastSample":9,"contentY":32.96221564797793,"endTimestamp":279822727,"flicking":true,"velocity":-1265.305894493219}
{"coastSample":10,"contentY":19.665466316735092,"endTimestamp":279822727,"flicking":true,"velocity":-1002.6202863958092}
{"coastSample":11,"contentY":4.089345243305729,"endTimestamp":279822727,"flicking":true,"velocity":-507.55894805839716}
{"coastSample":12,"contentY":0,"endTimestamp":279822727,"flicking":false,"velocity":0}
{"coastSample":13,"contentY":0,"endTimestamp":279822727,"flicking":false,"velocity":0}
{"coastSample":14,"contentY":0,"endTimestamp":279822727,"flicking":false,"velocity":0}
{"coastSample":15,"contentY":0,"endTimestamp":279822727,"flicking":false,"velocity":0}
{"angleX":0,"angleY":0,"contentY":0,"deviceType":4,"inverted":false,"overViewport":true,"phase":1,"pixelX":0,"pixelY":0,"pointerX":796.765625,"pointerY":345.97265625,"source":0,"timestamp":279823298}
{"angleX":0,"angleY":0,"contentY":0,"deviceType":4,"inverted":false,"overViewport":true,"phase":1,"pixelX":0,"pixelY":0,"pointerX":796.765625,"pointerY":345.97265625,"source":0,"timestamp":279823298}
{"angleX":0,"angleY":-263,"contentY":0,"deviceType":4,"inverted":true,"overViewport":true,"phase":2,"pixelX":0,"pixelY":-22,"pointerX":796.765625,"pointerY":345.97265625,"source":1,"timestamp":279823298}
{"angleX":0,"angleY":-291,"contentY":22,"deviceType":4,"inverted":true,"overViewport":true,"phase":2,"pixelX":0,"pixelY":-24,"pointerX":796.765625,"pointerY":345.97265625,"source":1,"timestamp":279823305}
{"angleX":0,"angleY":-310,"contentY":46,"deviceType":4,"inverted":true,"overViewport":true,"phase":2,"pixelX":0,"pixelY":-26,"pointerX":796.765625,"pointerY":345.97265625,"source":1,"timestamp":279823312}
{"angleX":0,"angleY":-342,"contentY":72,"deviceType":4,"inverted":true,"overViewport":true,"phase":2,"pixelX":0,"pixelY":-28,"pointerX":796.765625,"pointerY":345.97265625,"source":1,"timestamp":279823319}
{"angleX":0,"angleY":-371,"contentY":100,"deviceType":4,"inverted":true,"overViewport":true,"phase":2,"pixelX":0,"pixelY":-31,"pointerX":796.765625,"pointerY":345.97265625,"source":1,"timestamp":279823326}
{"angleX":0,"angleY":-401,"contentY":131,"deviceType":4,"inverted":true,"overViewport":true,"phase":2,"pixelX":0,"pixelY":-34,"pointerX":796.765625,"pointerY":345.97265625,"source":1,"timestamp":279823334}
{"angleX":0,"angleY":-422,"contentY":165,"deviceType":4,"inverted":true,"overViewport":true,"phase":2,"pixelX":0,"pixelY":-35,"pointerX":796.765625,"pointerY":345.97265625,"source":1,"timestamp":279823341}
{"angleX":0,"angleY":-446,"contentY":200,"deviceType":4,"inverted":true,"overViewport":true,"phase":2,"pixelX":0,"pixelY":-37,"pointerX":796.765625,"pointerY":345.97265625,"source":1,"timestamp":279823348}
{"angleX":0,"angleY":-440,"contentY":237,"deviceType":4,"inverted":true,"overViewport":true,"phase":2,"pixelX":0,"pixelY":-37,"pointerX":796.765625,"pointerY":345.97265625,"source":1,"timestamp":279823355}
{"angleX":0,"angleY":0,"contentY":274,"deviceType":4,"inverted":true,"overViewport":true,"phase":3,"pixelX":0,"pixelY":0,"pointerX":796.765625,"pointerY":345.97265625,"source":0,"timestamp":279823368}
{"angleX":0,"angleY":0,"contentY":274,"deviceType":4,"inverted":true,"overViewport":true,"phase":3,"pixelX":0,"pixelY":0,"pointerX":796.765625,"pointerY":345.97265625,"source":0,"timestamp":279823368}
{"coastSample":1,"contentY":377.53589534579976,"endTimestamp":279823368,"flicking":true,"velocity":4570.26065298121}
{"coastSample":2,"contentY":470.1078670974847,"endTimestamp":279823368,"flicking":true,"velocity":4083.226856961646}
{"coastSample":3,"contentY":530.5465061139769,"endTimestamp":279823368,"flicking":true,"velocity":3766.0885711814767}
{"coastSample":4,"contentY":597.9398203931019,"endTimestamp":279823368,"flicking":true,"velocity":3256.4020404633197}
{"coastSample":5,"contentY":672.0047936062109,"endTimestamp":279823368,"flicking":true,"velocity":2678.757305649418}
{"coastSample":6,"contentY":707.7688699247285,"endTimestamp":279823368,"flicking":true,"velocity":2372.9453872185445}
{"coastSample":7,"contentY":752.7078752165073,"endTimestamp":279823368,"flicking":true,"velocity":1806.6270197539325}
{"coastSample":8,"contentY":787.962979279725,"endTimestamp":279823368,"flicking":true,"velocity":1251.6350196386115}
{"coastSample":9,"contentY":799.8565221269839,"endTimestamp":279823368,"flicking":true,"velocity":968.4758359063153}
{"coastSample":10,"contentY":814.1578465940112,"endTimestamp":279823368,"flicking":true,"velocity":413.4838357910088}
{"coastSample":11,"contentY":816,"endTimestamp":279823368,"flicking":false,"velocity":0}
{"coastSample":12,"contentY":816,"endTimestamp":279823368,"flicking":false,"velocity":0}
{"coastSample":13,"contentY":816,"endTimestamp":279823368,"flicking":false,"velocity":0}
{"coastSample":14,"contentY":816,"endTimestamp":279823368,"flicking":false,"velocity":0}
{"coastSample":15,"contentY":816,"endTimestamp":279823368,"flicking":false,"velocity":0}
{"angleX":0,"angleY":0,"contentY":816,"deviceType":4,"inverted":false,"overViewport":true,"phase":1,"pixelX":0,"pixelY":0,"pointerX":796.765625,"pointerY":345.97265625,"source":0,"timestamp":279823809}
{"angleX":0,"angleY":0,"contentY":816,"deviceType":4,"inverted":false,"overViewport":true,"phase":1,"pixelX":0,"pixelY":0,"pointerX":796.765625,"pointerY":345.97265625,"source":0,"timestamp":279823809}
{"angleX":0,"angleY":538,"contentY":816,"deviceType":4,"inverted":true,"overViewport":true,"phase":2,"pixelX":0,"pixelY":45,"pointerX":796.765625,"pointerY":345.97265625,"source":1,"timestamp":279823809}
{"angleX":0,"angleY":641,"contentY":771,"deviceType":4,"inverted":true,"overViewport":true,"phase":2,"pixelX":0,"pixelY":53,"pointerX":796.765625,"pointerY":345.97265625,"source":1,"timestamp":279823816}
{"angleX":0,"angleY":735,"contentY":718,"deviceType":4,"inverted":true,"overViewport":true,"phase":2,"pixelX":0,"pixelY":62,"pointerX":796.765625,"pointerY":345.97265625,"source":1,"timestamp":279823824}
{"angleX":0,"angleY":794,"contentY":656,"deviceType":4,"inverted":true,"overViewport":true,"phase":2,"pixelX":0,"pixelY":66,"pointerX":796.765625,"pointerY":345.97265625,"source":1,"timestamp":279823831}
{"angleX":0,"angleY":817,"contentY":590,"deviceType":4,"inverted":true,"overViewport":true,"phase":2,"pixelX":0,"pixelY":68,"pointerX":796.765625,"pointerY":345.97265625,"source":1,"timestamp":279823838}
{"angleX":0,"angleY":0,"contentY":522,"deviceType":4,"inverted":true,"overViewport":true,"phase":3,"pixelX":0,"pixelY":0,"pointerX":796.765625,"pointerY":345.97265625,"source":0,"timestamp":279823851}
{"angleX":0,"angleY":0,"contentY":522,"deviceType":4,"inverted":true,"overViewport":true,"phase":3,"pixelX":0,"pixelY":0,"pointerX":796.765625,"pointerY":345.97265625,"source":0,"timestamp":279823851}
{"coastSample":1,"contentY":403.60344827586204,"endTimestamp":279823851,"flicking":true,"velocity":-5448.275862068971}
{"coastSample":2,"contentY":286.91379310344826,"endTimestamp":279823851,"flicking":true,"velocity":-4620.689655172413}
{"coastSample":3,"contentY":228.01724137931035,"endTimestamp":279823851,"flicking":true,"velocity":-4189.655172413795}
{"coastSample":4,"contentY":152.34482758620686,"endTimestamp":279823851,"flicking":true,"velocity":-3431.0344827586205}
{"coastSample":5,"contentY":89.37931034482756,"endTimestamp":279823851,"flicking":true,"velocity":-2672.413793103446}
{"coastSample":6,"contentY":41.39655172413791,"endTimestamp":279823851,"flicking":true,"velocity":-1862.0689655172441}
{"coastSample":7,"contentY":11.655172413793025,"endTimestamp":279823851,"flicking":true,"velocity":-1068.965517241378}
{"coastSample":8,"contentY":3.8793103448275588,"endTimestamp":279823851,"flicking":true,"velocity":-706.8965517241332}
{"coastSample":9,"contentY":-0.00950011034495594,"endTimestamp":279823851,"flicking":true,"velocity":-15.517241379325242}
{"coastSample":10,"contentY":-0.009117041379433522,"endTimestamp":279823851,"flicking":true,"velocity":0.02284137931065338}
{"coastSample":11,"contentY":-0.008180544827696732,"endTimestamp":279823851,"flicking":true,"velocity":0.04520689655233487}
{"coastSample":12,"contentY":-0.007381096551823861,"endTimestamp":279823851,"flicking":true,"velocity":0.05853103448354946}
{"coastSample":13,"contentY":-0.005662758620766163,"endTimestamp":279823851,"flicking":true,"velocity":0.08089655172523087}
{"coastSample":14,"contentY":-0.004338121418143264,"endTimestamp":279823851,"flicking":true,"velocity":0.07309241379409095}
{"coastSample":15,"contentY":-0.002607538087018958,"endTimestamp":279823851,"flicking":true,"velocity":0.06789909029045596}
{"angleX":0,"angleY":0,"contentY":-6.309887991704649e-05,"deviceType":4,"inverted":false,"overViewport":true,"phase":1,"pixelX":0,"pixelY":0,"pointerX":796.765625,"pointerY":345.97265625,"source":0,"timestamp":279824328}
{"angleX":0,"angleY":0,"contentY":-6.309887991704649e-05,"deviceType":4,"inverted":false,"overViewport":true,"phase":1,"pixelX":0,"pixelY":0,"pointerX":796.765625,"pointerY":345.97265625,"source":0,"timestamp":279824328}
{"angleX":0,"angleY":-420,"contentY":-6.309887991704649e-05,"deviceType":4,"inverted":true,"overViewport":true,"phase":2,"pixelX":0,"pixelY":-35,"pointerX":796.765625,"pointerY":345.97265625,"source":1,"timestamp":279824328}
{"angleX":0,"angleY":-452,"contentY":34.99993690112008,"deviceType":4,"inverted":true,"overViewport":true,"phase":2,"pixelX":0,"pixelY":-38,"pointerX":796.765625,"pointerY":345.97265625,"source":1,"timestamp":279824336}
{"angleX":0,"angleY":-468,"contentY":72.99993690112008,"deviceType":4,"inverted":true,"overViewport":true,"phase":2,"pixelX":0,"pixelY":-39,"pointerX":796.765625,"pointerY":345.97265625,"source":1,"timestamp":279824343}
{"angleX":0,"angleY":-499,"contentY":111.99993690112008,"deviceType":4,"inverted":true,"overViewport":true,"phase":2,"pixelX":0,"pixelY":-41,"pointerX":796.765625,"pointerY":345.97265625,"source":1,"timestamp":279824350}
{"angleX":0,"angleY":-505,"contentY":152.99993690112007,"deviceType":4,"inverted":true,"overViewport":true,"phase":2,"pixelX":0,"pixelY":-42,"pointerX":796.765625,"pointerY":345.97265625,"source":1,"timestamp":279824357}
{"angleX":0,"angleY":-501,"contentY":194.99993690112007,"deviceType":4,"inverted":true,"overViewport":true,"phase":2,"pixelX":0,"pixelY":-42,"pointerX":796.765625,"pointerY":345.97265625,"source":1,"timestamp":279824364}
{"angleX":0,"angleY":-509,"contentY":236.99993690112007,"deviceType":4,"inverted":true,"overViewport":true,"phase":2,"pixelX":0,"pixelY":-43,"pointerX":796.765625,"pointerY":345.97265625,"source":1,"timestamp":279824372}
{"angleX":0,"angleY":0,"contentY":279.99993690112007,"deviceType":4,"inverted":true,"overViewport":true,"phase":3,"pixelX":0,"pixelY":0,"pointerX":796.765625,"pointerY":345.97265625,"source":0,"timestamp":279824385}
{"angleX":0,"angleY":0,"contentY":280,"deviceType":4,"inverted":true,"overViewport":true,"phase":3,"pixelX":0,"pixelY":0,"pointerX":796.765625,"pointerY":345.97265625,"source":0,"timestamp":279824385}
{"coastSample":1,"contentY":405.2616383520307,"endTimestamp":279824385,"flicking":true,"velocity":5257.352523966383}
{"coastSample":2,"contentY":513.8769105509799,"endTimestamp":279824385,"flicking":true,"velocity":4517.86366839471}
{"coastSample":3,"contentY":567.9047304142404,"endTimestamp":279824385,"flicking":true,"velocity":4155.986143327719}
{"coastSample":4,"contentY":647.2213953804251,"endTimestamp":279824385,"flicking":true,"velocity":3416.4972877560563}
{"coastSample":5,"contentY":713.8588746716036,"endTimestamp":279824385,"flicking":true,"velocity":2708.4760430597767}
{"coastSample":6,"contentY":762.022604871152,"endTimestamp":279824385,"flicking":true,"velocity":2016.188603801187}
{"coastSample":7,"contentY":783.3241094240067,"endTimestamp":279824385,"flicking":true,"velocity":1654.3110787342016}
{"coastSample":8,"contentY":806.5002950807188,"endTimestamp":279824385,"flicking":true,"velocity":930.5560286002219}
{"coastSample":9,"contentY":815.8959286817864,"endTimestamp":279824385,"flicking":true,"velocity":238.2685893416351}
{"coastSample":10,"contentY":816,"endTimestamp":279824385,"flicking":false,"velocity":0}
{"coastSample":11,"contentY":816,"endTimestamp":279824385,"flicking":false,"velocity":0}
{"coastSample":12,"contentY":816,"endTimestamp":279824385,"flicking":false,"velocity":0}
{"coastSample":13,"contentY":816,"endTimestamp":279824385,"flicking":false,"velocity":0}
{"coastSample":14,"contentY":816,"endTimestamp":279824385,"flicking":false,"velocity":0}
{"coastSample":15,"contentY":816,"endTimestamp":279824385,"flicking":false,"velocity":0}
{"angleX":0,"angleY":0,"contentY":816,"deviceType":4,"inverted":false,"overViewport":true,"phase":1,"pixelX":0,"pixelY":0,"pointerX":796.765625,"pointerY":345.97265625,"source":0,"timestamp":279825273}
{"angleX":0,"angleY":0,"contentY":816,"deviceType":4,"inverted":false,"overViewport":true,"phase":1,"pixelX":0,"pixelY":0,"pointerX":796.765625,"pointerY":345.97265625,"source":0,"timestamp":279825273}
{"angleX":0,"angleY":322,"contentY":816,"deviceType":4,"inverted":true,"overViewport":true,"phase":2,"pixelX":0,"pixelY":27,"pointerX":796.765625,"pointerY":345.97265625,"source":1,"timestamp":279825273}
{"angleX":0,"angleY":371,"contentY":789,"deviceType":4,"inverted":true,"overViewport":true,"phase":2,"pixelX":0,"pixelY":31,"pointerX":796.765625,"pointerY":345.97265625,"source":1,"timestamp":279825280}
{"angleX":0,"angleY":424,"contentY":758,"deviceType":4,"inverted":true,"overViewport":true,"phase":2,"pixelX":0,"pixelY":35,"pointerX":796.765625,"pointerY":345.97265625,"source":1,"timestamp":279825287}
{"angleX":0,"angleY":495,"contentY":723,"deviceType":4,"inverted":true,"overViewport":true,"phase":2,"pixelX":0,"pixelY":41,"pointerX":796.765625,"pointerY":345.97265625,"source":1,"timestamp":279825295}
{"angleX":0,"angleY":538,"contentY":682,"deviceType":4,"inverted":true,"overViewport":true,"phase":2,"pixelX":0,"pixelY":45,"pointerX":796.765625,"pointerY":345.97265625,"source":1,"timestamp":279825302}
{"angleX":0,"angleY":582,"contentY":637,"deviceType":4,"inverted":true,"overViewport":true,"phase":2,"pixelX":0,"pixelY":49,"pointerX":796.765625,"pointerY":345.97265625,"source":1,"timestamp":279825309}
{"angleX":0,"angleY":224,"contentY":588,"deviceType":4,"inverted":true,"overViewport":true,"phase":2,"pixelX":0,"pixelY":18,"pointerX":796.765625,"pointerY":345.97265625,"source":1,"timestamp":279825317}
{"angleX":0,"angleY":462,"contentY":570,"deviceType":4,"inverted":true,"overViewport":true,"phase":2,"pixelX":0,"pixelY":39,"pointerX":796.765625,"pointerY":345.97265625,"source":1,"timestamp":279825324}
{"angleX":0,"angleY":570,"contentY":531,"deviceType":4,"inverted":true,"overViewport":true,"phase":2,"pixelX":0,"pixelY":47,"pointerX":796.765625,"pointerY":345.97265625,"source":1,"timestamp":279825331}
{"angleX":0,"angleY":544,"contentY":484,"deviceType":4,"inverted":true,"overViewport":true,"phase":2,"pixelX":0,"pixelY":46,"pointerX":796.765625,"pointerY":345.97265625,"source":1,"timestamp":279825338}
{"angleX":0,"angleY":548,"contentY":438,"deviceType":4,"inverted":true,"overViewport":true,"phase":2,"pixelX":0,"pixelY":45,"pointerX":796.765625,"pointerY":345.97265625,"source":1,"timestamp":279825345}
{"angleX":0,"angleY":0,"contentY":393,"deviceType":4,"inverted":true,"overViewport":true,"phase":3,"pixelX":0,"pixelY":0,"pointerX":796.765625,"pointerY":345.97265625,"source":0,"timestamp":279825351}
{"angleX":0,"angleY":0,"contentY":393,"deviceType":4,"inverted":true,"overViewport":true,"phase":3,"pixelX":0,"pixelY":0,"pointerX":796.765625,"pointerY":345.97265625,"source":0,"timestamp":279825351}
{"coastSample":1,"contentY":272.08396946564886,"endTimestamp":279825351,"flicking":true,"velocity":-5221.374045801525}
{"coastSample":2,"contentY":169.3740458015267,"endTimestamp":279825351,"flicking":true,"velocity":-4167.938931297709}
{"coastSample":3,"contentY":90.89312977099235,"endTimestamp":279825351,"flicking":true,"velocity":-3114.5038167938937}
{"coastSample":4,"contentY":59.56488549618325,"endTimestamp":279825351,"flicking":true,"velocity":-2587.786259541975}
{"coastSample":5,"contentY":19.259541984732778,"endTimestamp":279825351,"flicking":true,"velocity":-1580.1526717557304}
{"coastSample":6,"contentY":0.8244274809160288,"endTimestamp":279825351,"flicking":true,"velocity":-526.7175572519136}
{"coastSample":7,"contentY":0,"endTimestamp":279825351,"flicking":false,"velocity":0}
{"coastSample":8,"contentY":0,"endTimestamp":279825351,"flicking":false,"velocity":0}
{"coastSample":9,"contentY":0,"endTimestamp":279825351,"flicking":false,"velocity":0}
{"coastSample":10,"contentY":0,"endTimestamp":279825351,"flicking":false,"velocity":0}
{"coastSample":11,"contentY":0,"endTimestamp":279825351,"flicking":false,"velocity":0}
{"coastSample":12,"contentY":0,"endTimestamp":279825351,"flicking":false,"velocity":0}
{"coastSample":13,"contentY":0,"endTimestamp":279825351,"flicking":false,"velocity":0}
{"coastSample":14,"contentY":0,"endTimestamp":279825351,"flicking":false,"velocity":0}
{"coastSample":15,"contentY":0,"endTimestamp":279825351,"flicking":false,"velocity":0}
{"angleX":0,"angleY":0,"contentY":0,"deviceType":4,"inverted":false,"overViewport":true,"phase":1,"pixelX":0,"pixelY":0,"pointerX":796.765625,"pointerY":345.97265625,"source":0,"timestamp":279825814}
{"angleX":0,"angleY":0,"contentY":0,"deviceType":4,"inverted":false,"overViewport":true,"phase":1,"pixelX":0,"pixelY":0,"pointerX":796.765625,"pointerY":345.97265625,"source":0,"timestamp":279825814}
{"angleX":0,"angleY":-318,"contentY":0,"deviceType":4,"inverted":true,"overViewport":true,"phase":2,"pixelX":0,"pixelY":-26,"pointerX":796.765625,"pointerY":345.97265625,"source":1,"timestamp":279825814}
{"angleX":0,"angleY":-362,"contentY":26,"deviceType":4,"inverted":true,"overViewport":true,"phase":2,"pixelX":0,"pixelY":-31,"pointerX":796.765625,"pointerY":345.97265625,"source":1,"timestamp":279825821}
{"angleX":0,"angleY":-391,"contentY":57,"deviceType":4,"inverted":true,"overViewport":true,"phase":2,"pixelX":0,"pixelY":-32,"pointerX":796.765625,"pointerY":345.97265625,"source":1,"timestamp":279825828}
{"angleX":0,"angleY":-432,"contentY":89,"deviceType":4,"inverted":true,"overViewport":true,"phase":2,"pixelX":0,"pixelY":-36,"pointerX":796.765625,"pointerY":345.97265625,"source":1,"timestamp":279825835}
{"angleX":0,"angleY":-458,"contentY":125,"deviceType":4,"inverted":true,"overViewport":true,"phase":2,"pixelX":0,"pixelY":-38,"pointerX":796.765625,"pointerY":345.97265625,"source":1,"timestamp":279825842}
{"angleX":0,"angleY":-481,"contentY":163,"deviceType":4,"inverted":true,"overViewport":true,"phase":2,"pixelX":0,"pixelY":-40,"pointerX":796.765625,"pointerY":345.97265625,"source":1,"timestamp":279825850}
{"angleX":0,"angleY":-485,"contentY":203,"deviceType":4,"inverted":true,"overViewport":true,"phase":2,"pixelX":0,"pixelY":-41,"pointerX":796.765625,"pointerY":345.97265625,"source":1,"timestamp":279825857}
{"angleX":0,"angleY":-485,"contentY":244,"deviceType":4,"inverted":true,"overViewport":true,"phase":2,"pixelX":0,"pixelY":-40,"pointerX":796.765625,"pointerY":345.97265625,"source":1,"timestamp":279825864}
{"angleX":0,"angleY":-466,"contentY":284,"deviceType":4,"inverted":true,"overViewport":true,"phase":2,"pixelX":0,"pixelY":-39,"pointerX":796.765625,"pointerY":345.97265625,"source":1,"timestamp":279825871}
{"angleX":0,"angleY":-420,"contentY":323,"deviceType":4,"inverted":true,"overViewport":true,"phase":2,"pixelX":0,"pixelY":-35,"pointerX":796.765625,"pointerY":345.97265625,"source":1,"timestamp":279825878}
{"angleX":0,"angleY":-344,"contentY":358,"deviceType":4,"inverted":true,"overViewport":true,"phase":2,"pixelX":0,"pixelY":-29,"pointerX":796.765625,"pointerY":345.97265625,"source":1,"timestamp":279825886}
{"angleX":0,"angleY":0,"contentY":387,"deviceType":4,"inverted":true,"overViewport":true,"phase":3,"pixelX":0,"pixelY":0,"pointerX":796.765625,"pointerY":345.97265625,"source":0,"timestamp":279825899}
{"angleX":0,"angleY":0,"contentY":387,"deviceType":4,"inverted":true,"overViewport":true,"phase":3,"pixelX":0,"pixelY":0,"pointerX":796.765625,"pointerY":345.97265625,"source":0,"timestamp":279825899}
{"coastSample":1,"contentY":489.5204638646324,"endTimestamp":279825899,"flicking":true,"velocity":4486.753364752809}
{"coastSample":2,"contentY":581.7566079637438,"endTimestamp":279825899,"flicking":true,"velocity":3822.5604380738214}
{"coastSample":3,"contentY":655.6878980278465,"endTimestamp":279825899,"flicking":true,"velocity":3187.2454647287327}
{"coastSample":4,"contentY":715.6422586783566,"endTimestamp":279825899,"flicking":true,"velocity":2551.930491383621}
{"coastSample":5,"contentY":740.3780904735146,"endTimestamp":279825899,"flicking":true,"velocity":2234.273004711065}
{"coastSample":6,"contentY":779.3670570036362,"endTimestamp":279825899,"flicking":true,"velocity":1613.3970080328895}
{"coastSample":7,"contentY":803.545401852147,"endTimestamp":279825899,"flicking":true,"velocity":992.5210113547109}
{"coastSample":8,"contentY":815.4142018231025,"endTimestamp":279825899,"flicking":true,"velocity":342.7670613426802}
{"coastSample":9,"contentY":816,"endTimestamp":279825899,"flicking":false,"velocity":0}
{"coastSample":10,"contentY":816,"endTimestamp":279825899,"flicking":false,"velocity":0}
{"coastSample":11,"contentY":816,"endTimestamp":279825899,"flicking":false,"velocity":0}
{"coastSample":12,"contentY":816,"endTimestamp":279825899,"flicking":false,"velocity":0}
{"coastSample":13,"contentY":816,"endTimestamp":279825899,"flicking":false,"velocity":0}
{"coastSample":14,"contentY":816,"endTimestamp":279825899,"flicking":false,"velocity":0}
{"coastSample":15,"contentY":816,"endTimestamp":279825899,"flicking":false,"velocity":0}
{"angleX":0,"angleY":0,"contentY":816,"deviceType":4,"inverted":false,"overViewport":true,"phase":1,"pixelX":0,"pixelY":0,"pointerX":796.765625,"pointerY":345.97265625,"source":0,"timestamp":279826628}
{"angleX":0,"angleY":0,"contentY":816,"deviceType":4,"inverted":false,"overViewport":true,"phase":1,"pixelX":0,"pixelY":0,"pointerX":796.765625,"pointerY":345.97265625,"source":0,"timestamp":279826628}
{"angleX":0,"angleY":55,"contentY":816,"deviceType":4,"inverted":true,"overViewport":true,"phase":2,"pixelX":0,"pixelY":5,"pointerX":796.765625,"pointerY":345.97265625,"source":1,"timestamp":279826628}
{"angleX":0,"angleY":53,"contentY":811,"deviceType":4,"inverted":true,"overViewport":true,"phase":2,"pixelX":0,"pixelY":4,"pointerX":796.765625,"pointerY":345.97265625,"source":1,"timestamp":279826635}
{"angleX":0,"angleY":61,"contentY":807,"deviceType":4,"inverted":true,"overViewport":true,"phase":2,"pixelX":0,"pixelY":5,"pointerX":796.765625,"pointerY":345.97265625,"source":1,"timestamp":279826642}
{"angleX":0,"angleY":61,"contentY":802,"deviceType":4,"inverted":true,"overViewport":true,"phase":2,"pixelX":0,"pixelY":5,"pointerX":796.765625,"pointerY":345.97265625,"source":1,"timestamp":279826649}
{"angleX":0,"angleY":59,"contentY":797,"deviceType":4,"inverted":true,"overViewport":true,"phase":2,"pixelX":0,"pixelY":5,"pointerX":796.765625,"pointerY":345.97265625,"source":1,"timestamp":279826657}
{"angleX":0,"angleY":59,"contentY":792,"deviceType":4,"inverted":true,"overViewport":true,"phase":2,"pixelX":0,"pixelY":5,"pointerX":796.765625,"pointerY":345.97265625,"source":1,"timestamp":279826664}
{"angleX":0,"angleY":55,"contentY":787,"deviceType":4,"inverted":true,"overViewport":true,"phase":2,"pixelX":0,"pixelY":5,"pointerX":796.765625,"pointerY":345.97265625,"source":1,"timestamp":279826671}
{"angleX":0,"angleY":55,"contentY":782,"deviceType":4,"inverted":true,"overViewport":true,"phase":2,"pixelX":0,"pixelY":4,"pointerX":796.765625,"pointerY":345.97265625,"source":1,"timestamp":279826678}
{"angleX":0,"angleY":47,"contentY":778,"deviceType":4,"inverted":true,"overViewport":true,"phase":2,"pixelX":0,"pixelY":4,"pointerX":796.765625,"pointerY":345.97265625,"source":1,"timestamp":279826685}
{"angleX":0,"angleY":43,"contentY":774,"deviceType":4,"inverted":true,"overViewport":true,"phase":2,"pixelX":0,"pixelY":4,"pointerX":796.765625,"pointerY":345.97265625,"source":1,"timestamp":279826692}
{"angleX":0,"angleY":37,"contentY":770,"deviceType":4,"inverted":true,"overViewport":true,"phase":2,"pixelX":0,"pixelY":3,"pointerX":796.765625,"pointerY":345.97265625,"source":1,"timestamp":279826700}
{"angleX":0,"angleY":33,"contentY":767,"deviceType":4,"inverted":true,"overViewport":true,"phase":2,"pixelX":0,"pixelY":2,"pointerX":796.765625,"pointerY":345.97265625,"source":1,"timestamp":279826707}
{"angleX":0,"angleY":24,"contentY":765,"deviceType":4,"inverted":true,"overViewport":true,"phase":2,"pixelX":0,"pixelY":2,"pointerX":796.765625,"pointerY":345.97265625,"source":1,"timestamp":279826714}
{"angleX":0,"angleY":20,"contentY":763,"deviceType":4,"inverted":true,"overViewport":true,"phase":2,"pixelX":0,"pixelY":2,"pointerX":796.765625,"pointerY":345.97265625,"source":1,"timestamp":279826721}
{"angleX":0,"angleY":16,"contentY":761,"deviceType":4,"inverted":true,"overViewport":true,"phase":2,"pixelX":0,"pixelY":2,"pointerX":796.765625,"pointerY":345.97265625,"source":1,"timestamp":279826728}
{"angleX":0,"angleY":6,"contentY":759,"deviceType":4,"inverted":true,"overViewport":true,"phase":2,"pixelX":0,"pixelY":0,"pointerX":796.765625,"pointerY":345.97265625,"source":1,"timestamp":279826736}
{"angleX":0,"angleY":2,"contentY":758.0650415697099,"deviceType":4,"inverted":true,"overViewport":true,"phase":2,"pixelX":0,"pixelY":0,"pointerX":796.765625,"pointerY":345.97265625,"source":1,"timestamp":279826750}
{"angleX":0,"angleY":2,"contentY":756.865070094808,"deviceType":4,"inverted":true,"overViewport":true,"phase":2,"pixelX":0,"pixelY":0,"pointerX":796.765625,"pointerY":345.97265625,"source":1,"timestamp":279827067}
{"angleX":0,"angleY":29,"contentY":756.8376346488911,"deviceType":4,"inverted":true,"overViewport":true,"phase":2,"pixelX":0,"pixelY":3,"pointerX":796.765625,"pointerY":345.97265625,"source":1,"timestamp":279827074}
{"angleX":0,"angleY":51,"contentY":753.8376346488911,"deviceType":4,"inverted":true,"overViewport":true,"phase":2,"pixelX":0,"pixelY":4,"pointerX":796.765625,"pointerY":345.97265625,"source":1,"timestamp":279827081}
{"angleX":0,"angleY":83,"contentY":749.8376346488911,"deviceType":4,"inverted":true,"overViewport":true,"phase":2,"pixelX":0,"pixelY":7,"pointerX":796.765625,"pointerY":345.97265625,"source":1,"timestamp":279827088}
{"angleX":0,"angleY":106,"contentY":742.8376346488911,"deviceType":4,"inverted":true,"overViewport":true,"phase":2,"pixelX":0,"pixelY":9,"pointerX":796.765625,"pointerY":345.97265625,"source":1,"timestamp":279827096}
{"angleX":0,"angleY":136,"contentY":733.8376346488911,"deviceType":4,"inverted":true,"overViewport":true,"phase":2,"pixelX":0,"pixelY":11,"pointerX":796.765625,"pointerY":345.97265625,"source":1,"timestamp":279827103}
{"angleX":0,"angleY":159,"contentY":722.8376346488911,"deviceType":4,"inverted":true,"overViewport":true,"phase":2,"pixelX":0,"pixelY":13,"pointerX":796.765625,"pointerY":345.97265625,"source":1,"timestamp":279827110}
{"angleX":0,"angleY":183,"contentY":709.8376346488911,"deviceType":4,"inverted":true,"overViewport":true,"phase":2,"pixelX":0,"pixelY":16,"pointerX":796.765625,"pointerY":345.97265625,"source":1,"timestamp":279827117}
{"angleX":0,"angleY":183,"contentY":693.8376346488911,"deviceType":4,"inverted":true,"overViewport":true,"phase":2,"pixelX":0,"pixelY":15,"pointerX":796.765625,"pointerY":345.97265625,"source":1,"timestamp":279827124}
{"angleX":0,"angleY":191,"contentY":678.8376346488911,"deviceType":4,"inverted":true,"overViewport":true,"phase":2,"pixelX":0,"pixelY":16,"pointerX":796.765625,"pointerY":345.97265625,"source":1,"timestamp":279827132}
{"angleX":0,"angleY":200,"contentY":662.8376346488911,"deviceType":4,"inverted":true,"overViewport":true,"phase":2,"pixelX":0,"pixelY":16,"pointerX":796.765625,"pointerY":345.97265625,"source":1,"timestamp":279827139}
{"angleX":0,"angleY":200,"contentY":646.8376346488911,"deviceType":4,"inverted":true,"overViewport":true,"phase":2,"pixelX":0,"pixelY":17,"pointerX":796.765625,"pointerY":345.97265625,"source":1,"timestamp":279827146}
{"angleX":0,"angleY":208,"contentY":629.8376346488911,"deviceType":4,"inverted":true,"overViewport":true,"phase":2,"pixelX":0,"pixelY":17,"pointerX":796.765625,"pointerY":345.97265625,"source":1,"timestamp":279827153}
{"angleX":0,"angleY":210,"contentY":612.8376346488911,"deviceType":4,"inverted":true,"overViewport":true,"phase":2,"pixelX":0,"pixelY":18,"pointerX":796.765625,"pointerY":345.97265625,"source":1,"timestamp":279827160}
{"angleX":0,"angleY":218,"contentY":594.8376346488911,"deviceType":4,"inverted":true,"overViewport":true,"phase":2,"pixelX":0,"pixelY":18,"pointerX":796.765625,"pointerY":345.97265625,"source":1,"timestamp":279827168}
{"angleX":0,"angleY":216,"contentY":576.8376346488911,"deviceType":4,"inverted":true,"overViewport":true,"phase":2,"pixelX":0,"pixelY":18,"pointerX":796.765625,"pointerY":345.97265625,"source":1,"timestamp":279827175}
{"angleX":0,"angleY":218,"contentY":558.8376346488911,"deviceType":4,"inverted":true,"overViewport":true,"phase":2,"pixelX":0,"pixelY":18,"pointerX":796.765625,"pointerY":345.97265625,"source":1,"timestamp":279827182}
{"angleX":0,"angleY":0,"contentY":540.8376346488911,"deviceType":4,"inverted":true,"overViewport":true,"phase":3,"pixelX":0,"pixelY":0,"pointerX":796.765625,"pointerY":345.97265625,"source":0,"timestamp":279827195}
{"angleX":0,"angleY":0,"contentY":541,"deviceType":4,"inverted":true,"overViewport":true,"phase":3,"pixelX":0,"pixelY":0,"pointerX":796.765625,"pointerY":345.97265625,"source":0,"timestamp":279827195}
{"coastSample":1,"contentY":485.2223054331194,"endTimestamp":279827195,"flicking":true,"velocity":-2390.70622978281}
{"coastSample":2,"contentY":434.70862935848436,"endTimestamp":279827195,"flicking":true,"velocity":-2261.6652599117288}
{"coastSample":3,"contentY":384.86681940567354,"endTimestamp":279827195,"flicking":true,"velocity":-2129.7567129324025}
{"coastSample":4,"contentY":360.06677920706176,"endTimestamp":279827195,"flicking":true,"velocity":-2060.9348623344886}
{"coastSample":5,"contentY":316.74498651990837,"endTimestamp":279827195,"flicking":true,"velocity":-1934.7614695716516}
{"coastSample":6,"contentY":274.4219637449192,"endTimestamp":279827195,"flicking":true,"velocity":-1802.8529225923253}
{"coastSample":7,"contentY":233.4934365230323,"endTimestamp":279827195,"flicking":true,"velocity":-1668.076798504749}
{"coastSample":8,"contentY":214.26796622285121,"endTimestamp":279827195,"flicking":true,"velocity":-1596.387370798601}
{"coastSample":9,"contentY":181.16621834948745,"endTimestamp":279827195,"flicking":true,"velocity":-1470.213978035764}
{"coastSample":10,"contentY":149.52778787982385,"endTimestamp":279827195,"flicking":true,"velocity":-1338.3054310564319}
{"coastSample":11,"contentY":120.92325399068477,"endTimestamp":279827195,"flicking":true,"velocity":-1206.396884077111}
{"coastSample":12,"contentY":107.20353173833655,"endTimestamp":279827195,"flicking":true,"velocity":-1137.5750334791917}
{"coastSample":13,"contentY":82.24167385516478,"endTimestamp":279827195,"flicking":true,"velocity":-999.9313322833814}
{"coastSample":14,"contentY":61.41974423780607,"endTimestamp":279827195,"flicking":true,"velocity":-868.0227853040378}
{"coastSample":15,"contentY":51.760511170734446,"endTimestamp":279827195,"flicking":true,"velocity":-799.2009347061412}
{"angleX":0,"angleY":0,"contentY":0,"deviceType":4,"inverted":false,"overViewport":true,"phase":1,"pixelX":0,"pixelY":0,"pointerX":796.765625,"pointerY":345.97265625,"source":0,"timestamp":279827795}
{"angleX":0,"angleY":0,"contentY":0,"deviceType":4,"inverted":false,"overViewport":true,"phase":1,"pixelX":0,"pixelY":0,"pointerX":796.765625,"pointerY":345.97265625,"source":0,"timestamp":279827795}
{"angleX":0,"angleY":-94,"contentY":0,"deviceType":4,"inverted":true,"overViewport":true,"phase":2,"pixelX":0,"pixelY":-8,"pointerX":796.765625,"pointerY":345.97265625,"source":1,"timestamp":279827795}
{"angleX":0,"angleY":-173,"contentY":8,"deviceType":4,"inverted":true,"overViewport":true,"phase":2,"pixelX":0,"pixelY":-14,"pointerX":796.765625,"pointerY":345.97265625,"source":1,"timestamp":279827802}
{"angleX":0,"angleY":-228,"contentY":22,"deviceType":4,"inverted":true,"overViewport":true,"phase":2,"pixelX":0,"pixelY":-19,"pointerX":796.765625,"pointerY":345.97265625,"source":1,"timestamp":279827809}
{"angleX":0,"angleY":-273,"contentY":41,"deviceType":4,"inverted":true,"overViewport":true,"phase":2,"pixelX":0,"pixelY":-23,"pointerX":796.765625,"pointerY":345.97265625,"source":1,"timestamp":279827816}
{"angleX":0,"angleY":-301,"contentY":64,"deviceType":4,"inverted":true,"overViewport":true,"phase":2,"pixelX":0,"pixelY":-25,"pointerX":796.765625,"pointerY":345.97265625,"source":1,"timestamp":279827824}
{"angleX":0,"angleY":-332,"contentY":89,"deviceType":4,"inverted":true,"overViewport":true,"phase":2,"pixelX":0,"pixelY":-28,"pointerX":796.765625,"pointerY":345.97265625,"source":1,"timestamp":279827831}
{"angleX":0,"angleY":-348,"contentY":117,"deviceType":4,"inverted":true,"overViewport":true,"phase":2,"pixelX":0,"pixelY":-29,"pointerX":796.765625,"pointerY":345.97265625,"source":1,"timestamp":279827838}
{"angleX":0,"angleY":-367,"contentY":146,"deviceType":4,"inverted":true,"overViewport":true,"phase":2,"pixelX":0,"pixelY":-30,"pointerX":796.765625,"pointerY":345.97265625,"source":1,"timestamp":279827845}
{"angleX":0,"angleY":-360,"contentY":176,"deviceType":4,"inverted":true,"overViewport":true,"phase":2,"pixelX":0,"pixelY":-30,"pointerX":796.765625,"pointerY":345.97265625,"source":1,"timestamp":279827852}
{"angleX":0,"angleY":-356,"contentY":206,"deviceType":4,"inverted":true,"overViewport":true,"phase":2,"pixelX":0,"pixelY":-30,"pointerX":796.765625,"pointerY":345.97265625,"source":1,"timestamp":279827860}
{"angleX":0,"angleY":-336,"contentY":236,"deviceType":4,"inverted":true,"overViewport":true,"phase":2,"pixelX":0,"pixelY":-28,"pointerX":796.765625,"pointerY":345.97265625,"source":1,"timestamp":279827867}
{"angleX":0,"angleY":-318,"contentY":264,"deviceType":4,"inverted":true,"overViewport":true,"phase":2,"pixelX":0,"pixelY":-27,"pointerX":796.765625,"pointerY":345.97265625,"source":1,"timestamp":279827874}
{"angleX":0,"angleY":0,"contentY":291,"deviceType":4,"inverted":true,"overViewport":true,"phase":3,"pixelX":0,"pixelY":0,"pointerX":796.765625,"pointerY":345.97265625,"source":0,"timestamp":279827887}
{"angleX":0,"angleY":0,"contentY":291,"deviceType":4,"inverted":true,"overViewport":true,"phase":3,"pixelX":0,"pixelY":0,"pointerX":796.765625,"pointerY":345.97265625,"source":0,"timestamp":279827887}
{"coastSample":1,"contentY":378.4072512375486,"endTimestamp":279827887,"flicking":true,"velocity":3702.589741253649}
{"coastSample":2,"contentY":457.8611478073372,"endTimestamp":279827887,"flicking":true,"velocity":3364.3090606778405}
{"coastSample":3,"contentY":502.330402696793,"endTimestamp":279827887,"flicking":true,"velocity":3093.6845162171944}
{"coastSample":4,"contentY":566.2569204020895,"endTimestamp":279827887,"flicking":true,"velocity":2815.542623299325}
{"coastSample":5,"contentY":625.3087332589286,"endTimestamp":279827887,"flicking":true,"velocity":2477.261942723513}
{"coastSample":6,"contentY":676.4071914480078,"endTimestamp":279827887,"flicking":true,"velocity":2123.946565233234}
{"coastSample":7,"contentY":699.9099702380953,"endTimestamp":279827887,"flicking":true,"velocity":1951.0475507167214}
{"coastSample":8,"contentY":740.4205387512147,"endTimestamp":279827887,"flicking":true,"velocity":1582.6974763119551}
{"coastSample":9,"contentY":769.9476699161808,"endTimestamp":279827887,"flicking":true,"velocity":1251.9341441933989}
{"coastSample":10,"contentY":784.9489188532557,"endTimestamp":279827887,"flicking":true,"velocity":1079.0351296768883}
{"coastSample":11,"contentY":802.5685700619533,"endTimestamp":279827887,"flicking":true,"velocity":710.6850552721085}
{"coastSample":12,"contentY":813.490855047376,"endTimestamp":279827887,"flicking":true,"velocity":349.8523293245853}
{"coastSample":13,"contentY":815.8629585762878,"endTimestamp":279827887,"flicking":true,"velocity":169.4359663508294}
{"coastSample":14,"contentY":816,"endTimestamp":279827887,"flicking":false,"velocity":0}
{"coastSample":15,"contentY":816,"endTimestamp":279827887,"flicking":false,"velocity":0}
{"angleX":0,"angleY":0,"contentY":816,"deviceType":4,"inverted":false,"overViewport":true,"phase":1,"pixelX":0,"pixelY":0,"pointerX":780.3515625,"pointerY":685.7421875,"source":0,"timestamp":279828459}
{"angleX":0,"angleY":0,"contentY":816,"deviceType":4,"inverted":false,"overViewport":true,"phase":1,"pixelX":0,"pixelY":0,"pointerX":780.3515625,"pointerY":685.7421875,"source":0,"timestamp":279828459}
{"angleX":0,"angleY":212,"contentY":816,"deviceType":4,"inverted":true,"overViewport":true,"phase":2,"pixelX":0,"pixelY":18,"pointerX":780.3515625,"pointerY":685.7421875,"source":1,"timestamp":279828459}
{"angleX":0,"angleY":218,"contentY":798,"deviceType":4,"inverted":true,"overViewport":true,"phase":2,"pixelX":0,"pixelY":18,"pointerX":780.3515625,"pointerY":685.7421875,"source":1,"timestamp":279828465}
{"angleX":0,"angleY":214,"contentY":780,"deviceType":4,"inverted":true,"overViewport":true,"phase":2,"pixelX":0,"pixelY":18,"pointerX":780.3515625,"pointerY":685.7421875,"source":1,"timestamp":279828472}
{"angleX":0,"angleY":200,"contentY":762,"deviceType":4,"inverted":true,"overViewport":true,"phase":2,"pixelX":0,"pixelY":16,"pointerX":780.3515625,"pointerY":685.7421875,"source":1,"timestamp":279828480}
{"angleX":0,"angleY":169,"contentY":746,"deviceType":4,"inverted":true,"overViewport":true,"phase":2,"pixelX":0,"pixelY":14,"pointerX":780.3515625,"pointerY":685.7421875,"source":1,"timestamp":279828487}
{"angleX":0,"angleY":175,"contentY":732,"deviceType":4,"inverted":true,"overViewport":true,"phase":2,"pixelX":0,"pixelY":15,"pointerX":780.3515625,"pointerY":685.7421875,"source":1,"timestamp":279828494}
{"angleX":0,"angleY":161,"contentY":717,"deviceType":4,"inverted":true,"overViewport":true,"phase":2,"pixelX":0,"pixelY":13,"pointerX":780.3515625,"pointerY":685.7421875,"source":1,"timestamp":279828501}
{"angleX":0,"angleY":181,"contentY":704,"deviceType":4,"inverted":true,"overViewport":true,"phase":2,"pixelX":0,"pixelY":15,"pointerX":780.3515625,"pointerY":685.7421875,"source":1,"timestamp":279828508}
{"angleX":0,"angleY":169,"contentY":689,"deviceType":4,"inverted":true,"overViewport":true,"phase":2,"pixelX":0,"pixelY":15,"pointerX":780.3515625,"pointerY":685.7421875,"source":1,"timestamp":279828515}
{"angleX":0,"angleY":0,"contentY":674,"deviceType":4,"inverted":true,"overViewport":true,"phase":3,"pixelX":0,"pixelY":0,"pointerX":780.3515625,"pointerY":685.7421875,"source":0,"timestamp":279828528}
{"angleX":0,"angleY":0,"contentY":674,"deviceType":4,"inverted":true,"overViewport":true,"phase":3,"pixelX":0,"pixelY":0,"pointerX":780.3515625,"pointerY":685.7421875,"source":0,"timestamp":279828528}
{"coastSample":1,"contentY":625.2024465572579,"endTimestamp":279828528,"flicking":true,"velocity":-2012.5412553745614}
{"coastSample":2,"contentY":580.1585890661903,"endTimestamp":279828528,"flicking":true,"velocity":-1939.3299975776638}
{"coastSample":3,"contentY":557.3258966420397,"endTimestamp":279828528,"flicking":true,"velocity":-1902.724368679219}
{"coastSample":4,"contentY":516.6564392448374,"endTimestamp":279828528,"flicking":true,"velocity":-1831.1046599648698}
{"coastSample":5,"contentY":477.5276013595349,"endTimestamp":279828528,"flicking":true,"velocity":-1761.076500333073}
{"coastSample":6,"contentY":438.26743323442133,"endTimestamp":279828528,"flicking":true,"velocity":-1686.2736934536429}
{"coastSample":7,"contentY":400.6911240386362,"endTimestamp":279828528,"flicking":true,"velocity":-1614.653984739298}
{"coastSample":8,"contentY":383.3150850844789,"endTimestamp":279828528,"flicking":true,"velocity":-1578.0483558408548}
{"coastSample":9,"contentY":363.27632963422764,"endTimestamp":279828528,"flicking":true,"velocity":-1541.4427269424004}
{"coastSample":10,"contentY":314.8246911524254,"endTimestamp":279828528,"flicking":true,"velocity":-1433.217389329617}
{"coastSample":11,"contentY":296.6894284048931,"endTimestamp":279828528,"flicking":true,"velocity":-1390.2455641010135}
{"coastSample":12,"contentY":264.6222389178223,"endTimestamp":279828528,"flicking":true,"velocity":-1315.442757221583}
{"coastSample":13,"contentY":234.3885139738387,"endTimestamp":279828528,"flicking":true,"velocity":-1239.0484012596207}
{"coastSample":14,"contentY":218.77744807121655,"endTimestamp":279828528,"flicking":true,"velocity":-1202.4427723611666}
{"coastSample":15,"contentY":192.4756725761522,"endTimestamp":279828528,"flicking":true,"velocity":-1122.8653182341134}
{"angleX":0,"angleY":0,"contentY":0,"deviceType":4,"inverted":false,"overViewport":true,"phase":1,"pixelX":0,"pixelY":0,"pointerX":780.3515625,"pointerY":685.7421875,"source":0,"timestamp":279829250}
{"angleX":0,"angleY":0,"contentY":0,"deviceType":4,"inverted":false,"overViewport":true,"phase":1,"pixelX":0,"pixelY":0,"pointerX":780.3515625,"pointerY":685.7421875,"source":0,"timestamp":279829250}
{"angleX":0,"angleY":126,"contentY":0,"deviceType":4,"inverted":true,"overViewport":true,"phase":2,"pixelX":0,"pixelY":11,"pointerX":780.3515625,"pointerY":685.7421875,"source":1,"timestamp":279829250}
{"angleX":0,"angleY":141,"contentY":0,"deviceType":4,"inverted":true,"overViewport":true,"phase":2,"pixelX":0,"pixelY":11,"pointerX":780.3515625,"pointerY":685.7421875,"source":1,"timestamp":279829257}
{"angleX":0,"angleY":159,"contentY":0,"deviceType":4,"inverted":true,"overViewport":true,"phase":2,"pixelX":0,"pixelY":13,"pointerX":780.3515625,"pointerY":685.7421875,"source":1,"timestamp":279829264}
{"angleX":0,"angleY":175,"contentY":0,"deviceType":4,"inverted":true,"overViewport":true,"phase":2,"pixelX":0,"pixelY":15,"pointerX":780.3515625,"pointerY":685.7421875,"source":1,"timestamp":279829272}
{"angleX":0,"angleY":171,"contentY":0,"deviceType":4,"inverted":true,"overViewport":true,"phase":2,"pixelX":0,"pixelY":14,"pointerX":780.3515625,"pointerY":685.7421875,"source":1,"timestamp":279829279}
{"angleX":0,"angleY":169,"contentY":0,"deviceType":4,"inverted":true,"overViewport":true,"phase":2,"pixelX":0,"pixelY":14,"pointerX":780.3515625,"pointerY":685.7421875,"source":1,"timestamp":279829286}
{"angleX":0,"angleY":163,"contentY":0,"deviceType":4,"inverted":true,"overViewport":true,"phase":2,"pixelX":0,"pixelY":14,"pointerX":780.3515625,"pointerY":685.7421875,"source":1,"timestamp":279829293}
{"angleX":0,"angleY":151,"contentY":0,"deviceType":4,"inverted":true,"overViewport":true,"phase":2,"pixelX":0,"pixelY":13,"pointerX":780.3515625,"pointerY":685.7421875,"source":1,"timestamp":279829300}
{"angleX":0,"angleY":147,"contentY":0,"deviceType":4,"inverted":true,"overViewport":true,"phase":2,"pixelX":0,"pixelY":12,"pointerX":780.3515625,"pointerY":685.7421875,"source":1,"timestamp":279829308}
{"angleX":0,"angleY":126,"contentY":0,"deviceType":4,"inverted":true,"overViewport":true,"phase":2,"pixelX":0,"pixelY":10,"pointerX":780.3515625,"pointerY":685.7421875,"source":1,"timestamp":279829315}
{"angleX":0,"angleY":0,"contentY":0,"deviceType":4,"inverted":true,"overViewport":true,"phase":3,"pixelX":0,"pixelY":0,"pointerX":780.3515625,"pointerY":685.7421875,"source":0,"timestamp":279829335}
{"angleX":0,"angleY":0,"contentY":0,"deviceType":4,"inverted":true,"overViewport":true,"phase":3,"pixelX":0,"pixelY":0,"pointerX":780.3515625,"pointerY":685.7421875,"source":0,"timestamp":279829335}
{"coastSample":1,"contentY":0,"endTimestamp":279829335,"flicking":false,"velocity":0}
{"coastSample":2,"contentY":0,"endTimestamp":279829335,"flicking":false,"velocity":0}
{"coastSample":3,"contentY":0,"endTimestamp":279829335,"flicking":false,"velocity":0}
{"coastSample":4,"contentY":0,"endTimestamp":279829335,"flicking":false,"velocity":0}
{"coastSample":5,"contentY":0,"endTimestamp":279829335,"flicking":false,"velocity":0}
{"coastSample":6,"contentY":0,"endTimestamp":279829335,"flicking":false,"velocity":0}
{"coastSample":7,"contentY":0,"endTimestamp":279829335,"flicking":false,"velocity":0}
{"coastSample":8,"contentY":0,"endTimestamp":279829335,"flicking":false,"velocity":0}
{"coastSample":9,"contentY":0,"endTimestamp":279829335,"flicking":false,"velocity":0}
{"coastSample":10,"contentY":0,"endTimestamp":279829335,"flicking":false,"velocity":0}
{"coastSample":11,"contentY":0,"endTimestamp":279829335,"flicking":false,"velocity":0}
{"coastSample":12,"contentY":0,"endTimestamp":279829335,"flicking":false,"velocity":0}
{"coastSample":13,"contentY":0,"endTimestamp":279829335,"flicking":false,"velocity":0}
{"coastSample":14,"contentY":0,"endTimestamp":279829335,"flicking":false,"velocity":0}
{"angleX":0,"angleY":0,"contentY":0,"deviceType":4,"inverted":false,"overViewport":true,"phase":1,"pixelX":0,"pixelY":0,"pointerX":785.33203125,"pointerY":640.28125,"source":0,"timestamp":279829647}
{"angleX":0,"angleY":0,"contentY":0,"deviceType":4,"inverted":false,"overViewport":true,"phase":1,"pixelX":0,"pixelY":0,"pointerX":785.33203125,"pointerY":640.28125,"source":0,"timestamp":279829647}
{"angleX":0,"angleY":-185,"contentY":0,"deviceType":4,"inverted":true,"overViewport":true,"phase":2,"pixelX":0,"pixelY":-15,"pointerX":785.33203125,"pointerY":640.28125,"source":1,"timestamp":279829647}
{"angleX":0,"angleY":-200,"contentY":15,"deviceType":4,"inverted":true,"overViewport":true,"phase":2,"pixelX":0,"pixelY":-17,"pointerX":785.33203125,"pointerY":640.28125,"source":1,"timestamp":279829653}
{"angleX":0,"angleY":-214,"contentY":32,"deviceType":4,"inverted":true,"overViewport":true,"phase":2,"pixelX":0,"pixelY":-18,"pointerX":785.33203125,"pointerY":640.28125,"source":1,"timestamp":279829661}
{"angleX":0,"angleY":-222,"contentY":50,"deviceType":4,"inverted":true,"overViewport":true,"phase":2,"pixelX":0,"pixelY":-18,"pointerX":785.33203125,"pointerY":640.28125,"source":1,"timestamp":279829668}
{"angleX":0,"angleY":-232,"contentY":68,"deviceType":4,"inverted":true,"overViewport":true,"phase":2,"pixelX":0,"pixelY":-20,"pointerX":785.33203125,"pointerY":640.28125,"source":1,"timestamp":279829675}
{"angleX":0,"angleY":-226,"contentY":88,"deviceType":4,"inverted":true,"overViewport":true,"phase":2,"pixelX":0,"pixelY":-19,"pointerX":785.33203125,"pointerY":640.28125,"source":1,"timestamp":279829683}
{"angleX":0,"angleY":-222,"contentY":107,"deviceType":4,"inverted":true,"overViewport":true,"phase":2,"pixelX":0,"pixelY":-18,"pointerX":785.33203125,"pointerY":640.28125,"source":1,"timestamp":279829689}
{"angleX":0,"angleY":-212,"contentY":125,"deviceType":4,"inverted":true,"overViewport":true,"phase":2,"pixelX":0,"pixelY":-18,"pointerX":785.33203125,"pointerY":640.28125,"source":1,"timestamp":279829697}
{"angleX":0,"angleY":-204,"contentY":143,"deviceType":4,"inverted":true,"overViewport":true,"phase":2,"pixelX":0,"pixelY":-17,"pointerX":785.33203125,"pointerY":640.28125,"source":1,"timestamp":279829704}
{"angleX":0,"angleY":0,"contentY":160,"deviceType":4,"inverted":true,"overViewport":true,"phase":3,"pixelX":0,"pixelY":0,"pointerX":785.33203125,"pointerY":640.28125,"source":0,"timestamp":279829746}
{"angleX":0,"angleY":0,"contentY":160,"deviceType":4,"inverted":true,"overViewport":true,"phase":3,"pixelX":0,"pixelY":0,"pointerX":785.33203125,"pointerY":640.28125,"source":0,"timestamp":279829746}
{"coastSample":1,"contentY":214.1294380062667,"endTimestamp":279829746,"flicking":true,"velocity":2431.539623816846}
{"coastSample":2,"contentY":265.9284663107811,"endTimestamp":279829746,"flicking":true,"velocity":2325.6119101008326}
{"coastSample":3,"contentY":315.3970849135433,"endTimestamp":279829746,"flicking":true,"velocity":2219.6841963848215}
{"coastSample":4,"contentY":345.6637611218267,"endTimestamp":279829746,"flicking":true,"velocity":2161.9054434488135}
{"coastSample":5,"contentY":387.26480532428286,"endTimestamp":279829746,"flicking":true,"velocity":2055.977729732803}
{"coastSample":6,"contentY":432.72504004653615,"endTimestamp":279829746,"flicking":true,"velocity":1947.6425679777867}
{"coastSample":7,"contentY":475.63819474352715,"endTimestamp":279829746,"flicking":true,"velocity":1834.4925101447757}
{"coastSample":8,"contentY":514.302186547256,"endTimestamp":279829746,"flicking":true,"velocity":1728.5647964287648}
{"coastSample":9,"contentY":534.4093978221051,"endTimestamp":279829746,"flicking":true,"velocity":1673.1934915317506}
{"coastSample":10,"contentY":553.8232640617223,"endTimestamp":279829746,"flicking":true,"velocity":1615.4147385957665}
{"coastSample":11,"contentY":600.7666236114122,"endTimestamp":279829746,"flicking":true,"velocity":1514.30192095774}
{"coastSample":12,"contentY":633.9320383029176,"endTimestamp":279829746,"flicking":true,"velocity":1350.5954543057173}
{"coastSample":13,"contentY":650.7386554207238,"endTimestamp":279829746,"flicking":true,"velocity":1292.8167013697123}
{"coastSample":14,"contentY":677.3268878608274,"endTimestamp":279829746,"flicking":true,"velocity":1179.6666435367001}
{"coastSample":15,"contentY":702.6319676005703,"endTimestamp":279829746,"flicking":true,"velocity":1071.331481781685}
{"angleX":0,"angleY":0,"contentY":816,"deviceType":4,"inverted":false,"overViewport":true,"phase":1,"pixelX":0,"pixelY":0,"pointerX":848.46484375,"pointerY":353.109375,"source":0,"timestamp":279831549}
{"angleX":0,"angleY":0,"contentY":816,"deviceType":4,"inverted":false,"overViewport":true,"phase":1,"pixelX":0,"pixelY":0,"pointerX":848.46484375,"pointerY":353.109375,"source":0,"timestamp":279831549}
{"angleX":0,"angleY":49,"contentY":816,"deviceType":4,"inverted":true,"overViewport":true,"phase":2,"pixelX":0,"pixelY":4,"pointerX":848.46484375,"pointerY":353.109375,"source":1,"timestamp":279831549}
{"angleX":0,"angleY":55,"contentY":812,"deviceType":4,"inverted":true,"overViewport":true,"phase":2,"pixelX":0,"pixelY":5,"pointerX":848.46484375,"pointerY":353.109375,"source":1,"timestamp":279831556}
{"angleX":0,"angleY":51,"contentY":807,"deviceType":4,"inverted":true,"overViewport":true,"phase":2,"pixelX":0,"pixelY":4,"pointerX":848.46484375,"pointerY":353.109375,"source":1,"timestamp":279831563}
{"angleX":0,"angleY":57,"contentY":803,"deviceType":4,"inverted":true,"overViewport":true,"phase":2,"pixelX":0,"pixelY":5,"pointerX":848.46484375,"pointerY":353.109375,"source":1,"timestamp":279831571}
{"angleX":0,"angleY":49,"contentY":798,"deviceType":4,"inverted":true,"overViewport":true,"phase":2,"pixelX":0,"pixelY":4,"pointerX":848.46484375,"pointerY":353.109375,"source":1,"timestamp":279831578}
{"angleX":0,"angleY":45,"contentY":794,"deviceType":4,"inverted":true,"overViewport":true,"phase":2,"pixelX":0,"pixelY":3,"pointerX":848.46484375,"pointerY":353.109375,"source":1,"timestamp":279831585}
{"angleX":0,"angleY":49,"contentY":791,"deviceType":4,"inverted":true,"overViewport":true,"phase":2,"pixelX":0,"pixelY":5,"pointerX":848.46484375,"pointerY":353.109375,"source":1,"timestamp":279831592}
{"angleX":0,"angleY":37,"contentY":786,"deviceType":4,"inverted":true,"overViewport":true,"phase":2,"pixelX":0,"pixelY":3,"pointerX":848.46484375,"pointerY":353.109375,"source":1,"timestamp":279831599}
{"angleX":0,"angleY":29,"contentY":783,"deviceType":4,"inverted":true,"overViewport":true,"phase":2,"pixelX":0,"pixelY":2,"pointerX":848.46484375,"pointerY":353.109375,"source":1,"timestamp":279831607}
{"angleX":0,"angleY":29,"contentY":781,"deviceType":4,"inverted":true,"overViewport":true,"phase":2,"pixelX":0,"pixelY":2,"pointerX":848.46484375,"pointerY":353.109375,"source":1,"timestamp":279831614}
{"angleX":0,"angleY":24,"contentY":779,"deviceType":4,"inverted":true,"overViewport":true,"phase":2,"pixelX":0,"pixelY":2,"pointerX":848.46484375,"pointerY":353.109375,"source":1,"timestamp":279831621}
{"angleX":0,"angleY":33,"contentY":777,"deviceType":4,"inverted":true,"overViewport":true,"phase":2,"pixelX":0,"pixelY":3,"pointerX":848.46484375,"pointerY":353.109375,"source":1,"timestamp":279831628}
{"angleX":0,"angleY":29,"contentY":774,"deviceType":4,"inverted":true,"overViewport":true,"phase":2,"pixelX":0,"pixelY":2,"pointerX":848.46484375,"pointerY":353.109375,"source":1,"timestamp":279831635}
{"angleX":0,"angleY":26,"contentY":772,"deviceType":4,"inverted":true,"overViewport":true,"phase":2,"pixelX":0,"pixelY":3,"pointerX":848.46484375,"pointerY":353.109375,"source":1,"timestamp":279831643}
{"angleX":0,"angleY":22,"contentY":769,"deviceType":4,"inverted":true,"overViewport":true,"phase":2,"pixelX":0,"pixelY":2,"pointerX":848.46484375,"pointerY":353.109375,"source":1,"timestamp":279831650}
{"angleX":0,"angleY":0,"contentY":767,"deviceType":4,"inverted":true,"overViewport":true,"phase":3,"pixelX":0,"pixelY":0,"pointerX":848.46484375,"pointerY":353.109375,"source":0,"timestamp":279831656}
{"angleX":0,"angleY":0,"contentY":767,"deviceType":4,"inverted":true,"overViewport":true,"phase":3,"pixelX":0,"pixelY":0,"pointerX":848.46484375,"pointerY":353.109375,"source":0,"timestamp":279831656}
{"coastSample":1,"contentY":759.1862980769231,"endTimestamp":279831656,"flicking":true,"velocity":-314.96644631409936}
{"coastSample":2,"contentY":752.2451923076923,"endTimestamp":279831656,"flicking":true,"velocity":-278.6082732371824}
{"coastSample":3,"contentY":749.355475010016,"endTimestamp":279831656,"flicking":true,"velocity":-262.70157251602456}
{"coastSample":4,"contentY":743.4696514423077,"endTimestamp":279831656,"flicking":true,"velocity":-224.82847556089135}
{"coastSample":5,"contentY":739.0733423477564,"endTimestamp":279831656,"flicking":true,"velocity":-190.74268830129313}
{"coastSample":6,"contentY":736.8201685196314,"endTimestamp":279831656,"flicking":true,"velocity":-172.5636017628176}
{"coastSample":7,"contentY":733.4609625400641,"endTimestamp":279831656,"flicking":true,"velocity":-136.962890625}
{"coastSample":8,"contentY":730.8101211939103,"endTimestamp":279831656,"flicking":true,"velocity":-99.84725560897232}
{"coastSample":9,"contentY":729.6667668269231,"endTimestamp":279831656,"flicking":true,"velocity":-81.66816907050816}
{"coastSample":10,"contentY":728.469976963141,"endTimestamp":279831656,"flicking":true,"velocity":-45.3099959935912}
{"coastSample":11,"contentY":728.0006260016025,"endTimestamp":279831656,"flicking":true,"velocity":-8.951822916674246}
{"coastSample":12,"contentY":728,"endTimestamp":279831656,"flicking":false,"velocity":0}
{"coastSample":13,"contentY":728,"endTimestamp":279831656,"flicking":false,"velocity":0}
{"coastSample":14,"contentY":728,"endTimestamp":279831656,"flicking":false,"velocity":0}
{"coastSample":15,"contentY":728,"endTimestamp":279831656,"flicking":false,"velocity":0}
{"angleX":0,"angleY":0,"contentY":728,"deviceType":4,"inverted":false,"overViewport":true,"phase":1,"pixelX":0,"pixelY":0,"pointerX":848.46484375,"pointerY":353.109375,"source":0,"timestamp":279832363}
{"angleX":0,"angleY":0,"contentY":728,"deviceType":4,"inverted":false,"overViewport":true,"phase":1,"pixelX":0,"pixelY":0,"pointerX":848.46484375,"pointerY":353.109375,"source":0,"timestamp":279832363}
{"angleX":0,"angleY":41,"contentY":728,"deviceType":4,"inverted":true,"overViewport":true,"phase":2,"pixelX":0,"pixelY":3,"pointerX":848.46484375,"pointerY":353.109375,"source":1,"timestamp":279832363}
{"angleX":0,"angleY":51,"contentY":725,"deviceType":4,"inverted":true,"overViewport":true,"phase":2,"pixelX":0,"pixelY":5,"pointerX":848.46484375,"pointerY":353.109375,"source":1,"timestamp":279832370}
{"angleX":0,"angleY":61,"contentY":720,"deviceType":4,"inverted":true,"overViewport":true,"phase":2,"pixelX":0,"pixelY":5,"pointerX":848.46484375,"pointerY":353.109375,"source":1,"timestamp":279832377}
{"angleX":0,"angleY":63,"contentY":715,"deviceType":4,"inverted":true,"overViewport":true,"phase":2,"pixelX":0,"pixelY":5,"pointerX":848.46484375,"pointerY":353.109375,"source":1,"timestamp":279832385}
{"angleX":0,"angleY":77,"contentY":710,"deviceType":4,"inverted":true,"overViewport":true,"phase":2,"pixelX":0,"pixelY":6,"pointerX":848.46484375,"pointerY":353.109375,"source":1,"timestamp":279832392}
{"angleX":0,"angleY":79,"contentY":704,"deviceType":4,"inverted":true,"overViewport":true,"phase":2,"pixelX":0,"pixelY":7,"pointerX":848.46484375,"pointerY":353.109375,"source":1,"timestamp":279832399}
{"angleX":0,"angleY":77,"contentY":697,"deviceType":4,"inverted":true,"overViewport":true,"phase":2,"pixelX":0,"pixelY":7,"pointerX":848.46484375,"pointerY":353.109375,"source":1,"timestamp":279832406}
{"angleX":0,"angleY":77,"contentY":690,"deviceType":4,"inverted":true,"overViewport":true,"phase":2,"pixelX":0,"pixelY":6,"pointerX":848.46484375,"pointerY":353.109375,"source":1,"timestamp":279832413}
{"angleX":0,"angleY":71,"contentY":684,"deviceType":4,"inverted":true,"overViewport":true,"phase":2,"pixelX":0,"pixelY":6,"pointerX":848.46484375,"pointerY":353.109375,"source":1,"timestamp":279832421}
{"angleX":0,"angleY":67,"contentY":678,"deviceType":4,"inverted":true,"overViewport":true,"phase":2,"pixelX":0,"pixelY":5,"pointerX":848.46484375,"pointerY":353.109375,"source":1,"timestamp":279832428}
{"angleX":0,"angleY":63,"contentY":673,"deviceType":4,"inverted":true,"overViewport":true,"phase":2,"pixelX":0,"pixelY":6,"pointerX":848.46484375,"pointerY":353.109375,"source":1,"timestamp":279832435}
{"angleX":0,"angleY":59,"contentY":667,"deviceType":4,"inverted":true,"overViewport":true,"phase":2,"pixelX":0,"pixelY":5,"pointerX":848.46484375,"pointerY":353.109375,"source":1,"timestamp":279832442}
{"angleX":0,"angleY":59,"contentY":662,"deviceType":4,"inverted":true,"overViewport":true,"phase":2,"pixelX":0,"pixelY":5,"pointerX":848.46484375,"pointerY":353.109375,"source":1,"timestamp":279832449}
{"angleX":0,"angleY":53,"contentY":657,"deviceType":4,"inverted":true,"overViewport":true,"phase":2,"pixelX":0,"pixelY":4,"pointerX":848.46484375,"pointerY":353.109375,"source":1,"timestamp":279832457}
{"angleX":0,"angleY":49,"contentY":653,"deviceType":4,"inverted":true,"overViewport":true,"phase":2,"pixelX":0,"pixelY":4,"pointerX":848.46484375,"pointerY":353.109375,"source":1,"timestamp":279832464}
{"angleX":0,"angleY":43,"contentY":649,"deviceType":4,"inverted":true,"overViewport":true,"phase":2,"pixelX":0,"pixelY":4,"pointerX":848.46484375,"pointerY":353.109375,"source":1,"timestamp":279832471}
{"angleX":0,"angleY":39,"contentY":645,"deviceType":4,"inverted":true,"overViewport":true,"phase":2,"pixelX":0,"pixelY":3,"pointerX":848.46484375,"pointerY":353.109375,"source":1,"timestamp":279832478}
{"angleX":0,"angleY":39,"contentY":642,"deviceType":4,"inverted":true,"overViewport":true,"phase":2,"pixelX":0,"pixelY":3,"pointerX":848.46484375,"pointerY":353.109375,"source":1,"timestamp":279832485}
{"angleX":0,"angleY":37,"contentY":639,"deviceType":4,"inverted":true,"overViewport":true,"phase":2,"pixelX":0,"pixelY":3,"pointerX":848.46484375,"pointerY":353.109375,"source":1,"timestamp":279832493}
{"angleX":0,"angleY":31,"contentY":636,"deviceType":4,"inverted":true,"overViewport":true,"phase":2,"pixelX":0,"pixelY":3,"pointerX":848.46484375,"pointerY":353.109375,"source":1,"timestamp":279832500}
{"angleX":0,"angleY":33,"contentY":633,"deviceType":4,"inverted":true,"overViewport":true,"phase":2,"pixelX":0,"pixelY":2,"pointerX":848.46484375,"pointerY":353.109375,"source":1,"timestamp":279832507}
{"angleX":0,"angleY":37,"contentY":631,"deviceType":4,"inverted":true,"overViewport":true,"phase":2,"pixelX":0,"pixelY":3,"pointerX":848.46484375,"pointerY":353.109375,"source":1,"timestamp":279832514}
{"angleX":0,"angleY":26,"contentY":628,"deviceType":4,"inverted":true,"overViewport":true,"phase":2,"pixelX":0,"pixelY":3,"pointerX":848.46484375,"pointerY":353.109375,"source":1,"timestamp":279832521}
{"angleX":0,"angleY":0,"contentY":625,"deviceType":4,"inverted":true,"overViewport":true,"phase":3,"pixelX":0,"pixelY":0,"pointerX":848.46484375,"pointerY":353.109375,"source":0,"timestamp":279832528}
{"angleX":0,"angleY":0,"contentY":625,"deviceType":4,"inverted":true,"overViewport":true,"phase":3,"pixelX":0,"pixelY":0,"pointerX":848.46484375,"pointerY":353.109375,"source":0,"timestamp":279832528}
{"coastSample":1,"contentY":617.4454781912765,"endTimestamp":279832528,"flicking":true,"velocity":-370.16056422569363}
{"coastSample":2,"contentY":609.5060086534614,"endTimestamp":279832528,"flicking":true,"velocity":-335.3591436574561}
{"coastSample":3,"contentY":602.3669717887155,"endTimestamp":279832528,"flicking":true,"velocity":-300.55772308922997}
{"coastSample":4,"contentY":596.2873149259703,"endTimestamp":279832528,"flicking":true,"velocity":-267.26940776311494}
{"coastSample":5,"contentY":593.2798119247699,"endTimestamp":279832528,"flicking":true,"velocity":-249.11214485794062}
{"coastSample":6,"contentY":588.3319577831132,"endTimestamp":279832528,"flicking":true,"velocity":-215.82382953181423}
{"coastSample":7,"contentY":583.9422331432573,"endTimestamp":279832528,"flicking":true,"velocity":-181.02240896358808}
{"coastSample":8,"contentY":580.4923531912765,"endTimestamp":279832528,"flicking":true,"velocity":-147.73409363746168}
{"coastSample":9,"contentY":579.0420418167267,"endTimestamp":279832528,"flicking":true,"velocity":-131.08993597438712}
{"coastSample":10,"contentY":576.5132302921169,"endTimestamp":279832528,"flicking":true,"velocity":-95.53196278510644}
{"coastSample":11,"contentY":574.9607843137255,"endTimestamp":279832528,"flicking":true,"velocity":-61.48709483793482}
{"coastSample":12,"contentY":574.140681272509,"endTimestamp":279832528,"flicking":true,"velocity":-28.95533213284745}
{"coastSample":13,"contentY":574.0003063725491,"endTimestamp":279832528,"flicking":true,"velocity":-10.798069227700001}
{"coastSample":14,"contentY":574,"endTimestamp":279832528,"flicking":false,"velocity":0}
{"coastSample":15,"contentY":574,"endTimestamp":279832528,"flicking":false,"velocity":0}
{"angleX":0,"angleY":0,"contentY":574,"deviceType":4,"inverted":false,"overViewport":true,"phase":1,"pixelX":0,"pixelY":0,"pointerX":848.46484375,"pointerY":353.109375,"source":0,"timestamp":279833170}
{"angleX":0,"angleY":0,"contentY":574,"deviceType":4,"inverted":false,"overViewport":true,"phase":1,"pixelX":0,"pixelY":0,"pointerX":848.46484375,"pointerY":353.109375,"source":0,"timestamp":279833170}
{"angleX":0,"angleY":67,"contentY":574,"deviceType":4,"inverted":true,"overViewport":true,"phase":2,"pixelX":0,"pixelY":6,"pointerX":848.46484375,"pointerY":353.109375,"source":1,"timestamp":279833170}
{"angleX":0,"angleY":65,"contentY":568,"deviceType":4,"inverted":true,"overViewport":true,"phase":2,"pixelX":0,"pixelY":5,"pointerX":848.46484375,"pointerY":353.109375,"source":1,"timestamp":279833177}
{"angleX":0,"angleY":67,"contentY":563,"deviceType":4,"inverted":true,"overViewport":true,"phase":2,"pixelX":0,"pixelY":6,"pointerX":848.46484375,"pointerY":353.109375,"source":1,"timestamp":279833184}
{"angleX":0,"angleY":65,"contentY":557,"deviceType":4,"inverted":true,"overViewport":true,"phase":2,"pixelX":0,"pixelY":5,"pointerX":848.46484375,"pointerY":353.109375,"source":1,"timestamp":279833192}
{"angleX":0,"angleY":67,"contentY":552,"deviceType":4,"inverted":true,"overViewport":true,"phase":2,"pixelX":0,"pixelY":6,"pointerX":848.46484375,"pointerY":353.109375,"source":1,"timestamp":279833199}
{"angleX":0,"angleY":75,"contentY":546,"deviceType":4,"inverted":true,"overViewport":true,"phase":2,"pixelX":0,"pixelY":6,"pointerX":848.46484375,"pointerY":353.109375,"source":1,"timestamp":279833206}
{"angleX":0,"angleY":77,"contentY":540,"deviceType":4,"inverted":true,"overViewport":true,"phase":2,"pixelX":0,"pixelY":6,"pointerX":848.46484375,"pointerY":353.109375,"source":1,"timestamp":279833213}
{"angleX":0,"angleY":79,"contentY":534,"deviceType":4,"inverted":true,"overViewport":true,"phase":2,"pixelX":0,"pixelY":7,"pointerX":848.46484375,"pointerY":353.109375,"source":1,"timestamp":279833220}
{"angleX":0,"angleY":83,"contentY":527,"deviceType":4,"inverted":true,"overViewport":true,"phase":2,"pixelX":0,"pixelY":7,"pointerX":848.46484375,"pointerY":353.109375,"source":1,"timestamp":279833228}
{"angleX":0,"angleY":79,"contentY":520,"deviceType":4,"inverted":true,"overViewport":true,"phase":2,"pixelX":0,"pixelY":7,"pointerX":848.46484375,"pointerY":353.109375,"source":1,"timestamp":279833235}
{"angleX":0,"angleY":79,"contentY":513,"deviceType":4,"inverted":true,"overViewport":true,"phase":2,"pixelX":0,"pixelY":6,"pointerX":848.46484375,"pointerY":353.109375,"source":1,"timestamp":279833242}
{"angleX":0,"angleY":73,"contentY":507,"deviceType":4,"inverted":true,"overViewport":true,"phase":2,"pixelX":0,"pixelY":6,"pointerX":848.46484375,"pointerY":353.109375,"source":1,"timestamp":279833249}
{"angleX":0,"angleY":61,"contentY":501,"deviceType":4,"inverted":true,"overViewport":true,"phase":2,"pixelX":0,"pixelY":5,"pointerX":848.46484375,"pointerY":353.109375,"source":1,"timestamp":279833256}
{"angleX":0,"angleY":0,"contentY":496,"deviceType":4,"inverted":true,"overViewport":true,"phase":3,"pixelX":0,"pixelY":0,"pointerX":848.46484375,"pointerY":353.109375,"source":0,"timestamp":279833263}
{"angleX":0,"angleY":0,"contentY":496,"deviceType":4,"inverted":true,"overViewport":true,"phase":3,"pixelX":0,"pixelY":0,"pointerX":848.46484375,"pointerY":353.109375,"source":0,"timestamp":279833263}
{"coastSample":1,"contentY":477.50570595585174,"endTimestamp":279833263,"flicking":true,"velocity":-832.403165347769}
{"coastSample":2,"contentY":458.9466888796335,"endTimestamp":279833263,"flicking":true,"velocity":-797.9175343606822}
{"coastSample":3,"contentY":448.8076634735527,"endTimestamp":279833263,"flicking":true,"velocity":-780.6747188671409}
{"coastSample":4,"contentY":431.4901291128696,"endTimestamp":279833263,"flicking":true,"velocity":-743.1903373594366}
{"coastSample":5,"contentY":415.6677217825906,"endTimestamp":279833263,"flicking":true,"velocity":-710.2040816326507}
{"coastSample":6,"contentY":399.9020408163265,"endTimestamp":279833263,"flicking":true,"velocity":-675.7184506455644}
{"coastSample":7,"contentY":391.3418575593503,"endTimestamp":279833263,"flicking":true,"velocity":-658.475635152022}
{"coastSample":8,"contentY":378.0491461890879,"endTimestamp":279833263,"flicking":true,"velocity":-625.4893794252376}
{"coastSample":9,"contentY":363.6671386922116,"endTimestamp":279833263,"flicking":true,"velocity":-588.7546855476842}
{"coastSample":10,"contentY":350.6947938359017,"endTimestamp":279833263,"flicking":true,"velocity":-555.0187421907563}
{"coastSample":11,"contentY":344.2414827155352,"endTimestamp":279833263,"flicking":true,"velocity":-537.026239067054}
{"coastSample":12,"contentY":332.47613494377345,"endTimestamp":279833263,"flicking":true,"velocity":-501.7909204498096}
{"coastSample":13,"contentY":321.0448979591837,"endTimestamp":279833263,"flicking":true,"velocity":-465.80591420241717}
{"coastSample":14,"contentY":315.21357767596834,"endTimestamp":279833263,"flicking":true,"velocity":-447.0637234485624}
{"coastSample":15,"contentY":305.51736776343193,"endTimestamp":279833263,"flicking":true,"velocity":-411.82840483131713}
{"angleX":0,"angleY":0,"contentY":251,"deviceType":4,"inverted":false,"overViewport":true,"phase":1,"pixelX":0,"pixelY":0,"pointerX":848.46484375,"pointerY":353.109375,"source":0,"timestamp":279834144}
{"angleX":0,"angleY":0,"contentY":251,"deviceType":4,"inverted":false,"overViewport":true,"phase":1,"pixelX":0,"pixelY":0,"pointerX":848.46484375,"pointerY":353.109375,"source":0,"timestamp":279834144}
{"angleX":0,"angleY":79,"contentY":251,"deviceType":4,"inverted":true,"overViewport":true,"phase":2,"pixelX":0,"pixelY":7,"pointerX":848.46484375,"pointerY":353.109375,"source":1,"timestamp":279834144}
{"angleX":0,"angleY":81,"contentY":244,"deviceType":4,"inverted":true,"overViewport":true,"phase":2,"pixelX":0,"pixelY":6,"pointerX":848.46484375,"pointerY":353.109375,"source":1,"timestamp":279834150}
{"angleX":0,"angleY":90,"contentY":238,"deviceType":4,"inverted":true,"overViewport":true,"phase":2,"pixelX":0,"pixelY":8,"pointerX":848.46484375,"pointerY":353.109375,"source":1,"timestamp":279834157}
{"angleX":0,"angleY":98,"contentY":230,"deviceType":4,"inverted":true,"overViewport":true,"phase":2,"pixelX":0,"pixelY":8,"pointerX":848.46484375,"pointerY":353.109375,"source":1,"timestamp":279834165}
{"angleX":0,"angleY":96,"contentY":222,"deviceType":4,"inverted":true,"overViewport":true,"phase":2,"pixelX":0,"pixelY":8,"pointerX":848.46484375,"pointerY":353.109375,"source":1,"timestamp":279834172}
{"angleX":0,"angleY":96,"contentY":214,"deviceType":4,"inverted":true,"overViewport":true,"phase":2,"pixelX":0,"pixelY":8,"pointerX":848.46484375,"pointerY":353.109375,"source":1,"timestamp":279834179}
{"angleX":0,"angleY":98,"contentY":206,"deviceType":4,"inverted":true,"overViewport":true,"phase":2,"pixelX":0,"pixelY":8,"pointerX":848.46484375,"pointerY":353.109375,"source":1,"timestamp":279834186}
{"angleX":0,"angleY":96,"contentY":198,"deviceType":4,"inverted":true,"overViewport":true,"phase":2,"pixelX":0,"pixelY":8,"pointerX":848.46484375,"pointerY":353.109375,"source":1,"timestamp":279834193}
{"angleX":0,"angleY":100,"contentY":190,"deviceType":4,"inverted":true,"overViewport":true,"phase":2,"pixelX":0,"pixelY":8,"pointerX":848.46484375,"pointerY":353.109375,"source":1,"timestamp":279834200}
{"angleX":0,"angleY":90,"contentY":182,"deviceType":4,"inverted":true,"overViewport":true,"phase":2,"pixelX":0,"pixelY":8,"pointerX":848.46484375,"pointerY":353.109375,"source":1,"timestamp":279834208}
{"angleX":0,"angleY":88,"contentY":174,"deviceType":4,"inverted":true,"overViewport":true,"phase":2,"pixelX":0,"pixelY":7,"pointerX":848.46484375,"pointerY":353.109375,"source":1,"timestamp":279834215}
{"angleX":0,"angleY":86,"contentY":167,"deviceType":4,"inverted":true,"overViewport":true,"phase":2,"pixelX":0,"pixelY":7,"pointerX":848.46484375,"pointerY":353.109375,"source":1,"timestamp":279834222}
{"angleX":0,"angleY":79,"contentY":160,"deviceType":4,"inverted":true,"overViewport":true,"phase":2,"pixelX":0,"pixelY":7,"pointerX":848.46484375,"pointerY":353.109375,"source":1,"timestamp":279834229}
{"angleX":0,"angleY":0,"contentY":153,"deviceType":4,"inverted":true,"overViewport":true,"phase":3,"pixelX":0,"pixelY":0,"pointerX":848.46484375,"pointerY":353.109375,"source":0,"timestamp":279834250}
{"angleX":0,"angleY":0,"contentY":153,"deviceType":4,"inverted":true,"overViewport":true,"phase":3,"pixelX":0,"pixelY":0,"pointerX":848.46484375,"pointerY":353.109375,"source":0,"timestamp":279834250}
{"coastSample":1,"contentY":131.79084967320262,"endTimestamp":279834250,"flicking":true,"velocity":-944.4444444444456}
{"coastSample":2,"contentY":110.45751633986927,"endTimestamp":279834250,"flicking":true,"velocity":-867.6470588235309}
{"coastSample":3,"contentY":93.33496732026144,"endTimestamp":279834250,"flicking":true,"velocity":-799.0196078431378}
{"coastSample":4,"contentY":84.19771241830065,"endTimestamp":279834250,"flicking":true,"velocity":-761.4379084967325}
{"coastSample":5,"contentY":68,"endTimestamp":279834250,"flicking":true,"velocity":-683.0065359477118}
{"coastSample":6,"contentY":54.124183006535944,"endTimestamp":279834250,"flicking":true,"velocity":-611.1111111111114}
{"coastSample":7,"contentY":41.30882352941177,"endTimestamp":279834250,"flicking":true,"velocity":-537.5816993464055}
{"coastSample":8,"contentY":34.35457516339869,"endTimestamp":279834250,"flicking":true,"velocity":-496.7320261437891}
{"coastSample":9,"contentY":24.720588235294116,"endTimestamp":279834250,"flicking":true,"velocity":-418.30065359476976}
{"coastSample":10,"contentY":16.014705882352928,"endTimestamp":279834250,"flicking":true,"velocity":-339.86928104575327}
{"coastSample":11,"contentY":12.084967320261455,"endTimestamp":279834250,"flicking":true,"velocity":-302.28758169934366}
{"coastSample":12,"contentY":6.692810457516316,"endTimestamp":279834250,"flicking":true,"velocity":-227.1241830065378}
{"coastSample":13,"contentY":2.7467320261438033,"endTimestamp":279834250,"flicking":true,"velocity":-151.96078431372422}
{"coastSample":14,"contentY":0.5294117647058556,"endTimestamp":279834250,"flicking":true,"velocity":-76.79738562092098}
{"coastSample":15,"contentY":0.08006535947711768,"endTimestamp":279834250,"flicking":true,"velocity":-39.21568627450824}
{"angleX":0,"angleY":0,"contentY":-2.4183288506391795e-17,"deviceType":4,"inverted":false,"overViewport":true,"phase":1,"pixelX":0,"pixelY":0,"pointerX":848.46484375,"pointerY":353.109375,"source":0,"timestamp":279834914}
{"angleX":0,"angleY":0,"contentY":-2.4183288506391795e-17,"deviceType":4,"inverted":false,"overViewport":true,"phase":1,"pixelX":0,"pixelY":0,"pointerX":848.46484375,"pointerY":353.109375,"source":0,"timestamp":279834914}
{"angleX":0,"angleY":-81,"contentY":-2.4183288506391795e-17,"deviceType":4,"inverted":true,"overViewport":true,"phase":2,"pixelX":0,"pixelY":-7,"pointerX":848.46484375,"pointerY":353.109375,"source":1,"timestamp":279834914}
{"angleX":0,"angleY":-100,"contentY":7,"deviceType":4,"inverted":true,"overViewport":true,"phase":2,"pixelX":0,"pixelY":-8,"pointerX":848.46484375,"pointerY":353.109375,"source":1,"timestamp":279834921}
{"angleX":0,"angleY":-112,"contentY":15,"deviceType":4,"inverted":true,"overViewport":true,"phase":2,"pixelX":0,"pixelY":-9,"pointerX":848.46484375,"pointerY":353.109375,"source":1,"timestamp":279834928}
{"angleX":0,"angleY":-124,"contentY":24,"deviceType":4,"inverted":true,"overViewport":true,"phase":2,"pixelX":0,"pixelY":-11,"pointerX":848.46484375,"pointerY":353.109375,"source":1,"timestamp":279834936}
{"angleX":0,"angleY":-134,"contentY":35,"deviceType":4,"inverted":true,"overViewport":true,"phase":2,"pixelX":0,"pixelY":-11,"pointerX":848.46484375,"pointerY":353.109375,"source":1,"timestamp":279834943}
{"angleX":0,"angleY":-145,"contentY":46,"deviceType":4,"inverted":true,"overViewport":true,"phase":2,"pixelX":0,"pixelY":-12,"pointerX":848.46484375,"pointerY":353.109375,"source":1,"timestamp":279834950}
{"angleX":0,"angleY":-153,"contentY":58,"deviceType":4,"inverted":true,"overViewport":true,"phase":2,"pixelX":0,"pixelY":-13,"pointerX":848.46484375,"pointerY":353.109375,"source":1,"timestamp":279834957}
{"angleX":0,"angleY":-153,"contentY":71,"deviceType":4,"inverted":true,"overViewport":true,"phase":2,"pixelX":0,"pixelY":-12,"pointerX":848.46484375,"pointerY":353.109375,"source":1,"timestamp":279834964}
{"angleX":0,"angleY":-153,"contentY":83,"deviceType":4,"inverted":true,"overViewport":true,"phase":2,"pixelX":0,"pixelY":-13,"pointerX":848.46484375,"pointerY":353.109375,"source":1,"timestamp":279834972}
{"angleX":0,"angleY":-155,"contentY":96,"deviceType":4,"inverted":true,"overViewport":true,"phase":2,"pixelX":0,"pixelY":-13,"pointerX":848.46484375,"pointerY":353.109375,"source":1,"timestamp":279834979}
{"angleX":0,"angleY":0,"contentY":109,"deviceType":4,"inverted":true,"overViewport":true,"phase":3,"pixelX":0,"pixelY":0,"pointerX":848.46484375,"pointerY":353.109375,"source":0,"timestamp":279834992}
{"angleX":0,"angleY":0,"contentY":109,"deviceType":4,"inverted":true,"overViewport":true,"phase":3,"pixelX":0,"pixelY":0,"pointerX":848.46484375,"pointerY":353.109375,"source":0,"timestamp":279834992}
{"coastSample":1,"contentY":148.97636871958937,"endTimestamp":279834992,"flicking":true,"velocity":1723.8087138364904}
{"coastSample":2,"contentY":186.12607051044537,"endTimestamp":279834992,"flicking":true,"velocity":1675.4280942398168}
{"coastSample":3,"contentY":223.8263509899186,"endTimestamp":279834992,"flicking":true,"velocity":1624.848355570569}
{"coastSample":4,"contentY":241.44568464831235,"endTimestamp":279834992,"flicking":true,"velocity":1601.757605308522}
{"coastSample":5,"contentY":277.4262540130311,"endTimestamp":279834992,"flicking":true,"velocity":1551.1778666392709}
{"coastSample":6,"contentY":312.24348938835726,"endTimestamp":279834992,"flicking":true,"velocity":1499.4985684337394}
{"coastSample":7,"contentY":344.4583679803527,"endTimestamp":279834992,"flicking":true,"velocity":1451.1179488370658}
{"coastSample":8,"contentY":361.5814996488175,"endTimestamp":279834992,"flicking":true,"velocity":1424.728519966152}
{"coastSample":9,"contentY":394.8777435463942,"endTimestamp":279834992,"flicking":true,"velocity":1373.0492217606215}
{"coastSample":10,"contentY":425.59802008951124,"endTimestamp":279834992,"flicking":true,"velocity":1321.3699235550848}
{"coastSample":11,"contentY":442.4470607943772,"endTimestamp":279834992,"flicking":true,"velocity":1294.980494684171}
{"coastSample":12,"contentY":471.34646674540124,"endTimestamp":279834992,"flicking":true,"velocity":1243.3011964786313}
{"coastSample":13,"contentY":499.08253870703277,"endTimestamp":279834992,"flicking":true,"velocity":1191.6218982731039}
{"coastSample":14,"contentY":525.6552766792714,"endTimestamp":279834992,"flicking":true,"velocity":1141.0421596038418}
{"coastSample":15,"contentY":539.0574988769376,"endTimestamp":279834992,"flicking":true,"velocity":1114.6527307329393}
{"angleX":0,"angleY":0,"contentY":816,"deviceType":4,"inverted":false,"overViewport":true,"phase":1,"pixelX":0,"pixelY":0,"pointerX":848.46484375,"pointerY":353.109375,"source":0,"timestamp":279836572}
{"angleX":0,"angleY":0,"contentY":816,"deviceType":4,"inverted":false,"overViewport":true,"phase":1,"pixelX":0,"pixelY":0,"pointerX":848.46484375,"pointerY":353.109375,"source":0,"timestamp":279836572}
{"angleX":0,"angleY":104,"contentY":816,"deviceType":4,"inverted":true,"overViewport":true,"phase":2,"pixelX":0,"pixelY":9,"pointerX":848.46484375,"pointerY":353.109375,"source":1,"timestamp":279836572}
{"angleX":0,"angleY":112,"contentY":807,"deviceType":4,"inverted":true,"overViewport":true,"phase":2,"pixelX":0,"pixelY":9,"pointerX":848.46484375,"pointerY":353.109375,"source":1,"timestamp":279836579}
{"angleX":0,"angleY":112,"contentY":798,"deviceType":4,"inverted":true,"overViewport":true,"phase":2,"pixelX":0,"pixelY":9,"pointerX":848.46484375,"pointerY":353.109375,"source":1,"timestamp":279836587}
{"angleX":0,"angleY":112,"contentY":789,"deviceType":4,"inverted":true,"overViewport":true,"phase":2,"pixelX":0,"pixelY":10,"pointerX":848.46484375,"pointerY":353.109375,"source":1,"timestamp":279836594}
{"angleX":0,"angleY":120,"contentY":779,"deviceType":4,"inverted":true,"overViewport":true,"phase":2,"pixelX":0,"pixelY":10,"pointerX":848.46484375,"pointerY":353.109375,"source":1,"timestamp":279836601}
{"angleX":0,"angleY":130,"contentY":769,"deviceType":4,"inverted":true,"overViewport":true,"phase":2,"pixelX":0,"pixelY":11,"pointerX":848.46484375,"pointerY":353.109375,"source":1,"timestamp":279836608}
{"angleX":0,"angleY":128,"contentY":758,"deviceType":4,"inverted":true,"overViewport":true,"phase":2,"pixelX":0,"pixelY":10,"pointerX":848.46484375,"pointerY":353.109375,"source":1,"timestamp":279836615}
{"angleX":0,"angleY":134,"contentY":748,"deviceType":4,"inverted":true,"overViewport":true,"phase":2,"pixelX":0,"pixelY":11,"pointerX":848.46484375,"pointerY":353.109375,"source":1,"timestamp":279836623}
{"angleX":0,"angleY":136,"contentY":737,"deviceType":4,"inverted":true,"overViewport":true,"phase":2,"pixelX":0,"pixelY":12,"pointerX":848.46484375,"pointerY":353.109375,"source":1,"timestamp":279836630}
{"angleX":0,"angleY":0,"contentY":725,"deviceType":4,"inverted":true,"overViewport":true,"phase":3,"pixelX":0,"pixelY":0,"pointerX":848.46484375,"pointerY":353.109375,"source":0,"timestamp":279836636}
{"angleX":0,"angleY":0,"contentY":725,"deviceType":4,"inverted":true,"overViewport":true,"phase":3,"pixelX":0,"pixelY":0,"pointerX":848.46484375,"pointerY":353.109375,"source":0,"timestamp":279836636}
{"coastSample":1,"contentY":690.4093442736739,"endTimestamp":279836636,"flicking":true,"velocity":-1493.5529281755748}
{"coastSample":2,"contentY":656.6641628089814,"endTimestamp":279836636,"flicking":true,"velocity":-1456.793177669772}
{"coastSample":3,"contentY":625.1772969079873,"endTimestamp":279836636,"flicking":true,"velocity":-1421.6316771859624}
{"coastSample":4,"contentY":609.7239463364818,"endTimestamp":279836636,"flicking":true,"velocity":-1404.0509269440463}
{"coastSample":5,"contentY":578.0373109001143,"endTimestamp":279836636,"flicking":true,"velocity":-1367.2911764382548}
{"coastSample":6,"contentY":547.1961497253805,"endTimestamp":279836636,"flicking":true,"velocity":-1330.5314259324405}
{"coastSample":7,"contentY":517.2004628122802,"endTimestamp":279836636,"flicking":true,"velocity":-1294.570800437627}
{"coastSample":8,"contentY":503.15357226012713,"endTimestamp":279836636,"flicking":true,"velocity":-1276.1909251847328}
{"coastSample":9,"contentY":474.4077168642242,"endTimestamp":279836636,"flicking":true,"velocity":-1239.4311746789185}
{"coastSample":10,"contentY":446.5073357299547,"endTimestamp":279836636,"flicking":true,"velocity":-1202.6714241731156}
{"coastSample":11,"contentY":418.2953075587725,"endTimestamp":279836636,"flicking":true,"velocity":-1165.1125486563128}
{"coastSample":12,"contentY":405.67245777621395,"endTimestamp":279836636,"flicking":true,"velocity":-1146.7326734034145}
{"coastSample":13,"contentY":379.90414217128125,"endTimestamp":279836636,"flicking":true,"velocity":-1110.7720479086072}
{"coastSample":14,"contentY":354.9813008279821,"endTimestamp":279836636,"flicking":true,"velocity":-1073.2131723917973}
{"coastSample":15,"contentY":340.2248224181915,"endTimestamp":279836636,"flicking":true,"velocity":-1054.0341721279106}
{"angleX":0,"angleY":0,"contentY":0,"deviceType":4,"inverted":false,"overViewport":true,"phase":1,"pixelX":0,"pixelY":0,"pointerX":848.46484375,"pointerY":353.109375,"source":0,"timestamp":279837971}
{"angleX":0,"angleY":0,"contentY":0,"deviceType":4,"inverted":false,"overViewport":true,"phase":1,"pixelX":0,"pixelY":0,"pointerX":848.46484375,"pointerY":353.109375,"source":0,"timestamp":279837971}
{"angleX":0,"angleY":-90,"contentY":0,"deviceType":4,"inverted":true,"overViewport":true,"phase":2,"pixelX":0,"pixelY":-7,"pointerX":848.46484375,"pointerY":353.109375,"source":1,"timestamp":279837971}
{"angleX":0,"angleY":-96,"contentY":7,"deviceType":4,"inverted":true,"overViewport":true,"phase":2,"pixelX":0,"pixelY":-8,"pointerX":848.46484375,"pointerY":353.109375,"source":1,"timestamp":279837978}
{"angleX":0,"angleY":-112,"contentY":15,"deviceType":4,"inverted":true,"overViewport":true,"phase":2,"pixelX":0,"pixelY":-10,"pointerX":848.46484375,"pointerY":353.109375,"source":1,"timestamp":279837985}
{"angleX":0,"angleY":-120,"contentY":25,"deviceType":4,"inverted":true,"overViewport":true,"phase":2,"pixelX":0,"pixelY":-10,"pointerX":848.46484375,"pointerY":353.109375,"source":1,"timestamp":279837993}
{"angleX":0,"angleY":-130,"contentY":35,"deviceType":4,"inverted":true,"overViewport":true,"phase":2,"pixelX":0,"pixelY":-11,"pointerX":848.46484375,"pointerY":353.109375,"source":1,"timestamp":279838000}
{"angleX":0,"angleY":-138,"contentY":46,"deviceType":4,"inverted":true,"overViewport":true,"phase":2,"pixelX":0,"pixelY":-11,"pointerX":848.46484375,"pointerY":353.109375,"source":1,"timestamp":279838007}
{"angleX":0,"angleY":-136,"contentY":57,"deviceType":4,"inverted":true,"overViewport":true,"phase":2,"pixelX":0,"pixelY":-12,"pointerX":848.46484375,"pointerY":353.109375,"source":1,"timestamp":279838014}
{"angleX":0,"angleY":-134,"contentY":69,"deviceType":4,"inverted":true,"overViewport":true,"phase":2,"pixelX":0,"pixelY":-11,"pointerX":848.46484375,"pointerY":353.109375,"source":1,"timestamp":279838021}
{"angleX":0,"angleY":-122,"contentY":80,"deviceType":4,"inverted":true,"overViewport":true,"phase":2,"pixelX":0,"pixelY":-10,"pointerX":848.46484375,"pointerY":353.109375,"source":1,"timestamp":279838028}
{"angleX":0,"angleY":-102,"contentY":90,"deviceType":4,"inverted":true,"overViewport":true,"phase":2,"pixelX":0,"pixelY":-8,"pointerX":848.46484375,"pointerY":353.109375,"source":1,"timestamp":279838035}
{"angleX":0,"angleY":0,"contentY":98,"deviceType":4,"inverted":true,"overViewport":true,"phase":3,"pixelX":0,"pixelY":0,"pointerX":848.46484375,"pointerY":353.109375,"source":0,"timestamp":279838049}
{"angleX":0,"angleY":0,"contentY":98,"deviceType":4,"inverted":true,"overViewport":true,"phase":3,"pixelX":0,"pixelY":0,"pointerX":848.46484375,"pointerY":353.109375,"source":0,"timestamp":279838049}
{"coastSample":1,"contentY":129.85143249607535,"endTimestamp":279838049,"flicking":true,"velocity":1438.7960254031682}
{"coastSample":2,"contentY":162.37472126088198,"endTimestamp":279838049,"flicking":true,"velocity":1404.3099757385476}
{"coastSample":3,"contentY":194.10483088340231,"endTimestamp":279838049,"flicking":true,"velocity":1369.8239260739258}
{"coastSample":4,"contentY":210.34479805908376,"endTimestamp":279838049,"flicking":true,"velocity":1351.831204509773}
{"coastSample":5,"contentY":240.86789594334235,"endTimestamp":279838049,"flicking":true,"velocity":1318.0948515769935}
{"coastSample":6,"contentY":270.5978146853147,"endTimestamp":279838049,"flicking":true,"velocity":1282.8591051805347}
{"coastSample":7,"contentY":299.5345542850007,"endTimestamp":279838049,"flicking":true,"velocity":1248.3730555159127}
{"coastSample":8,"contentY":314.31711101398605,"endTimestamp":279838049,"flicking":true,"velocity":1231.1300306836042}
{"coastSample":9,"contentY":340.8576918617097,"endTimestamp":279838049,"flicking":true,"velocity":1198.143374482661}
{"coastSample":10,"contentY":366.67256627301265,"endTimestamp":279838049,"flicking":true,"velocity":1164.4070215498743}
{"coastSample":11,"contentY":394.00658225702864,"endTimestamp":279838049,"flicking":true,"velocity":1129.171275153412}
{"coastSample":12,"contentY":406.2460396746111,"endTimestamp":279838049,"flicking":true,"velocity":1111.9282503211082}
{"coastSample":13,"contentY":432.32056514913654,"endTimestamp":279838049,"flicking":true,"velocity":1076.6925039246396}
{"coastSample":14,"contentY":455.4635204081632,"endTimestamp":279838049,"flicking":true,"velocity":1042.9561509918585}
{"coastSample":15,"contentY":468.79779104823746,"endTimestamp":279838049,"flicking":true,"velocity":1025.7131261595614}
{"angleX":0,"angleY":0,"contentY":813,"deviceType":4,"inverted":false,"overViewport":true,"phase":1,"pixelX":0,"pixelY":0,"pointerX":848.46484375,"pointerY":353.109375,"source":0,"timestamp":279839168}
{"angleX":0,"angleY":0,"contentY":813,"deviceType":4,"inverted":false,"overViewport":true,"phase":1,"pixelX":0,"pixelY":0,"pointerX":848.46484375,"pointerY":353.109375,"source":0,"timestamp":279839168}
{"angleX":0,"angleY":53,"contentY":813,"deviceType":4,"inverted":true,"overViewport":true,"phase":2,"pixelX":0,"pixelY":4,"pointerX":848.46484375,"pointerY":353.109375,"source":1,"timestamp":279839168}
{"angleX":0,"angleY":51,"contentY":809,"deviceType":4,"inverted":true,"overViewport":true,"phase":2,"pixelX":0,"pixelY":5,"pointerX":848.46484375,"pointerY":353.109375,"source":1,"timestamp":279839175}
{"angleX":0,"angleY":57,"contentY":804,"deviceType":4,"inverted":true,"overViewport":true,"phase":2,"pixelX":0,"pixelY":4,"pointerX":848.46484375,"pointerY":353.109375,"source":1,"timestamp":279839182}
{"angleX":0,"angleY":59,"contentY":800,"deviceType":4,"inverted":true,"overViewport":true,"phase":2,"pixelX":0,"pixelY":5,"pointerX":848.46484375,"pointerY":353.109375,"source":1,"timestamp":279839189}
{"angleX":0,"angleY":61,"contentY":795,"deviceType":4,"inverted":true,"overViewport":true,"phase":2,"pixelX":0,"pixelY":5,"pointerX":848.46484375,"pointerY":353.109375,"source":1,"timestamp":279839197}
{"angleX":0,"angleY":63,"contentY":790,"deviceType":4,"inverted":true,"overViewport":true,"phase":2,"pixelX":0,"pixelY":6,"pointerX":848.46484375,"pointerY":353.109375,"source":1,"timestamp":279839204}
{"angleX":0,"angleY":63,"contentY":784,"deviceType":4,"inverted":true,"overViewport":true,"phase":2,"pixelX":0,"pixelY":5,"pointerX":848.46484375,"pointerY":353.109375,"source":1,"timestamp":279839211}
{"angleX":0,"angleY":63,"contentY":779,"deviceType":4,"inverted":true,"overViewport":true,"phase":2,"pixelX":0,"pixelY":5,"pointerX":848.46484375,"pointerY":353.109375,"source":1,"timestamp":279839218}
{"angleX":0,"angleY":63,"contentY":774,"deviceType":4,"inverted":true,"overViewport":true,"phase":2,"pixelX":0,"pixelY":5,"pointerX":848.46484375,"pointerY":353.109375,"source":1,"timestamp":279839225}
{"angleX":0,"angleY":65,"contentY":769,"deviceType":4,"inverted":true,"overViewport":true,"phase":2,"pixelX":0,"pixelY":6,"pointerX":848.46484375,"pointerY":353.109375,"source":1,"timestamp":279839233}
{"angleX":0,"angleY":0,"contentY":763,"deviceType":4,"inverted":true,"overViewport":true,"phase":3,"pixelX":0,"pixelY":0,"pointerX":848.46484375,"pointerY":353.109375,"source":0,"timestamp":279839239}
{"angleX":0,"angleY":0,"contentY":763,"deviceType":4,"inverted":true,"overViewport":true,"phase":3,"pixelX":0,"pixelY":0,"pointerX":848.46484375,"pointerY":353.109375,"source":0,"timestamp":279839239}
{"coastSample":1,"contentY":746.763611054605,"endTimestamp":279839239,"flicking":true,"velocity":-696.1605493490538}
{"coastSample":2,"contentY":730.6689758945065,"endTimestamp":279839239,"flicking":true,"velocity":-660.8403935388816}
{"coastSample":3,"contentY":722.3125164936664,"endTimestamp":279839239,"flicking":true,"velocity":-643.5560619721969}
{"coastSample":4,"contentY":708.7494653303131,"endTimestamp":279839239,"flicking":true,"velocity":-608.2359061620392}
{"coastSample":5,"contentY":694.2199110853932,"endTimestamp":279839239,"flicking":true,"velocity":-570.6612723214345}
{"coastSample":6,"contentY":682.2109467776874,"endTimestamp":279839239,"flicking":true,"velocity":-537.595594541699}
{"coastSample":7,"contentY":676.9928042944009,"endTimestamp":279839239,"flicking":true,"velocity":-521.8142483286442}
{"coastSample":8,"contentY":665.5614595245426,"endTimestamp":279839239,"flicking":true,"velocity":-487.245585195285}
{"coastSample":9,"contentY":654.4807835041344,"endTimestamp":279839239,"flicking":true,"velocity":-451.9254293851211}
{"coastSample":10,"contentY":648.8402186372932,"endTimestamp":279839239,"flicking":true,"velocity":-433.88960514163375}
{"coastSample":11,"contentY":640.265102700563,"endTimestamp":279839239,"flicking":true,"velocity":-400.0724346850802}
{"coastSample":12,"contentY":631.9925599819669,"endTimestamp":279839239,"flicking":true,"velocity":-367.0067569053458}
{"coastSample":13,"contentY":623.7976158405172,"endTimestamp":279839239,"flicking":true,"velocity":-331.6866010951778}
{"coastSample":14,"contentY":616.7564912885952,"endTimestamp":279839239,"flicking":true,"velocity":-297.1179379618227}
{"coastSample":15,"contentY":613.3984880118535,"endTimestamp":279839239,"flicking":true,"velocity":-278.3306210415162}
{"angleX":0,"angleY":0,"contentY":589,"deviceType":4,"inverted":false,"overViewport":true,"phase":1,"pixelX":0,"pixelY":0,"pointerX":848.46484375,"pointerY":353.109375,"source":0,"timestamp":279840069}
{"angleX":0,"angleY":0,"contentY":589,"deviceType":4,"inverted":false,"overViewport":true,"phase":1,"pixelX":0,"pixelY":0,"pointerX":848.46484375,"pointerY":353.109375,"source":0,"timestamp":279840069}
{"angleX":0,"angleY":73,"contentY":589,"deviceType":4,"inverted":true,"overViewport":true,"phase":2,"pixelX":0,"pixelY":6,"pointerX":848.46484375,"pointerY":353.109375,"source":1,"timestamp":279840069}
{"angleX":0,"angleY":75,"contentY":583,"deviceType":4,"inverted":true,"overViewport":true,"phase":2,"pixelX":0,"pixelY":6,"pointerX":848.46484375,"pointerY":353.109375,"source":1,"timestamp":279840076}
{"angleX":0,"angleY":81,"contentY":577,"deviceType":4,"inverted":true,"overViewport":true,"phase":2,"pixelX":0,"pixelY":7,"pointerX":848.46484375,"pointerY":353.109375,"source":1,"timestamp":279840083}
{"angleX":0,"angleY":81,"contentY":570,"deviceType":4,"inverted":true,"overViewport":true,"phase":2,"pixelX":0,"pixelY":7,"pointerX":848.46484375,"pointerY":353.109375,"source":1,"timestamp":279840091}
{"angleX":0,"angleY":96,"contentY":563,"deviceType":4,"inverted":true,"overViewport":true,"phase":2,"pixelX":0,"pixelY":8,"pointerX":848.46484375,"pointerY":353.109375,"source":1,"timestamp":279840098}
{"angleX":0,"angleY":108,"contentY":555,"deviceType":4,"inverted":true,"overViewport":true,"phase":2,"pixelX":0,"pixelY":9,"pointerX":848.46484375,"pointerY":353.109375,"source":1,"timestamp":279840105}
{"angleX":0,"angleY":132,"contentY":546,"deviceType":4,"inverted":true,"overViewport":true,"phase":2,"pixelX":0,"pixelY":11,"pointerX":848.46484375,"pointerY":353.109375,"source":1,"timestamp":279840112}
{"angleX":0,"angleY":0,"contentY":535,"deviceType":4,"inverted":true,"overViewport":true,"phase":3,"pixelX":0,"pixelY":0,"pointerX":848.46484375,"pointerY":353.109375,"source":0,"timestamp":279840118}
{"angleX":0,"angleY":0,"contentY":535,"deviceType":4,"inverted":true,"overViewport":true,"phase":3,"pixelX":0,"pixelY":0,"pointerX":848.46484375,"pointerY":353.109375,"source":0,"timestamp":279840118}
{"coastSample":1,"contentY":507.3655939275568,"endTimestamp":279840118,"flicking":true,"velocity":-1192.4937855113637}
{"coastSample":2,"contentY":480.52487571022726,"endTimestamp":279840118,"flicking":true,"velocity":-1157.2354403409122}
{"coastSample":3,"contentY":465.7051180752841,"endTimestamp":279840118,"flicking":true,"velocity":-1139.981356534091}
{"coastSample":4,"contentY":441.2031649502841,"endTimestamp":279840118,"flicking":true,"velocity":-1104.7230113636374}
{"coastSample":5,"contentY":417.4273837002841,"endTimestamp":279840118,"flicking":true,"velocity":-1071.7151988636317}
{"coastSample":6,"contentY":394.3777743252841,"endTimestamp":279840118,"flicking":true,"velocity":-1039.4575639204504}
{"coastSample":7,"contentY":371.0568892045454,"endTimestamp":279840118,"flicking":true,"velocity":-1004.19921875}
{"coastSample":8,"contentY":360.18398881392045,"endTimestamp":279840118,"flicking":true,"velocity":-987.6953125}
{"coastSample":9,"contentY":338.98281693892045,"endTimestamp":279840118,"flicking":true,"velocity":-954.6875}
{"coastSample":10,"contentY":317.59438920454545,"endTimestamp":279840118,"flicking":true,"velocity":-920.1793323863625}
{"coastSample":11,"contentY":297.87856889204545,"endTimestamp":279840118,"flicking":true,"velocity":-887.1715198863625}
{"coastSample":12,"contentY":278.8889204545454,"endTimestamp":279840118,"flicking":true,"velocity":-854.9138849431819}
{"coastSample":13,"contentY":269.66641068892045,"endTimestamp":279840118,"flicking":true,"velocity":-837.6598011363625}
{"coastSample":14,"contentY":251.7660200639204,"endTimestamp":279840118,"flicking":true,"velocity":-804.6519886363683}
{"coastSample":15,"contentY":233.82840909090908,"endTimestamp":279840118,"flicking":true,"velocity":-770.1438210227252}
{"angleX":0,"angleY":0,"contentY":40,"deviceType":4,"inverted":false,"overViewport":true,"phase":1,"pixelX":0,"pixelY":0,"pointerX":848.46484375,"pointerY":353.109375,"source":0,"timestamp":279841244}
{"angleX":0,"angleY":0,"contentY":40,"deviceType":4,"inverted":false,"overViewport":true,"phase":1,"pixelX":0,"pixelY":0,"pointerX":848.46484375,"pointerY":353.109375,"source":0,"timestamp":279841244}
{"angleX":0,"angleY":53,"contentY":40,"deviceType":4,"inverted":true,"overViewport":true,"phase":2,"pixelX":0,"pixelY":4,"pointerX":848.46484375,"pointerY":353.109375,"source":1,"timestamp":279841244}
{"angleX":0,"angleY":61,"contentY":36,"deviceType":4,"inverted":true,"overViewport":true,"phase":2,"pixelX":0,"pixelY":6,"pointerX":848.46484375,"pointerY":353.109375,"source":1,"timestamp":279841251}
{"angleX":0,"angleY":61,"contentY":30,"deviceType":4,"inverted":true,"overViewport":true,"phase":2,"pixelX":0,"pixelY":5,"pointerX":848.46484375,"pointerY":353.109375,"source":1,"timestamp":279841258}
{"angleX":0,"angleY":65,"contentY":25,"deviceType":4,"inverted":true,"overViewport":true,"phase":2,"pixelX":0,"pixelY":5,"pointerX":848.46484375,"pointerY":353.109375,"source":1,"timestamp":279841266}
{"angleX":0,"angleY":61,"contentY":20,"deviceType":4,"inverted":true,"overViewport":true,"phase":2,"pixelX":0,"pixelY":5,"pointerX":848.46484375,"pointerY":353.109375,"source":1,"timestamp":279841273}
{"angleX":0,"angleY":63,"contentY":15,"deviceType":4,"inverted":true,"overViewport":true,"phase":2,"pixelX":0,"pixelY":5,"pointerX":848.46484375,"pointerY":353.109375,"source":1,"timestamp":279841280}
{"angleX":0,"angleY":59,"contentY":10,"deviceType":4,"inverted":true,"overViewport":true,"phase":2,"pixelX":0,"pixelY":5,"pointerX":848.46484375,"pointerY":353.109375,"source":1,"timestamp":279841287}
{"angleX":0,"angleY":57,"contentY":5,"deviceType":4,"inverted":true,"overViewport":true,"phase":2,"pixelX":0,"pixelY":5,"pointerX":848.46484375,"pointerY":353.109375,"source":1,"timestamp":279841294}
{"angleX":0,"angleY":55,"contentY":0,"deviceType":4,"inverted":true,"overViewport":true,"phase":2,"pixelX":0,"pixelY":5,"pointerX":848.46484375,"pointerY":353.109375,"source":1,"timestamp":279841301}
{"angleX":0,"angleY":53,"contentY":0,"deviceType":4,"inverted":true,"overViewport":true,"phase":2,"pixelX":0,"pixelY":4,"pointerX":848.46484375,"pointerY":353.109375,"source":1,"timestamp":279841309}
{"angleX":0,"angleY":55,"contentY":0,"deviceType":4,"inverted":true,"overViewport":true,"phase":2,"pixelX":0,"pixelY":5,"pointerX":848.46484375,"pointerY":353.109375,"source":1,"timestamp":279841316}
{"angleX":0,"angleY":53,"contentY":0,"deviceType":4,"inverted":true,"overViewport":true,"phase":2,"pixelX":0,"pixelY":4,"pointerX":848.46484375,"pointerY":353.109375,"source":1,"timestamp":279841323}
{"angleX":0,"angleY":55,"contentY":0,"deviceType":4,"inverted":true,"overViewport":true,"phase":2,"pixelX":0,"pixelY":5,"pointerX":848.46484375,"pointerY":353.109375,"source":1,"timestamp":279841330}
{"angleX":0,"angleY":0,"contentY":0,"deviceType":4,"inverted":true,"overViewport":true,"phase":3,"pixelX":0,"pixelY":0,"pointerX":848.46484375,"pointerY":353.109375,"source":0,"timestamp":279841336}
{"angleX":0,"angleY":0,"contentY":0,"deviceType":4,"inverted":true,"overViewport":true,"phase":3,"pixelX":0,"pixelY":0,"pointerX":848.46484375,"pointerY":353.109375,"source":0,"timestamp":279841336}
{"coastSample":1,"contentY":0,"endTimestamp":279841336,"flicking":false,"velocity":0}
{"coastSample":2,"contentY":0,"endTimestamp":279841336,"flicking":false,"velocity":0}
{"coastSample":3,"contentY":0,"endTimestamp":279841336,"flicking":false,"velocity":0}
{"coastSample":4,"contentY":0,"endTimestamp":279841336,"flicking":false,"velocity":0}
{"coastSample":5,"contentY":0,"endTimestamp":279841336,"flicking":false,"velocity":0}
{"coastSample":6,"contentY":0,"endTimestamp":279841336,"flicking":false,"velocity":0}
{"coastSample":7,"contentY":0,"endTimestamp":279841336,"flicking":false,"velocity":0}
{"coastSample":8,"contentY":0,"endTimestamp":279841336,"flicking":false,"velocity":0}
{"coastSample":9,"contentY":0,"endTimestamp":279841336,"flicking":false,"velocity":0}
{"coastSample":10,"contentY":0,"endTimestamp":279841336,"flicking":false,"velocity":0}
{"coastSample":11,"contentY":0,"endTimestamp":279841336,"flicking":false,"velocity":0}
{"coastSample":12,"contentY":0,"endTimestamp":279841336,"flicking":false,"velocity":0}
{"coastSample":13,"contentY":0,"endTimestamp":279841336,"flicking":false,"velocity":0}
{"coastSample":14,"contentY":0,"endTimestamp":279841336,"flicking":false,"velocity":0}
{"coastSample":15,"contentY":0,"endTimestamp":279841336,"flicking":false,"velocity":0}
{"angleX":0,"angleY":0,"contentY":0,"deviceType":4,"inverted":false,"overViewport":true,"phase":1,"pixelX":0,"pixelY":0,"pointerX":848.46484375,"pointerY":353.109375,"source":0,"timestamp":279841756}
{"angleX":0,"angleY":0,"contentY":0,"deviceType":4,"inverted":false,"overViewport":true,"phase":1,"pixelX":0,"pixelY":0,"pointerX":848.46484375,"pointerY":353.109375,"source":0,"timestamp":279841756}
{"angleX":0,"angleY":-63,"contentY":0,"deviceType":4,"inverted":true,"overViewport":true,"phase":2,"pixelX":0,"pixelY":-5,"pointerX":848.46484375,"pointerY":353.109375,"source":1,"timestamp":279841756}
{"angleX":0,"angleY":-69,"contentY":5,"deviceType":4,"inverted":true,"overViewport":true,"phase":2,"pixelX":0,"pixelY":-6,"pointerX":848.46484375,"pointerY":353.109375,"source":1,"timestamp":279841763}
{"angleX":0,"angleY":-73,"contentY":11,"deviceType":4,"inverted":true,"overViewport":true,"phase":2,"pixelX":0,"pixelY":-6,"pointerX":848.46484375,"pointerY":353.109375,"source":1,"timestamp":279841770}
{"angleX":0,"angleY":-81,"contentY":17,"deviceType":4,"inverted":true,"overViewport":true,"phase":2,"pixelX":0,"pixelY":-7,"pointerX":848.46484375,"pointerY":353.109375,"source":1,"timestamp":279841778}
{"angleX":0,"angleY":-83,"contentY":24,"deviceType":4,"inverted":true,"overViewport":true,"phase":2,"pixelX":0,"pixelY":-7,"pointerX":848.46484375,"pointerY":353.109375,"source":1,"timestamp":279841785}
{"angleX":0,"angleY":-88,"contentY":31,"deviceType":4,"inverted":true,"overViewport":true,"phase":2,"pixelX":0,"pixelY":-7,"pointerX":848.46484375,"pointerY":353.109375,"source":1,"timestamp":279841792}
{"angleX":0,"angleY":-81,"contentY":38,"deviceType":4,"inverted":true,"overViewport":true,"phase":2,"pixelX":0,"pixelY":-7,"pointerX":848.46484375,"pointerY":353.109375,"source":1,"timestamp":279841799}
{"angleX":0,"angleY":-81,"contentY":45,"deviceType":4,"inverted":true,"overViewport":true,"phase":2,"pixelX":0,"pixelY":-7,"pointerX":848.46484375,"pointerY":353.109375,"source":1,"timestamp":279841806}
{"angleX":0,"angleY":0,"contentY":52,"deviceType":4,"inverted":true,"overViewport":true,"phase":3,"pixelX":0,"pixelY":0,"pointerX":848.46484375,"pointerY":353.109375,"source":0,"timestamp":279841812}
{"angleX":0,"angleY":0,"contentY":52,"deviceType":4,"inverted":true,"overViewport":true,"phase":3,"pixelX":0,"pixelY":0,"pointerX":848.46484375,"pointerY":353.109375,"source":0,"timestamp":279841812}
{"coastSample":1,"contentY":75.56756756756756,"endTimestamp":279841812,"flicking":true,"velocity":972.2222222222222}
{"coastSample":2,"contentY":96.41141141141142,"endTimestamp":279841812,"flicking":true,"velocity":939.1891891891904}
{"coastSample":3,"contentY":116.52852852852853,"endTimestamp":279841812,"flicking":true,"velocity":906.1561561561562}
{"coastSample":4,"contentY":126.31456456456456,"endTimestamp":279841812,"flicking":true,"velocity":888.8888888888885}
{"coastSample":5,"contentY":146.1891891891892,"endTimestamp":279841812,"flicking":true,"velocity":855.1051051051053}
{"coastSample":6,"contentY":165.26951951951952,"endTimestamp":279841812,"flicking":true,"velocity":820.570570570572}
{"coastSample":7,"contentY":182.77702702702703,"endTimestamp":279841812,"flicking":true,"velocity":787.5375375375389}
{"coastSample":8,"contentY":192.7807807807808,"endTimestamp":279841812,"flicking":true,"velocity":769.5195195195197}
{"coastSample":9,"contentY":209.13213213213214,"endTimestamp":279841812,"flicking":true,"velocity":734.9849849849865}
{"coastSample":10,"contentY":225.4496996996997,"endTimestamp":279841812,"flicking":true,"velocity":699.6996996996984}
{"coastSample":11,"contentY":240.31456456456456,"endTimestamp":279841812,"flicking":true,"velocity":666.6666666666657}
{"coastSample":12,"contentY":248.11636636636638,"endTimestamp":279841812,"flicking":true,"velocity":648.6486486486513}
{"coastSample":13,"contentY":263.0713213213213,"endTimestamp":279841812,"flicking":true,"velocity":613.3633633633622}
{"coastSample":14,"contentY":276.0202702702703,"endTimestamp":279841812,"flicking":true,"velocity":580.3303303303345}
{"coastSample":15,"contentY":288.7807807807808,"endTimestamp":279841812,"flicking":true,"velocity":545.0450450450433}
{"angleX":0,"angleY":0,"contentY":385,"deviceType":4,"inverted":false,"overViewport":true,"phase":1,"pixelX":0,"pixelY":0,"pointerX":848.46484375,"pointerY":353.109375,"source":0,"timestamp":279842701}
{"angleX":0,"angleY":0,"contentY":385,"deviceType":4,"inverted":false,"overViewport":true,"phase":1,"pixelX":0,"pixelY":0,"pointerX":848.46484375,"pointerY":353.109375,"source":0,"timestamp":279842701}
{"angleX":0,"angleY":-86,"contentY":385,"deviceType":4,"inverted":true,"overViewport":true,"phase":2,"pixelX":0,"pixelY":-7,"pointerX":848.46484375,"pointerY":353.109375,"source":1,"timestamp":279842701}
{"angleX":0,"angleY":-88,"contentY":392,"deviceType":4,"inverted":true,"overViewport":true,"phase":2,"pixelX":0,"pixelY":-7,"pointerX":848.46484375,"pointerY":353.109375,"source":1,"timestamp":279842708}
{"angleX":0,"angleY":-79,"contentY":399,"deviceType":4,"inverted":true,"overViewport":true,"phase":2,"pixelX":0,"pixelY":-7,"pointerX":848.46484375,"pointerY":353.109375,"source":1,"timestamp":279842715}
{"angleX":0,"angleY":-73,"contentY":406,"deviceType":4,"inverted":true,"overViewport":true,"phase":2,"pixelX":0,"pixelY":-6,"pointerX":848.46484375,"pointerY":353.109375,"source":1,"timestamp":279842722}
{"angleX":0,"angleY":-79,"contentY":412,"deviceType":4,"inverted":true,"overViewport":true,"phase":2,"pixelX":0,"pixelY":-7,"pointerX":848.46484375,"pointerY":353.109375,"source":1,"timestamp":279842730}
{"angleX":0,"angleY":-71,"contentY":419,"deviceType":4,"inverted":true,"overViewport":true,"phase":2,"pixelX":0,"pixelY":-6,"pointerX":848.46484375,"pointerY":353.109375,"source":1,"timestamp":279842737}
{"angleX":0,"angleY":-67,"contentY":425,"deviceType":4,"inverted":true,"overViewport":true,"phase":2,"pixelX":0,"pixelY":-5,"pointerX":848.46484375,"pointerY":353.109375,"source":1,"timestamp":279842744}
{"angleX":0,"angleY":-73,"contentY":430,"deviceType":4,"inverted":true,"overViewport":true,"phase":2,"pixelX":0,"pixelY":-6,"pointerX":848.46484375,"pointerY":353.109375,"source":1,"timestamp":279842751}
{"angleX":0,"angleY":-75,"contentY":436,"deviceType":4,"inverted":true,"overViewport":true,"phase":2,"pixelX":0,"pixelY":-7,"pointerX":848.46484375,"pointerY":353.109375,"source":1,"timestamp":279842758}
{"angleX":0,"angleY":-90,"contentY":443,"deviceType":4,"inverted":true,"overViewport":true,"phase":2,"pixelX":0,"pixelY":-7,"pointerX":848.46484375,"pointerY":353.109375,"source":1,"timestamp":279842766}
{"angleX":0,"angleY":0,"contentY":450,"deviceType":4,"inverted":true,"overViewport":true,"phase":3,"pixelX":0,"pixelY":0,"pointerX":848.46484375,"pointerY":353.109375,"source":0,"timestamp":279842772}
{"angleX":0,"angleY":0,"contentY":450,"deviceType":4,"inverted":true,"overViewport":true,"phase":3,"pixelX":0,"pixelY":0,"pointerX":848.46484375,"pointerY":353.109375,"source":0,"timestamp":279842772}
{"coastSample":1,"contentY":469.41948242994374,"endTimestamp":279842772,"flicking":true,"velocity":835.3087213978422}
{"coastSample":2,"contentY":488.04400114834647,"endTimestamp":279842772,"flicking":true,"velocity":800.7450817656263}
{"coastSample":3,"contentY":498.2192555685767,"endTimestamp":279842772,"flicking":true,"velocity":782.7118784792488}
{"coastSample":4,"contentY":514.8603516230157,"endTimestamp":279842772,"flicking":true,"velocity":747.396855376769}
{"coastSample":5,"contentY":531.4801792427497,"endTimestamp":279842772,"flicking":true,"velocity":712.833215744547}
{"coastSample":6,"contentY":546.6335360260628,"endTimestamp":279842772,"flicking":true,"velocity":679.7723430528549}
{"coastSample":7,"contentY":561.0595536101587,"endTimestamp":279842772,"flicking":true,"velocity":646.7114703611742}
{"coastSample":8,"contentY":568.6217260183425,"endTimestamp":279842772,"flicking":true,"velocity":629.4296505450554}
{"coastSample":9,"contentY":581.923673930921,"endTimestamp":279842772,"flicking":true,"velocity":595.6173943831118}
{"coastSample":10,"contentY":595.052573947801,"endTimestamp":279842772,"flicking":true,"velocity":561.0537547509011}
{"coastSample":11,"contentY":607.3865102531397,"endTimestamp":279842772,"flicking":true,"velocity":526.4901151186677}
{"coastSample":12,"contentY":613.0043319378137,"endTimestamp":279842772,"flicking":true,"velocity":509.9596787728274}
{"coastSample":13,"contentY":624.6302353166247,"endTimestamp":279842772,"flicking":true,"velocity":473.89327220007544}
{"coastSample":14,"contentY":634.9594805232948,"endTimestamp":279842772,"flicking":true,"velocity":439.3296325678534}
{"coastSample":15,"contentY":640.4461020890676,"endTimestamp":279842772,"flicking":true,"velocity":422.04781275173985}
{"angleX":0,"angleY":0,"contentY":697,"deviceType":4,"inverted":false,"overViewport":true,"phase":1,"pixelX":0,"pixelY":0,"pointerX":848.46484375,"pointerY":353.109375,"source":0,"timestamp":279843494}
{"angleX":0,"angleY":0,"contentY":697,"deviceType":4,"inverted":false,"overViewport":true,"phase":1,"pixelX":0,"pixelY":0,"pointerX":848.46484375,"pointerY":353.109375,"source":0,"timestamp":279843494}
{"angleX":0,"angleY":-63,"contentY":697,"deviceType":4,"inverted":true,"overViewport":true,"phase":2,"pixelX":0,"pixelY":-5,"pointerX":848.46484375,"pointerY":353.109375,"source":1,"timestamp":279843494}
{"angleX":0,"angleY":-81,"contentY":702,"deviceType":4,"inverted":true,"overViewport":true,"phase":2,"pixelX":0,"pixelY":-7,"pointerX":848.46484375,"pointerY":353.109375,"source":1,"timestamp":279843501}
{"angleX":0,"angleY":-94,"contentY":709,"deviceType":4,"inverted":true,"overViewport":true,"phase":2,"pixelX":0,"pixelY":-8,"pointerX":848.46484375,"pointerY":353.109375,"source":1,"timestamp":279843508}
{"angleX":0,"angleY":-106,"contentY":717,"deviceType":4,"inverted":true,"overViewport":true,"phase":2,"pixelX":0,"pixelY":-9,"pointerX":848.46484375,"pointerY":353.109375,"source":1,"timestamp":279843516}
{"angleX":0,"angleY":-108,"contentY":726,"deviceType":4,"inverted":true,"overViewport":true,"phase":2,"pixelX":0,"pixelY":-9,"pointerX":848.46484375,"pointerY":353.109375,"source":1,"timestamp":279843523}
{"angleX":0,"angleY":-102,"contentY":735,"deviceType":4,"inverted":true,"overViewport":true,"phase":2,"pixelX":0,"pixelY":-8,"pointerX":848.46484375,"pointerY":353.109375,"source":1,"timestamp":279843530}
{"angleX":0,"angleY":-96,"contentY":743,"deviceType":4,"inverted":true,"overViewport":true,"phase":2,"pixelX":0,"pixelY":-8,"pointerX":848.46484375,"pointerY":353.109375,"source":1,"timestamp":279843537}
{"angleX":0,"angleY":0,"contentY":751,"deviceType":4,"inverted":true,"overViewport":true,"phase":3,"pixelX":0,"pixelY":0,"pointerX":848.46484375,"pointerY":353.109375,"source":0,"timestamp":279843565}
{"angleX":0,"angleY":0,"contentY":751,"deviceType":4,"inverted":true,"overViewport":true,"phase":3,"pixelX":0,"pixelY":0,"pointerX":848.46484375,"pointerY":353.109375,"source":0,"timestamp":279843565}
{"coastSample":1,"contentY":775.1996908574126,"endTimestamp":279843565,"flicking":true,"velocity":988.536122081045}
{"coastSample":2,"contentY":793.7898348582221,"endTimestamp":279843565,"flicking":true,"velocity":744.6427804895951}
{"coastSample":3,"contentY":805.3954323856947,"endTimestamp":279843565,"flicking":true,"velocity":527.2595847233106}
{"coastSample":4,"contentY":810.6645002667533,"endTimestamp":279843565,"flicking":true,"velocity":400.0108847625597}
{"coastSample":5,"contentY":815.3904226354003,"endTimestamp":279843565,"flicking":true,"velocity":172.02363066620694}
{"coastSample":6,"contentY":816,"endTimestamp":279843565,"flicking":false,"velocity":0}
{"coastSample":7,"contentY":816,"endTimestamp":279843565,"flicking":false,"velocity":0}
{"coastSample":8,"contentY":816,"endTimestamp":279843565,"flicking":false,"velocity":0}
{"coastSample":9,"contentY":816,"endTimestamp":279843565,"flicking":false,"velocity":0}
{"coastSample":10,"contentY":816,"endTimestamp":279843565,"flicking":false,"velocity":0}
{"coastSample":11,"contentY":816,"endTimestamp":279843565,"flicking":false,"velocity":0}
{"coastSample":12,"contentY":816,"endTimestamp":279843565,"flicking":false,"velocity":0}
{"coastSample":13,"contentY":816,"endTimestamp":279843565,"flicking":false,"velocity":0}
{"coastSample":14,"contentY":816,"endTimestamp":279843565,"flicking":false,"velocity":0}
{"coastSample":15,"contentY":816,"endTimestamp":279843565,"flicking":false,"velocity":0}
{"angleX":0,"angleY":0,"contentY":816,"deviceType":4,"inverted":false,"overViewport":true,"phase":1,"pixelX":0,"pixelY":0,"pointerX":848.46484375,"pointerY":353.109375,"source":0,"timestamp":279844100}
{"angleX":0,"angleY":0,"contentY":816,"deviceType":4,"inverted":false,"overViewport":true,"phase":1,"pixelX":0,"pixelY":0,"pointerX":848.46484375,"pointerY":353.109375,"source":0,"timestamp":279844100}
{"angleX":0,"angleY":86,"contentY":816,"deviceType":4,"inverted":true,"overViewport":true,"phase":2,"pixelX":0,"pixelY":7,"pointerX":848.46484375,"pointerY":353.109375,"source":1,"timestamp":279844100}
{"angleX":0,"angleY":94,"contentY":809,"deviceType":4,"inverted":true,"overViewport":true,"phase":2,"pixelX":0,"pixelY":8,"pointerX":848.46484375,"pointerY":353.109375,"source":1,"timestamp":279844107}
{"angleX":0,"angleY":114,"contentY":801,"deviceType":4,"inverted":true,"overViewport":true,"phase":2,"pixelX":0,"pixelY":9,"pointerX":848.46484375,"pointerY":353.109375,"source":1,"timestamp":279844114}
{"angleX":0,"angleY":126,"contentY":792,"deviceType":4,"inverted":true,"overViewport":true,"phase":2,"pixelX":0,"pixelY":11,"pointerX":848.46484375,"pointerY":353.109375,"source":1,"timestamp":279844121}
{"angleX":0,"angleY":120,"contentY":781,"deviceType":4,"inverted":true,"overViewport":true,"phase":2,"pixelX":0,"pixelY":10,"pointerX":848.46484375,"pointerY":353.109375,"source":1,"timestamp":279844128}
{"angleX":0,"angleY":122,"contentY":771,"deviceType":4,"inverted":true,"overViewport":true,"phase":2,"pixelX":0,"pixelY":10,"pointerX":848.46484375,"pointerY":353.109375,"source":1,"timestamp":279844136}
{"angleX":0,"angleY":128,"contentY":761,"deviceType":4,"inverted":true,"overViewport":true,"phase":2,"pixelX":0,"pixelY":11,"pointerX":848.46484375,"pointerY":353.109375,"source":1,"timestamp":279844143}
{"angleX":0,"angleY":128,"contentY":750,"deviceType":4,"inverted":true,"overViewport":true,"phase":2,"pixelX":0,"pixelY":11,"pointerX":848.46484375,"pointerY":353.109375,"source":1,"timestamp":279844150}
{"angleX":0,"angleY":0,"contentY":739,"deviceType":4,"inverted":true,"overViewport":true,"phase":3,"pixelX":0,"pixelY":0,"pointerX":848.46484375,"pointerY":353.109375,"source":0,"timestamp":279844163}
{"angleX":0,"angleY":0,"contentY":739,"deviceType":4,"inverted":true,"overViewport":true,"phase":3,"pixelX":0,"pixelY":0,"pointerX":848.46484375,"pointerY":353.109375,"source":0,"timestamp":279844163}
{"coastSample":1,"contentY":707.3451538968102,"endTimestamp":279844163,"flicking":true,"velocity":-1430.6063901525476}
{"coastSample":2,"contentY":673.640619692902,"endTimestamp":279844163,"flicking":true,"velocity":-1394.6052953095164}
{"coastSample":3,"contentY":642.1512157376008,"endTimestamp":279844163,"flicking":true,"velocity":-1360.1042460849467}
{"coastSample":4,"contentY":626.0369710799289,"endTimestamp":279844163,"flicking":true,"velocity":-1341.3536758542023}
{"coastSample":5,"contentY":594.4565014717599,"endTimestamp":279844163,"flicking":true,"velocity":-1305.3525810111637}
{"coastSample":6,"contentY":566.2667607472123,"endTimestamp":279844163,"flicking":true,"velocity":-1280.6018283065712}
{"coastSample":7,"contentY":551.1965478399885,"endTimestamp":279844163,"flicking":true,"velocity":-1254.3510299835248}
{"coastSample":8,"contentY":524.1288412380488,"endTimestamp":279844163,"flicking":true,"velocity":-1221.3500263774108}
{"coastSample":9,"contentY":496.60705794357403,"endTimestamp":279844163,"flicking":true,"velocity":-1187.5989999620629}
{"coastSample":10,"contentY":469.87879878126444,"endTimestamp":279844163,"flicking":true,"velocity":-1152.3479279282526}
{"coastSample":11,"contentY":445.05516042454076,"endTimestamp":279844163,"flicking":true,"velocity":-1119.346924322133}
{"coastSample":12,"contentY":432.91559952592934,"endTimestamp":279844163,"flicking":true,"velocity":-1103.596445328311}
{"coastSample":13,"contentY":407.05930399780306,"endTimestamp":279844163,"flicking":true,"velocity":-1067.5953504852746}
{"coastSample":14,"contentY":382.0670347459097,"endTimestamp":279844163,"flicking":true,"velocity":-1031.5942556422276}
{"coastSample":15,"contentY":368.8903165390403,"endTimestamp":279844163,"flicking":true,"velocity":-1014.3437310299475}
{"angleX":0,"angleY":0,"contentY":33,"deviceType":4,"inverted":false,"overViewport":true,"phase":1,"pixelX":0,"pixelY":0,"pointerX":848.46484375,"pointerY":353.109375,"source":0,"timestamp":279845549}
{"angleX":0,"angleY":0,"contentY":33,"deviceType":4,"inverted":false,"overViewport":true,"phase":1,"pixelX":0,"pixelY":0,"pointerX":848.46484375,"pointerY":353.109375,"source":0,"timestamp":279845549}
{"angleX":0,"angleY":-98,"contentY":33,"deviceType":4,"inverted":true,"overViewport":true,"phase":2,"pixelX":0,"pixelY":-8,"pointerX":848.46484375,"pointerY":353.109375,"source":1,"timestamp":279845549}
{"angleX":0,"angleY":-106,"contentY":41,"deviceType":4,"inverted":true,"overViewport":true,"phase":2,"pixelX":0,"pixelY":-9,"pointerX":848.46484375,"pointerY":353.109375,"source":1,"timestamp":279845556}
{"angleX":0,"angleY":-114,"contentY":50,"deviceType":4,"inverted":true,"overViewport":true,"phase":2,"pixelX":0,"pixelY":-9,"pointerX":848.46484375,"pointerY":353.109375,"source":1,"timestamp":279845563}
{"angleX":0,"angleY":-120,"contentY":59,"deviceType":4,"inverted":true,"overViewport":true,"phase":2,"pixelX":0,"pixelY":-10,"pointerX":848.46484375,"pointerY":353.109375,"source":1,"timestamp":279845570}
{"angleX":0,"angleY":-147,"contentY":69,"deviceType":4,"inverted":true,"overViewport":true,"phase":2,"pixelX":0,"pixelY":-13,"pointerX":848.46484375,"pointerY":353.109375,"source":1,"timestamp":279845578}
{"angleX":0,"angleY":-149,"contentY":82,"deviceType":4,"inverted":true,"overViewport":true,"phase":2,"pixelX":0,"pixelY":-12,"pointerX":848.46484375,"pointerY":353.109375,"source":1,"timestamp":279845585}
{"angleX":0,"angleY":-147,"contentY":94,"deviceType":4,"inverted":true,"overViewport":true,"phase":2,"pixelX":0,"pixelY":-12,"pointerX":848.46484375,"pointerY":353.109375,"source":1,"timestamp":279845592}
{"angleX":0,"angleY":0,"contentY":106,"deviceType":4,"inverted":true,"overViewport":true,"phase":3,"pixelX":0,"pixelY":0,"pointerX":848.46484375,"pointerY":353.109375,"source":0,"timestamp":279845605}
{"angleX":0,"angleY":0,"contentY":106,"deviceType":4,"inverted":true,"overViewport":true,"phase":3,"pixelX":0,"pixelY":0,"pointerX":848.46484375,"pointerY":353.109375,"source":0,"timestamp":279845605}
{"coastSample":1,"contentY":142.78315736354512,"endTimestamp":279845605,"flicking":true,"velocity":1588.171362157319}
{"coastSample":2,"contentY":178.58798659703757,"endTimestamp":279845605,"flicking":true,"velocity":1545.635356502854}
{"coastSample":3,"contentY":199.90323806679362,"endTimestamp":279845605,"flicking":true,"velocity":1523.4426579005276}
{"coastSample":4,"contentY":234.13423509107096,"endTimestamp":279845605,"flicking":true,"velocity":1476.283173370581}
{"coastSample":5,"contentY":265.9614790795555,"endTimestamp":279845605,"flicking":true,"velocity":1435.5965592663154}
{"coastSample":6,"contentY":285.7491331288512,"endTimestamp":279845605,"flicking":true,"velocity":1413.4038606639876}
{"coastSample":7,"contentY":316.111659009582,"endTimestamp":279845605,"flicking":true,"velocity":1369.9431592344188}
{"coastSample":8,"contentY":348.2135503801267,"endTimestamp":279845605,"flicking":true,"velocity":1324.6330662546711}
{"coastSample":9,"contentY":366.4477155272595,"endTimestamp":279845605,"flicking":true,"velocity":1301.515671877243}
{"coastSample":10,"contentY":394.3690445617342,"endTimestamp":279845605,"flicking":true,"velocity":1258.0549704476766}
{"coastSample":11,"contentY":423.8078120999996,"endTimestamp":279845605,"flicking":true,"velocity":1214.594269018133}
{"coastSample":12,"contentY":449.85755688567787,"endTimestamp":279845605,"flicking":true,"velocity":1172.9829591387556}
{"coastSample":13,"contentY":463.6892327107174,"endTimestamp":279845605,"flicking":true,"velocity":1151.7149563115315}
{"coastSample":14,"contentY":489.4555646097567,"endTimestamp":279845605,"flicking":true,"velocity":1108.2542548819674}
{"coastSample":15,"contentY":515.2991149744448,"endTimestamp":279845605,"flicking":true,"velocity":1064.7935534524063}
{"angleX":0,"angleY":0,"contentY":815.4102878361125,"deviceType":4,"inverted":false,"overViewport":true,"phase":1,"pixelX":0,"pixelY":0,"pointerX":848.46484375,"pointerY":353.109375,"source":0,"timestamp":279846472}
{"angleX":0,"angleY":0,"contentY":815.4102878361125,"deviceType":4,"inverted":false,"overViewport":true,"phase":1,"pixelX":0,"pixelY":0,"pointerX":848.46484375,"pointerY":353.109375,"source":0,"timestamp":279846472}
{"angleX":0,"angleY":124,"contentY":815.4102878361125,"deviceType":4,"inverted":true,"overViewport":true,"phase":2,"pixelX":0,"pixelY":10,"pointerX":848.46484375,"pointerY":353.109375,"source":1,"timestamp":279846472}
{"angleX":0,"angleY":147,"contentY":805.4102878361125,"deviceType":4,"inverted":true,"overViewport":true,"phase":2,"pixelX":0,"pixelY":13,"pointerX":848.46484375,"pointerY":353.109375,"source":1,"timestamp":279846479}
{"angleX":0,"angleY":173,"contentY":792.4102878361125,"deviceType":4,"inverted":true,"overViewport":true,"phase":2,"pixelX":0,"pixelY":14,"pointerX":848.46484375,"pointerY":353.109375,"source":1,"timestamp":279846486}
{"angleX":0,"angleY":187,"contentY":778.4102878361125,"deviceType":4,"inverted":true,"overViewport":true,"phase":2,"pixelX":0,"pixelY":16,"pointerX":848.46484375,"pointerY":353.109375,"source":1,"timestamp":279846493}
{"angleX":0,"angleY":202,"contentY":762.4102878361125,"deviceType":4,"inverted":true,"overViewport":true,"phase":2,"pixelX":0,"pixelY":16,"pointerX":848.46484375,"pointerY":353.109375,"source":1,"timestamp":279846500}
{"angleX":0,"angleY":208,"contentY":746.4102878361125,"deviceType":4,"inverted":true,"overViewport":true,"phase":2,"pixelX":0,"pixelY":18,"pointerX":848.46484375,"pointerY":353.109375,"source":1,"timestamp":279846507}
{"angleX":0,"angleY":202,"contentY":728.4102878361125,"deviceType":4,"inverted":true,"overViewport":true,"phase":2,"pixelX":0,"pixelY":17,"pointerX":848.46484375,"pointerY":353.109375,"source":1,"timestamp":279846515}
{"angleX":0,"angleY":202,"contentY":711.4102878361125,"deviceType":4,"inverted":true,"overViewport":true,"phase":2,"pixelX":0,"pixelY":16,"pointerX":848.46484375,"pointerY":353.109375,"source":1,"timestamp":279846522}
{"angleX":0,"angleY":0,"contentY":695.4102878361125,"deviceType":4,"inverted":true,"overViewport":true,"phase":3,"pixelX":0,"pixelY":0,"pointerX":848.46484375,"pointerY":353.109375,"source":0,"timestamp":279846528}
{"angleX":0,"angleY":0,"contentY":695,"deviceType":4,"inverted":true,"overViewport":true,"phase":3,"pixelX":0,"pixelY":0,"pointerX":848.46484375,"pointerY":353.109375,"source":0,"timestamp":279846528}
{"coastSample":1,"contentY":640.5051428754955,"endTimestamp":279846528,"flicking":true,"velocity":-2243.5843241860653}
{"coastSample":2,"contentY":590.3683715981615,"endTimestamp":279846528,"flicking":true,"velocity":-2154.75594970452}
{"coastSample":3,"contentY":565.0210978291665,"endTimestamp":279846528,"flicking":true,"velocity":-2108.410710844589}
{"coastSample":4,"contentY":517.9933196586862,"endTimestamp":279846528,"flicking":true,"velocity":-2021.51338798223}
{"coastSample":5,"contentY":474.9219685985905,"endTimestamp":279846528,"flicking":true,"velocity":-1936.547116739007}
{"coastSample":6,"contentY":433.7198755058453,"endTimestamp":279846528,"flicking":true,"velocity":-1849.649793876631}
{"coastSample":7,"contentY":410.251812619579,"endTimestamp":279846528,"flicking":true,"velocity":-1803.3045550166946}
{"coastSample":8,"contentY":372.0235390203462,"endTimestamp":279846528,"flicking":true,"velocity":-1714.4761805351604}
{"coastSample":9,"contentY":337.27665383318345,"endTimestamp":279846528,"flicking":true,"velocity":-1635.3030641494427}
{"coastSample":10,"contentY":301.17476572393235,"endTimestamp":279846528,"flicking":true,"velocity":-1546.4746896679046}
{"coastSample":11,"contentY":269.9964639289844,"endTimestamp":279846528,"flicking":true,"velocity":-1463.4394700438577}
{"coastSample":12,"contentY":239.16025592791073,"endTimestamp":279846528,"flicking":true,"velocity":-1378.473198800657}
{"coastSample":13,"contentY":223.12837516976214,"endTimestamp":279846528,"flicking":true,"velocity":-1332.1279599407205}
{"coastSample":14,"contentY":193.955100270071,"endTimestamp":279846528,"flicking":true,"velocity":-1243.2995854591695}
{"coastSample":15,"contentY":166.82487798345505,"endTimestamp":279846528,"flicking":true,"velocity":-1154.471210977647}
{"angleX":0,"angleY":0,"contentY":0,"deviceType":4,"inverted":false,"overViewport":true,"phase":1,"pixelX":0,"pixelY":0,"pointerX":848.46484375,"pointerY":353.109375,"source":0,"timestamp":279853171}
{"angleX":0,"angleY":0,"contentY":0,"deviceType":4,"inverted":false,"overViewport":true,"phase":1,"pixelX":0,"pixelY":0,"pointerX":848.46484375,"pointerY":353.109375,"source":0,"timestamp":279853171}
{"angleX":0,"angleY":-73,"contentY":0,"deviceType":4,"inverted":true,"overViewport":true,"phase":2,"pixelX":0,"pixelY":-6,"pointerX":848.46484375,"pointerY":353.109375,"source":1,"timestamp":279853171}
{"angleX":0,"angleY":-73,"contentY":6,"deviceType":4,"inverted":true,"overViewport":true,"phase":2,"pixelX":0,"pixelY":-6,"pointerX":848.46484375,"pointerY":353.109375,"source":1,"timestamp":279853179}
{"angleX":0,"angleY":-81,"contentY":12,"deviceType":4,"inverted":true,"overViewport":true,"phase":2,"pixelX":0,"pixelY":-7,"pointerX":848.46484375,"pointerY":353.109375,"source":1,"timestamp":279853186}
{"angleX":0,"angleY":-79,"contentY":19,"deviceType":4,"inverted":true,"overViewport":true,"phase":2,"pixelX":0,"pixelY":-7,"pointerX":848.46484375,"pointerY":353.109375,"source":1,"timestamp":279853193}
{"angleX":0,"angleY":-88,"contentY":26,"deviceType":4,"inverted":true,"overViewport":true,"phase":2,"pixelX":0,"pixelY":-7,"pointerX":848.46484375,"pointerY":353.109375,"source":1,"timestamp":279853200}
{"angleX":0,"angleY":-83,"contentY":33,"deviceType":4,"inverted":true,"overViewport":true,"phase":2,"pixelX":0,"pixelY":-7,"pointerX":848.46484375,"pointerY":353.109375,"source":1,"timestamp":279853208}
{"angleX":0,"angleY":-83,"contentY":40,"deviceType":4,"inverted":true,"overViewport":true,"phase":2,"pixelX":0,"pixelY":-7,"pointerX":848.46484375,"pointerY":353.109375,"source":1,"timestamp":279853215}
{"angleX":0,"angleY":-79,"contentY":47,"deviceType":4,"inverted":true,"overViewport":true,"phase":2,"pixelX":0,"pixelY":-6,"pointerX":848.46484375,"pointerY":353.109375,"source":1,"timestamp":279853222}
{"angleX":0,"angleY":-81,"contentY":53,"deviceType":4,"inverted":true,"overViewport":true,"phase":2,"pixelX":0,"pixelY":-7,"pointerX":848.46484375,"pointerY":353.109375,"source":1,"timestamp":279853229}
{"angleX":0,"angleY":-79,"contentY":60,"deviceType":4,"inverted":true,"overViewport":true,"phase":2,"pixelX":0,"pixelY":-7,"pointerX":848.46484375,"pointerY":353.109375,"source":1,"timestamp":279853236}
{"angleX":0,"angleY":-79,"contentY":67,"deviceType":4,"inverted":true,"overViewport":true,"phase":2,"pixelX":0,"pixelY":-6,"pointerX":848.46484375,"pointerY":353.109375,"source":1,"timestamp":279853243}
{"angleX":0,"angleY":-77,"contentY":73,"deviceType":4,"inverted":true,"overViewport":true,"phase":2,"pixelX":0,"pixelY":-7,"pointerX":848.46484375,"pointerY":353.109375,"source":1,"timestamp":279853251}
{"angleX":0,"angleY":-92,"contentY":80,"deviceType":4,"inverted":true,"overViewport":true,"phase":2,"pixelX":0,"pixelY":-8,"pointerX":848.46484375,"pointerY":353.109375,"source":1,"timestamp":279853258}
{"angleX":0,"angleY":-100,"contentY":88,"deviceType":4,"inverted":true,"overViewport":true,"phase":2,"pixelX":0,"pixelY":-8,"pointerX":848.46484375,"pointerY":353.109375,"source":1,"timestamp":279853265}
{"angleX":0,"angleY":-106,"contentY":96,"deviceType":4,"inverted":true,"overViewport":true,"phase":2,"pixelX":0,"pixelY":-9,"pointerX":848.46484375,"pointerY":353.109375,"source":1,"timestamp":279853272}
{"angleX":0,"angleY":-110,"contentY":105,"deviceType":4,"inverted":true,"overViewport":true,"phase":2,"pixelX":0,"pixelY":-9,"pointerX":848.46484375,"pointerY":353.109375,"source":1,"timestamp":279853279}
{"angleX":0,"angleY":-110,"contentY":114,"deviceType":4,"inverted":true,"overViewport":true,"phase":2,"pixelX":0,"pixelY":-9,"pointerX":848.46484375,"pointerY":353.109375,"source":1,"timestamp":279853286}
{"angleX":0,"angleY":0,"contentY":123,"deviceType":4,"inverted":true,"overViewport":true,"phase":3,"pixelX":0,"pixelY":0,"pointerX":848.46484375,"pointerY":353.109375,"source":0,"timestamp":279853293}
{"angleX":0,"angleY":0,"contentY":123,"deviceType":4,"inverted":true,"overViewport":true,"phase":3,"pixelX":0,"pixelY":0,"pointerX":848.46484375,"pointerY":353.109375,"source":0,"timestamp":279853293}
{"coastSample":1,"contentY":150.1371161228407,"endTimestamp":279853293,"flicking":true,"velocity":1225.2579174664118}
{"coastSample":2,"contentY":178.91350767754318,"endTimestamp":279853293,"flicking":true,"velocity":1188.519673704414}
{"coastSample":3,"contentY":192.97780710172745,"endTimestamp":279853293,"flicking":true,"velocity":1170.5254318618047}
{"coastSample":4,"contentY":219.3308241362764,"endTimestamp":279853293,"flicking":true,"velocity":1136.0364683301354}
{"coastSample":5,"contentY":244.89059500959692,"endTimestamp":279853293,"flicking":true,"velocity":1101.5475047984637}
{"coastSample":6,"contentY":269.65711972168907,"endTimestamp":279853293,"flicking":true,"velocity":1067.0585412667947}
{"coastSample":7,"contentY":282.2638855566219,"endTimestamp":279853293,"flicking":true,"velocity":1049.064299424191}
{"coastSample":8,"contentY":305.82329654510556,"endTimestamp":279853293,"flicking":true,"velocity":1015.3250959692897}
{"coastSample":9,"contentY":328.58946137236086,"endTimestamp":279853293,"flicking":true,"velocity":980.0863723608416}
{"coastSample":10,"contentY":341.10640595009596,"endTimestamp":279853293,"flicking":true,"velocity":962.8418905950092}
{"coastSample":11,"contentY":361.7116122840691,"endTimestamp":279853293,"flicking":true,"velocity":927.6031669865631}
{"coastSample":12,"contentY":382.47741722648755,"endTimestamp":279853293,"flicking":true,"velocity":893.8639635316732}
{"coastSample":13,"contentY":402.44997600767755,"endTimestamp":279853293,"flicking":true,"velocity":859.375}
{"coastSample":14,"contentY":413.38792586372364,"endTimestamp":279853293,"flicking":true,"velocity":842.1305182341712}
{"coastSample":15,"contentY":432.1188819577735,"endTimestamp":279853293,"flicking":true,"velocity":805.3922744721676}
{"angleX":0,"angleY":0,"contentY":644,"deviceType":4,"inverted":false,"overViewport":true,"phase":1,"pixelX":0,"pixelY":0,"pointerX":848.46484375,"pointerY":353.109375,"source":0,"timestamp":279854419}
{"angleX":0,"angleY":0,"contentY":644,"deviceType":4,"inverted":false,"overViewport":true,"phase":1,"pixelX":0,"pixelY":0,"pointerX":848.46484375,"pointerY":353.109375,"source":0,"timestamp":279854419}
{"angleX":0,"angleY":-51,"contentY":644,"deviceType":4,"inverted":true,"overViewport":true,"phase":2,"pixelX":0,"pixelY":-4,"pointerX":848.46484375,"pointerY":353.109375,"source":1,"timestamp":279854419}
{"angleX":0,"angleY":-61,"contentY":648,"deviceType":4,"inverted":true,"overViewport":true,"phase":2,"pixelX":0,"pixelY":-5,"pointerX":848.46484375,"pointerY":353.109375,"source":1,"timestamp":279854426}
{"angleX":0,"angleY":-75,"contentY":653,"deviceType":4,"inverted":true,"overViewport":true,"phase":2,"pixelX":0,"pixelY":-7,"pointerX":848.46484375,"pointerY":353.109375,"source":1,"timestamp":279854433}
{"angleX":0,"angleY":-88,"contentY":660,"deviceType":4,"inverted":true,"overViewport":true,"phase":2,"pixelX":0,"pixelY":-7,"pointerX":848.46484375,"pointerY":353.109375,"source":1,"timestamp":279854440}
{"angleX":0,"angleY":-104,"contentY":667,"deviceType":4,"inverted":true,"overViewport":true,"phase":2,"pixelX":0,"pixelY":-9,"pointerX":848.46484375,"pointerY":353.109375,"source":1,"timestamp":279854448}
{"angleX":0,"angleY":-114,"contentY":676,"deviceType":4,"inverted":true,"overViewport":true,"phase":2,"pixelX":0,"pixelY":-9,"pointerX":848.46484375,"pointerY":353.109375,"source":1,"timestamp":279854455}
{"angleX":0,"angleY":-118,"contentY":685,"deviceType":4,"inverted":true,"overViewport":true,"phase":2,"pixelX":0,"pixelY":-10,"pointerX":848.46484375,"pointerY":353.109375,"source":1,"timestamp":279854462}
{"angleX":0,"angleY":-122,"contentY":695,"deviceType":4,"inverted":true,"overViewport":true,"phase":2,"pixelX":0,"pixelY":-10,"pointerX":848.46484375,"pointerY":353.109375,"source":1,"timestamp":279854469}
{"angleX":0,"angleY":-114,"contentY":705,"deviceType":4,"inverted":true,"overViewport":true,"phase":2,"pixelX":0,"pixelY":-10,"pointerX":848.46484375,"pointerY":353.109375,"source":1,"timestamp":279854476}
{"angleX":0,"angleY":-108,"contentY":715,"deviceType":4,"inverted":true,"overViewport":true,"phase":2,"pixelX":0,"pixelY":-9,"pointerX":848.46484375,"pointerY":353.109375,"source":1,"timestamp":279854484}
{"angleX":0,"angleY":-96,"contentY":724,"deviceType":4,"inverted":true,"overViewport":true,"phase":2,"pixelX":0,"pixelY":-8,"pointerX":848.46484375,"pointerY":353.109375,"source":1,"timestamp":279854491}
{"angleX":0,"angleY":-81,"contentY":732,"deviceType":4,"inverted":true,"overViewport":true,"phase":2,"pixelX":0,"pixelY":-6,"pointerX":848.46484375,"pointerY":353.109375,"source":1,"timestamp":279854498}
{"angleX":0,"angleY":-73,"contentY":738,"deviceType":4,"inverted":true,"overViewport":true,"phase":2,"pixelX":0,"pixelY":-6,"pointerX":848.46484375,"pointerY":353.109375,"source":1,"timestamp":279854505}
{"angleX":0,"angleY":-71,"contentY":744,"deviceType":4,"inverted":true,"overViewport":true,"phase":2,"pixelX":0,"pixelY":-6,"pointerX":848.46484375,"pointerY":353.109375,"source":1,"timestamp":279854512}
{"angleX":0,"angleY":0,"contentY":750,"deviceType":4,"inverted":true,"overViewport":true,"phase":3,"pixelX":0,"pixelY":0,"pointerX":848.46484375,"pointerY":353.109375,"source":0,"timestamp":279854533}
{"angleX":0,"angleY":0,"contentY":750,"deviceType":4,"inverted":true,"overViewport":true,"phase":3,"pixelX":0,"pixelY":0,"pointerX":848.46484375,"pointerY":353.109375,"source":0,"timestamp":279854533}
{"coastSample":1,"contentY":769.6293869820655,"endTimestamp":279854533,"flicking":true,"velocity":810.9925788497208}
{"coastSample":2,"contentY":785.8032622139765,"endTimestamp":279854533,"flicking":true,"velocity":660.7529375386548}
{"coastSample":3,"contentY":793.4164927334571,"endTimestamp":279854533,"flicking":true,"velocity":582.3670377241797}
{"coastSample":4,"contentY":804.1817408781694,"endTimestamp":279854533,"flicking":true,"velocity":428.8613172541731}
{"coastSample":5,"contentY":811.7309059987631,"endTimestamp":279854533,"flicking":true,"velocity":268.82343846629055}
{"coastSample":6,"contentY":814.249053030303,"endTimestamp":279854533,"flicking":true,"velocity":190.43753865181543}
{"coastSample":7,"contentY":815.9999226963513,"endTimestamp":279854533,"flicking":true,"velocity":36.93181818181818}
{"coastSample":8,"contentY":816,"endTimestamp":279854533,"flicking":false,"velocity":0}
{"coastSample":9,"contentY":816,"endTimestamp":279854533,"flicking":false,"velocity":0}
{"coastSample":10,"contentY":816,"endTimestamp":279854533,"flicking":false,"velocity":0}
{"coastSample":11,"contentY":816,"endTimestamp":279854533,"flicking":false,"velocity":0}
{"coastSample":12,"contentY":816,"endTimestamp":279854533,"flicking":false,"velocity":0}
{"coastSample":13,"contentY":816,"endTimestamp":279854533,"flicking":false,"velocity":0}
{"coastSample":14,"contentY":816,"endTimestamp":279854533,"flicking":false,"velocity":0}
{"coastSample":15,"contentY":816,"endTimestamp":279854533,"flicking":false,"velocity":0}
{"angleX":0,"angleY":0,"contentY":816,"deviceType":4,"inverted":false,"overViewport":true,"phase":1,"pixelX":0,"pixelY":0,"pointerX":848.46484375,"pointerY":353.109375,"source":0,"timestamp":279854945}
{"angleX":0,"angleY":0,"contentY":816,"deviceType":4,"inverted":false,"overViewport":true,"phase":1,"pixelX":0,"pixelY":0,"pointerX":848.46484375,"pointerY":353.109375,"source":0,"timestamp":279854945}
{"angleX":0,"angleY":108,"contentY":816,"deviceType":4,"inverted":true,"overViewport":true,"phase":2,"pixelX":0,"pixelY":9,"pointerX":848.46484375,"pointerY":353.109375,"source":1,"timestamp":279854945}
{"angleX":0,"angleY":118,"contentY":807,"deviceType":4,"inverted":true,"overViewport":true,"phase":2,"pixelX":0,"pixelY":10,"pointerX":848.46484375,"pointerY":353.109375,"source":1,"timestamp":279854952}
{"angleX":0,"angleY":141,"contentY":797,"deviceType":4,"inverted":true,"overViewport":true,"phase":2,"pixelX":0,"pixelY":12,"pointerX":848.46484375,"pointerY":353.109375,"source":1,"timestamp":279854959}
{"angleX":0,"angleY":171,"contentY":785,"deviceType":4,"inverted":true,"overViewport":true,"phase":2,"pixelX":0,"pixelY":14,"pointerX":848.46484375,"pointerY":353.109375,"source":1,"timestamp":279854967}
{"angleX":0,"angleY":210,"contentY":771,"deviceType":4,"inverted":true,"overViewport":true,"phase":2,"pixelX":0,"pixelY":17,"pointerX":848.46484375,"pointerY":353.109375,"source":1,"timestamp":279854974}
{"angleX":0,"angleY":246,"contentY":754,"deviceType":4,"inverted":true,"overViewport":true,"phase":2,"pixelX":0,"pixelY":21,"pointerX":848.46484375,"pointerY":353.109375,"source":1,"timestamp":279854981}
{"angleX":0,"angleY":275,"contentY":733,"deviceType":4,"inverted":true,"overViewport":true,"phase":2,"pixelX":0,"pixelY":23,"pointerX":848.46484375,"pointerY":353.109375,"source":1,"timestamp":279854988}
{"angleX":0,"angleY":0,"contentY":710,"deviceType":4,"inverted":true,"overViewport":true,"phase":3,"pixelX":0,"pixelY":0,"pointerX":848.46484375,"pointerY":353.109375,"source":0,"timestamp":279855016}
{"angleX":0,"angleY":0,"contentY":710,"deviceType":4,"inverted":true,"overViewport":true,"phase":3,"pixelX":0,"pixelY":0,"pointerX":848.46484375,"pointerY":353.109375,"source":0,"timestamp":279855016}
{"coastSample":1,"contentY":648.602330051739,"endTimestamp":279855016,"flicking":true,"velocity":-2526.9088582836252}
{"coastSample":2,"contentY":594.7598493864975,"endTimestamp":279855016,"flicking":true,"velocity":-2418.467894420098}
{"coastSample":3,"contentY":543.2500543439207,"endTimestamp":279855016,"flicking":true,"velocity":-2312.4367297535173}
{"coastSample":4,"contentY":516.1370005748779,"endTimestamp":279855016,"flicking":true,"velocity":-2254.6015490263017}
{"coastSample":5,"contentY":466.11020253777133,"endTimestamp":279855016,"flicking":true,"velocity":-2143.75078596579}
{"coastSample":6,"contentY":418.63297205105636,"endTimestamp":279855016,"flicking":true,"velocity":-2032.900022905284}
{"coastSample":7,"contentY":392.9258017131808,"endTimestamp":279855016,"flicking":true,"velocity":-1977.4746413750365}
{"coastSample":8,"contentY":351.2769049845951,"endTimestamp":279855016,"flicking":true,"velocity":-1864.2140791175675}
{"coastSample":9,"contentY":311.96069387867385,"endTimestamp":279855016,"flicking":true,"velocity":-1758.1829144509925}
{"coastSample":10,"contentY":271.73070007657554,"endTimestamp":279855016,"flicking":true,"velocity":-1644.9223521935166}
{"coastSample":11,"contentY":251.09856684751372,"endTimestamp":279855016,"flicking":true,"velocity":-1589.496970663265}
{"coastSample":12,"contentY":218.0381944569201,"endTimestamp":279855016,"flicking":true,"velocity":-1476.2364084057926}
{"coastSample":13,"contentY":185.96922003561554,"endTimestamp":279855016,"flicking":true,"velocity":-1362.975846148322}
{"coastSample":14,"contentY":155.22419587278137,"endTimestamp":279855016,"flicking":true,"velocity":-1249.7152838908403}
{"coastSample":15,"contentY":142.06049915564813,"endTimestamp":279855016,"flicking":true,"velocity":-1194.289902360606}
{"angleX":0,"angleY":0,"contentY":0,"deviceType":4,"inverted":false,"overViewport":true,"phase":1,"pixelX":0,"pixelY":0,"pointerX":847.89453125,"pointerY":310.1796875,"source":0,"timestamp":279855875}
{"angleX":0,"angleY":0,"contentY":0,"deviceType":4,"inverted":false,"overViewport":true,"phase":1,"pixelX":0,"pixelY":0,"pointerX":847.89453125,"pointerY":310.1796875,"source":0,"timestamp":279855875}
{"angleX":0,"angleY":-171,"contentY":0,"deviceType":4,"inverted":true,"overViewport":true,"phase":2,"pixelX":0,"pixelY":-14,"pointerX":847.89453125,"pointerY":310.1796875,"source":1,"timestamp":279855875}
{"angleX":0,"angleY":-191,"contentY":14,"deviceType":4,"inverted":true,"overViewport":true,"phase":2,"pixelX":0,"pixelY":-16,"pointerX":847.89453125,"pointerY":310.1796875,"source":1,"timestamp":279855882}
{"angleX":0,"angleY":-210,"contentY":30,"deviceType":4,"inverted":true,"overViewport":true,"phase":2,"pixelX":0,"pixelY":-18,"pointerX":847.89453125,"pointerY":310.1796875,"source":1,"timestamp":279855889}
{"angleX":0,"angleY":-216,"contentY":48,"deviceType":4,"inverted":true,"overViewport":true,"phase":2,"pixelX":0,"pixelY":-18,"pointerX":847.89453125,"pointerY":310.1796875,"source":1,"timestamp":279855896}
{"angleX":0,"angleY":-218,"contentY":66,"deviceType":4,"inverted":true,"overViewport":true,"phase":2,"pixelX":0,"pixelY":-18,"pointerX":847.89453125,"pointerY":310.1796875,"source":1,"timestamp":279855904}
{"angleX":0,"angleY":-220,"contentY":84,"deviceType":4,"inverted":true,"overViewport":true,"phase":2,"pixelX":0,"pixelY":-18,"pointerX":847.89453125,"pointerY":310.1796875,"source":1,"timestamp":279855911}
{"angleX":0,"angleY":-210,"contentY":102,"deviceType":4,"inverted":true,"overViewport":true,"phase":2,"pixelX":0,"pixelY":-18,"pointerX":847.89453125,"pointerY":310.1796875,"source":1,"timestamp":279855918}
{"angleX":0,"angleY":-193,"contentY":120,"deviceType":4,"inverted":true,"overViewport":true,"phase":2,"pixelX":0,"pixelY":-16,"pointerX":847.89453125,"pointerY":310.1796875,"source":1,"timestamp":279855925}
{"angleX":0,"angleY":0,"contentY":136,"deviceType":4,"inverted":true,"overViewport":true,"phase":3,"pixelX":0,"pixelY":0,"pointerX":847.89453125,"pointerY":310.1796875,"source":0,"timestamp":279855946}
{"angleX":0,"angleY":0,"contentY":136,"deviceType":4,"inverted":true,"overViewport":true,"phase":3,"pixelX":0,"pixelY":0,"pointerX":847.89453125,"pointerY":310.1796875,"source":0,"timestamp":279855946}
{"coastSample":1,"contentY":192.83161577130852,"endTimestamp":279855946,"flicking":true,"velocity":2340.0021043573684}
{"coastSample":2,"contentY":242.74898135035264,"endTimestamp":279855946,"flicking":true,"velocity":2243.141729347988}
{"coastSample":3,"contentY":273.4297414278211,"endTimestamp":279855946,"flicking":true,"velocity":2191.482862676321}
{"coastSample":4,"contentY":319.93762180653516,"endTimestamp":279855946,"flicking":true,"velocity":2088.1651293329865}
{"coastSample":5,"contentY":368.29718344369,"endTimestamp":279855946,"flicking":true,"velocity":1984.8473959896467}
{"coastSample":6,"contentY":393.4566162109375,"endTimestamp":279855946,"flicking":true,"velocity":1933.1885293179766}
{"coastSample":7,"contentY":436.1872278989721,"endTimestamp":279855946,"flicking":true,"velocity":1829.8707959746366}
{"coastSample":8,"contentY":478.34772553552676,"endTimestamp":279855946,"flicking":true,"velocity":1728.7055154092895}
{"coastSample":9,"contentY":501.7962442789616,"endTimestamp":279855946,"flicking":true,"velocity":1674.8941959596323}
{"coastSample":10,"contentY":538.4870734719669,"endTimestamp":279855946,"flicking":true,"velocity":1569.4240098383095}
{"coastSample":11,"contentY":572.9006076258629,"endTimestamp":279855946,"flicking":true,"velocity":1468.2587292729522}
{"coastSample":12,"contentY":592.7330057022809,"endTimestamp":279855946,"flicking":true,"velocity":1416.599862601288}
{"coastSample":13,"contentY":623.4830652280444,"endTimestamp":279855946,"flicking":true,"velocity":1308.977223701993}
{"coastSample":14,"contentY":653.1421171300551,"endTimestamp":279855946,"flicking":true,"velocity":1207.8119431366242}
{"coastSample":15,"contentY":667.0417834809705,"endTimestamp":279855946,"flicking":true,"velocity":1154.0006236869772}
{"angleX":0,"angleY":0,"contentY":815.3730707615076,"deviceType":4,"inverted":false,"overViewport":true,"phase":1,"pixelX":0,"pixelY":0,"pointerX":847.89453125,"pointerY":310.1796875,"source":0,"timestamp":279856495}
{"angleX":0,"angleY":0,"contentY":815.3730707615076,"deviceType":4,"inverted":false,"overViewport":true,"phase":1,"pixelX":0,"pixelY":0,"pointerX":847.89453125,"pointerY":310.1796875,"source":0,"timestamp":279856495}
{"angleX":0,"angleY":147,"contentY":815.3730707615076,"deviceType":4,"inverted":true,"overViewport":true,"phase":2,"pixelX":0,"pixelY":12,"pointerX":847.89453125,"pointerY":310.1796875,"source":1,"timestamp":279856495}
{"angleX":0,"angleY":153,"contentY":803.3730707615076,"deviceType":4,"inverted":true,"overViewport":true,"phase":2,"pixelX":0,"pixelY":13,"pointerX":847.89453125,"pointerY":310.1796875,"source":1,"timestamp":279856502}
{"angleX":0,"angleY":159,"contentY":790.3730707615076,"deviceType":4,"inverted":true,"overViewport":true,"phase":2,"pixelX":0,"pixelY":13,"pointerX":847.89453125,"pointerY":310.1796875,"source":1,"timestamp":279856509}
{"angleX":0,"angleY":171,"contentY":777.3730707615076,"deviceType":4,"inverted":true,"overViewport":true,"phase":2,"pixelX":0,"pixelY":14,"pointerX":847.89453125,"pointerY":310.1796875,"source":1,"timestamp":279856517}
{"angleX":0,"angleY":167,"contentY":763.3730707615076,"deviceType":4,"inverted":true,"overViewport":true,"phase":2,"pixelX":0,"pixelY":14,"pointerX":847.89453125,"pointerY":310.1796875,"source":1,"timestamp":279856524}
{"angleX":0,"angleY":175,"contentY":749.3730707615076,"deviceType":4,"inverted":true,"overViewport":true,"phase":2,"pixelX":0,"pixelY":15,"pointerX":847.89453125,"pointerY":310.1796875,"source":1,"timestamp":279856531}
{"angleX":0,"angleY":196,"contentY":734.3730707615076,"deviceType":4,"inverted":true,"overViewport":true,"phase":2,"pixelX":0,"pixelY":16,"pointerX":847.89453125,"pointerY":310.1796875,"source":1,"timestamp":279856538}
{"angleX":0,"angleY":210,"contentY":718.3730707615076,"deviceType":4,"inverted":true,"overViewport":true,"phase":2,"pixelX":0,"pixelY":18,"pointerX":847.89453125,"pointerY":310.1796875,"source":1,"timestamp":279856545}
{"angleX":0,"angleY":230,"contentY":700.3730707615076,"deviceType":4,"inverted":true,"overViewport":true,"phase":2,"pixelX":0,"pixelY":19,"pointerX":847.89453125,"pointerY":310.1796875,"source":1,"timestamp":279856552}
{"angleX":0,"angleY":253,"contentY":681.3730707615076,"deviceType":4,"inverted":true,"overViewport":true,"phase":2,"pixelX":0,"pixelY":21,"pointerX":847.89453125,"pointerY":310.1796875,"source":1,"timestamp":279856560}
{"angleX":0,"angleY":263,"contentY":660.3730707615076,"deviceType":4,"inverted":true,"overViewport":true,"phase":2,"pixelX":0,"pixelY":22,"pointerX":847.89453125,"pointerY":310.1796875,"source":1,"timestamp":279856567}
{"angleX":0,"angleY":277,"contentY":638.3730707615076,"deviceType":4,"inverted":true,"overViewport":true,"phase":2,"pixelX":0,"pixelY":23,"pointerX":847.89453125,"pointerY":310.1796875,"source":1,"timestamp":279856574}
{"angleX":0,"angleY":289,"contentY":615.3730707615076,"deviceType":4,"inverted":true,"overViewport":true,"phase":2,"pixelX":0,"pixelY":24,"pointerX":847.89453125,"pointerY":310.1796875,"source":1,"timestamp":279856581}
{"angleX":0,"angleY":301,"contentY":591.3730707615076,"deviceType":4,"inverted":true,"overViewport":true,"phase":2,"pixelX":0,"pixelY":25,"pointerX":847.89453125,"pointerY":310.1796875,"source":1,"timestamp":279856588}
{"angleX":0,"angleY":0,"contentY":566.3730707615076,"deviceType":4,"inverted":true,"overViewport":true,"phase":3,"pixelX":0,"pixelY":0,"pointerX":847.89453125,"pointerY":310.1796875,"source":0,"timestamp":279856602}
{"angleX":0,"angleY":0,"contentY":566,"deviceType":4,"inverted":true,"overViewport":true,"phase":3,"pixelX":0,"pixelY":0,"pointerX":847.89453125,"pointerY":310.1796875,"source":0,"timestamp":279856602}
{"coastSample":1,"contentY":488.29595442417246,"endTimestamp":279856602,"flicking":true,"velocity":-3172.9533244393183}
{"coastSample":2,"contentY":422.10507860387975,"endTimestamp":279856602,"flicking":true,"velocity":-2953.917123386454}
{"coastSample":3,"contentY":385.2573217891397,"endTimestamp":279856602,"flicking":true,"velocity":-2834.4428319030817}
{"coastSample":4,"contentY":324.1869997115454,"endTimestamp":279856602,"flicking":true,"velocity":-2590.5161534578556}
{"coastSample":5,"contentY":266.07673793899187,"endTimestamp":279856602,"flicking":true,"velocity":-2356.545665969572}
{"coastSample":6,"contentY":236.9948100706714,"endTimestamp":279856602,"flicking":true,"velocity":-2242.0494699646724}
{"coastSample":7,"contentY":191.61237335040028,"endTimestamp":279856602,"flicking":true,"velocity":-2003.1008869979019}
{"coastSample":8,"contentY":147.60007797288523,"endTimestamp":279856602,"flicking":true,"velocity":-1769.130399509627}
{"coastSample":9,"contentY":112.29330650104566,"endTimestamp":279856602,"flicking":true,"velocity":-1545.1161029782952}
{"coastSample":10,"contentY":95.0661304716233,"endTimestamp":279856602,"flicking":true,"velocity":-1440.5760979303338}
{"coastSample":11,"contentY":67.20658983558098,"endTimestamp":279856602,"flicking":true,"velocity":-1206.6056104420454}
{"coastSample":12,"contentY":42.31018109540639,"endTimestamp":279856602,"flicking":true,"velocity":-967.6570274752976}
{"coastSample":13,"contentY":23.148538346433952,"endTimestamp":279856602,"flicking":true,"velocity":-733.6865399870269}
{"coastSample":14,"contentY":15.718254218648553,"endTimestamp":279856602,"flicking":true,"velocity":-614.212248503639}
{"coastSample":15,"contentY":5.484243167231625,"endTimestamp":279856602,"flicking":true,"velocity":-380.24176101534977}
{"angleX":0,"angleY":0,"contentY":0,"deviceType":4,"inverted":false,"overViewport":true,"phase":1,"pixelX":0,"pixelY":0,"pointerX":847.89453125,"pointerY":310.1796875,"source":0,"timestamp":279857381}
{"angleX":0,"angleY":0,"contentY":0,"deviceType":4,"inverted":false,"overViewport":true,"phase":1,"pixelX":0,"pixelY":0,"pointerX":847.89453125,"pointerY":310.1796875,"source":0,"timestamp":279857381}
{"angleX":0,"angleY":-112,"contentY":0,"deviceType":4,"inverted":true,"overViewport":true,"phase":2,"pixelX":0,"pixelY":-9,"pointerX":847.89453125,"pointerY":310.1796875,"source":1,"timestamp":279857381}
{"angleX":0,"angleY":-126,"contentY":9,"deviceType":4,"inverted":true,"overViewport":true,"phase":2,"pixelX":0,"pixelY":-11,"pointerX":847.89453125,"pointerY":310.1796875,"source":1,"timestamp":279857389}
{"angleX":0,"angleY":-147,"contentY":20,"deviceType":4,"inverted":true,"overViewport":true,"phase":2,"pixelX":0,"pixelY":-12,"pointerX":847.89453125,"pointerY":310.1796875,"source":1,"timestamp":279857396}
{"angleX":0,"angleY":-161,"contentY":32,"deviceType":4,"inverted":true,"overViewport":true,"phase":2,"pixelX":0,"pixelY":-13,"pointerX":847.89453125,"pointerY":310.1796875,"source":1,"timestamp":279857403}
{"angleX":0,"angleY":-177,"contentY":45,"deviceType":4,"inverted":true,"overViewport":true,"phase":2,"pixelX":0,"pixelY":-15,"pointerX":847.89453125,"pointerY":310.1796875,"source":1,"timestamp":279857410}
{"angleX":0,"angleY":-187,"contentY":60,"deviceType":4,"inverted":true,"overViewport":true,"phase":2,"pixelX":0,"pixelY":-16,"pointerX":847.89453125,"pointerY":310.1796875,"source":1,"timestamp":279857417}
{"angleX":0,"angleY":-200,"contentY":76,"deviceType":4,"inverted":true,"overViewport":true,"phase":2,"pixelX":0,"pixelY":-16,"pointerX":847.89453125,"pointerY":310.1796875,"source":1,"timestamp":279857425}
{"angleX":0,"angleY":-202,"contentY":92,"deviceType":4,"inverted":true,"overViewport":true,"phase":2,"pixelX":0,"pixelY":-17,"pointerX":847.89453125,"pointerY":310.1796875,"source":1,"timestamp":279857432}
{"angleX":0,"angleY":-198,"contentY":109,"deviceType":4,"inverted":true,"overViewport":true,"phase":2,"pixelX":0,"pixelY":-17,"pointerX":847.89453125,"pointerY":310.1796875,"source":1,"timestamp":279857439}
{"angleX":0,"angleY":-187,"contentY":126,"deviceType":4,"inverted":true,"overViewport":true,"phase":2,"pixelX":0,"pixelY":-15,"pointerX":847.89453125,"pointerY":310.1796875,"source":1,"timestamp":279857446}
{"angleX":0,"angleY":0,"contentY":141,"deviceType":4,"inverted":true,"overViewport":true,"phase":3,"pixelX":0,"pixelY":0,"pointerX":847.89453125,"pointerY":310.1796875,"source":0,"timestamp":279857496}
{"angleX":0,"angleY":0,"contentY":141,"deviceType":4,"inverted":true,"overViewport":true,"phase":3,"pixelX":0,"pixelY":0,"pointerX":847.89453125,"pointerY":310.1796875,"source":0,"timestamp":279857496}
{"coastSample":1,"contentY":189.5925,"endTimestamp":279857496,"flicking":true,"velocity":2186.250000000001}
{"coastSample":2,"contentY":240.5325,"endTimestamp":279857496,"flicking":true,"velocity":2098.125}
{"coastSample":3,"contentY":267.223125,"endTimestamp":279857496,"flicking":true,"velocity":2053.1249999999995}
{"coastSample":4,"contentY":310.948125,"endTimestamp":279857496,"flicking":true,"velocity":1966.8750000000002}
{"coastSample":5,"contentY":352.858125,"endTimestamp":279857496,"flicking":true,"velocity":1882.4999999999932}
{"coastSample":6,"contentY":396.508125,"endTimestamp":279857496,"flicking":true,"velocity":1794.3750000000023}
{"coastSample":7,"contentY":417.523125,"endTimestamp":279857496,"flicking":true,"velocity":1755.0000000000011}
{"coastSample":8,"contentY":454.648125,"endTimestamp":279857496,"flicking":true,"velocity":1666.8749999999993}
{"coastSample":9,"contentY":491.52,"endTimestamp":279857496,"flicking":true,"velocity":1578.7499999999966}
{"coastSample":10,"contentY":527.88,"endTimestamp":279857496,"flicking":true,"velocity":1490.625000000002}
{"coastSample":11,"contentY":543.823125,"endTimestamp":279857496,"flicking":true,"velocity":1451.2499999999932}
{"coastSample":12,"contentY":575.6925,"endTimestamp":279857496,"flicking":true,"velocity":1363.124999999999}
{"coastSample":13,"contentY":605.578125,"endTimestamp":279857496,"flicking":true,"velocity":1275}
{"coastSample":14,"contentY":633.48,"endTimestamp":279857496,"flicking":true,"velocity":1188.7500000000045}
{"coastSample":15,"contentY":647.25,"endTimestamp":279857496,"flicking":true,"velocity":1145.6249999999955}
{"angleX":0,"angleY":0,"contentY":816,"deviceType":4,"inverted":false,"overViewport":true,"phase":1,"pixelX":0,"pixelY":0,"pointerX":847.89453125,"pointerY":310.1796875,"source":0,"timestamp":279858203}
{"angleX":0,"angleY":0,"contentY":816,"deviceType":4,"inverted":false,"overViewport":true,"phase":1,"pixelX":0,"pixelY":0,"pointerX":847.89453125,"pointerY":310.1796875,"source":0,"timestamp":279858203}
{"angleX":0,"angleY":-102,"contentY":816,"deviceType":4,"inverted":true,"overViewport":true,"phase":2,"pixelX":0,"pixelY":-8,"pointerX":847.89453125,"pointerY":310.1796875,"source":1,"timestamp":279858203}
{"angleX":0,"angleY":-118,"contentY":816,"deviceType":4,"inverted":true,"overViewport":true,"phase":2,"pixelX":0,"pixelY":-10,"pointerX":847.89453125,"pointerY":310.1796875,"source":1,"timestamp":279858210}
{"angleX":0,"angleY":-136,"contentY":816,"deviceType":4,"inverted":true,"overViewport":true,"phase":2,"pixelX":0,"pixelY":-12,"pointerX":847.89453125,"pointerY":310.1796875,"source":1,"timestamp":279858217}
{"angleX":0,"angleY":-153,"contentY":816,"deviceType":4,"inverted":true,"overViewport":true,"phase":2,"pixelX":0,"pixelY":-12,"pointerX":847.89453125,"pointerY":310.1796875,"source":1,"timestamp":279858225}
{"angleX":0,"angleY":-171,"contentY":816,"deviceType":4,"inverted":true,"overViewport":true,"phase":2,"pixelX":0,"pixelY":-15,"pointerX":847.89453125,"pointerY":310.1796875,"source":1,"timestamp":279858232}
{"angleX":0,"angleY":-175,"contentY":816,"deviceType":4,"inverted":true,"overViewport":true,"phase":2,"pixelX":0,"pixelY":-14,"pointerX":847.89453125,"pointerY":310.1796875,"source":1,"timestamp":279858239}
{"angleX":0,"angleY":-175,"contentY":816,"deviceType":4,"inverted":true,"overViewport":true,"phase":2,"pixelX":0,"pixelY":-15,"pointerX":847.89453125,"pointerY":310.1796875,"source":1,"timestamp":279858246}
{"angleX":0,"angleY":-165,"contentY":816,"deviceType":4,"inverted":true,"overViewport":true,"phase":2,"pixelX":0,"pixelY":-14,"pointerX":847.89453125,"pointerY":310.1796875,"source":1,"timestamp":279858253}
{"angleX":0,"angleY":-155,"contentY":816,"deviceType":4,"inverted":true,"overViewport":true,"phase":2,"pixelX":0,"pixelY":-13,"pointerX":847.89453125,"pointerY":310.1796875,"source":1,"timestamp":279858261}
{"angleX":0,"angleY":-130,"contentY":816,"deviceType":4,"inverted":true,"overViewport":true,"phase":2,"pixelX":0,"pixelY":-10,"pointerX":847.89453125,"pointerY":310.1796875,"source":1,"timestamp":279858268}
{"angleX":0,"angleY":-114,"contentY":816,"deviceType":4,"inverted":true,"overViewport":true,"phase":2,"pixelX":0,"pixelY":-10,"pointerX":847.89453125,"pointerY":310.1796875,"source":1,"timestamp":279858275}
{"angleX":0,"angleY":-96,"contentY":816,"deviceType":4,"inverted":true,"overViewport":true,"phase":2,"pixelX":0,"pixelY":-8,"pointerX":847.89453125,"pointerY":310.1796875,"source":1,"timestamp":279858282}
{"angleX":0,"angleY":0,"contentY":816,"deviceType":4,"inverted":true,"overViewport":true,"phase":3,"pixelX":0,"pixelY":0,"pointerX":847.89453125,"pointerY":310.1796875,"source":0,"timestamp":279858288}
{"angleX":0,"angleY":0,"contentY":816,"deviceType":4,"inverted":true,"overViewport":true,"phase":3,"pixelX":0,"pixelY":0,"pointerX":847.89453125,"pointerY":310.1796875,"source":0,"timestamp":279858288}
{"coastSample":1,"contentY":816,"endTimestamp":279858288,"flicking":false,"velocity":0}
{"coastSample":2,"contentY":816,"endTimestamp":279858288,"flicking":false,"velocity":0}
{"coastSample":3,"contentY":816,"endTimestamp":279858288,"flicking":false,"velocity":0}
{"coastSample":4,"contentY":816,"endTimestamp":279858288,"flicking":false,"velocity":0}
{"coastSample":5,"contentY":816,"endTimestamp":279858288,"flicking":false,"velocity":0}
{"coastSample":6,"contentY":816,"endTimestamp":279858288,"flicking":false,"velocity":0}
{"coastSample":7,"contentY":816,"endTimestamp":279858288,"flicking":false,"velocity":0}
{"coastSample":8,"contentY":816,"endTimestamp":279858288,"flicking":false,"velocity":0}
{"coastSample":9,"contentY":816,"endTimestamp":279858288,"flicking":false,"velocity":0}
{"coastSample":10,"contentY":816,"endTimestamp":279858288,"flicking":false,"velocity":0}
{"coastSample":11,"contentY":816,"endTimestamp":279858288,"flicking":false,"velocity":0}
{"coastSample":12,"contentY":816,"endTimestamp":279858288,"flicking":false,"velocity":0}
{"coastSample":13,"contentY":816,"endTimestamp":279858288,"flicking":false,"velocity":0}
{"coastSample":14,"contentY":816,"endTimestamp":279858288,"flicking":false,"velocity":0}
{"coastSample":15,"contentY":816,"endTimestamp":279858288,"flicking":false,"velocity":0}
PASS: Projects trace contracts and actual Qt evidence
