Native input trace: Qt=6.9.2 platform=wayland injected=false
{"angleX":0,"angleY":0,"inverted":false,"phase":1,"pixelX":0,"pixelY":0,"source":0,"timestamp":278047067}
{"angleX":0,"angleY":0,"inverted":false,"phase":1,"pixelX":0,"pixelY":0,"source":0,"timestamp":278047067}
{"angleX":0,"angleY":-20,"inverted":true,"phase":2,"pixelX":0,"pixelY":-2,"source":1,"timestamp":278047067}
{"angleX":0,"angleY":-24,"inverted":true,"phase":2,"pixelX":0,"pixelY":-2,"source":1,"timestamp":278047075}
{"angleX":0,"angleY":-24,"inverted":true,"phase":2,"pixelX":0,"pixelY":-2,"source":1,"timestamp":278047082}
{"angleX":0,"angleY":-26,"inverted":true,"phase":2,"pixelX":0,"pixelY":-2,"source":1,"timestamp":278047089}
{"angleX":0,"angleY":-26,"inverted":true,"phase":2,"pixelX":0,"pixelY":-2,"source":1,"timestamp":278047096}
{"angleX":0,"angleY":-26,"inverted":true,"phase":2,"pixelX":0,"pixelY":-2,"source":1,"timestamp":278047103}
{"angleX":0,"angleY":-29,"inverted":true,"phase":2,"pixelX":0,"pixelY":-3,"source":1,"timestamp":278047111}
{"angleX":0,"angleY":-31,"inverted":true,"phase":2,"pixelX":0,"pixelY":-2,"source":1,"timestamp":278047118}
{"angleX":0,"angleY":-26,"inverted":true,"phase":2,"pixelX":0,"pixelY":-3,"source":1,"timestamp":278047125}
{"angleX":0,"angleY":-26,"inverted":true,"phase":2,"pixelX":0,"pixelY":-2,"source":1,"timestamp":278047132}
{"angleX":0,"angleY":-31,"inverted":true,"phase":2,"pixelX":0,"pixelY":-2,"source":1,"timestamp":278047139}
{"angleX":0,"angleY":-26,"inverted":true,"phase":2,"pixelX":0,"pixelY":-2,"source":1,"timestamp":278047147}
{"angleX":0,"angleY":-29,"inverted":true,"phase":2,"pixelX":0,"pixelY":-3,"source":1,"timestamp":278047154}
{"angleX":0,"angleY":-33,"inverted":true,"phase":2,"pixelX":0,"pixelY":-3,"source":1,"timestamp":278047161}
{"angleX":0,"angleY":-31,"inverted":true,"phase":2,"pixelX":0,"pixelY":-2,"source":1,"timestamp":278047168}
{"angleX":0,"angleY":-37,"inverted":true,"phase":2,"pixelX":0,"pixelY":-3,"source":1,"timestamp":278047175}
{"angleX":0,"angleY":-33,"inverted":true,"phase":2,"pixelX":0,"pixelY":-3,"source":1,"timestamp":278047183}
{"angleX":0,"angleY":-37,"inverted":true,"phase":2,"pixelX":0,"pixelY":-3,"source":1,"timestamp":278047190}
{"angleX":0,"angleY":-41,"inverted":true,"phase":2,"pixelX":0,"pixelY":-3,"source":1,"timestamp":278047197}
{"angleX":0,"angleY":-45,"inverted":true,"phase":2,"pixelX":0,"pixelY":-4,"source":1,"timestamp":278047204}
{"angleX":0,"angleY":-43,"inverted":true,"phase":2,"pixelX":0,"pixelY":-4,"source":1,"timestamp":278047211}
{"angleX":0,"angleY":-49,"inverted":true,"phase":2,"pixelX":0,"pixelY":-4,"source":1,"timestamp":278047218}
{"angleX":0,"angleY":-47,"inverted":true,"phase":2,"pixelX":0,"pixelY":-4,"source":1,"timestamp":278047233}
{"angleX":0,"angleY":-49,"inverted":true,"phase":2,"pixelX":0,"pixelY":-4,"source":1,"timestamp":278047240}
{"angleX":0,"angleY":-43,"inverted":true,"phase":2,"pixelX":0,"pixelY":-3,"source":1,"timestamp":278047247}
{"angleX":0,"angleY":0,"inverted":true,"phase":3,"pixelX":0,"pixelY":0,"source":0,"timestamp":278047275}
{"angleX":0,"angleY":0,"inverted":true,"phase":3,"pixelX":0,"pixelY":0,"source":0,"timestamp":278047275}
{"angleX":0,"angleY":0,"inverted":false,"phase":1,"pixelX":0,"pixelY":0,"source":0,"timestamp":278047750}
{"angleX":0,"angleY":0,"inverted":false,"phase":1,"pixelX":0,"pixelY":0,"source":0,"timestamp":278047750}
{"angleX":0,"angleY":-81,"inverted":true,"phase":2,"pixelX":0,"pixelY":-7,"source":1,"timestamp":278047750}
{"angleX":0,"angleY":-102,"inverted":true,"phase":2,"pixelX":0,"pixelY":-8,"source":1,"timestamp":278047758}
{"angleX":0,"angleY":-112,"inverted":true,"phase":2,"pixelX":0,"pixelY":-10,"source":1,"timestamp":278047765}
{"angleX":0,"angleY":-110,"inverted":true,"phase":2,"pixelX":0,"pixelY":-9,"source":1,"timestamp":278047772}
{"angleX":0,"angleY":-100,"inverted":true,"phase":2,"pixelX":0,"pixelY":-8,"source":1,"timestamp":278047779}
{"angleX":0,"angleY":-86,"inverted":true,"phase":2,"pixelX":0,"pixelY":-7,"source":1,"timestamp":278047786}
{"angleX":0,"angleY":-86,"inverted":true,"phase":2,"pixelX":0,"pixelY":-7,"source":1,"timestamp":278047794}
{"angleX":0,"angleY":-83,"inverted":true,"phase":2,"pixelX":0,"pixelY":-7,"source":1,"timestamp":278047801}
{"angleX":0,"angleY":-81,"inverted":true,"phase":2,"pixelX":0,"pixelY":-7,"source":1,"timestamp":278047808}
{"angleX":0,"angleY":-73,"inverted":true,"phase":2,"pixelX":0,"pixelY":-6,"source":1,"timestamp":278047815}
{"angleX":0,"angleY":0,"inverted":true,"phase":3,"pixelX":0,"pixelY":0,"source":0,"timestamp":278047821}
{"angleX":0,"angleY":0,"inverted":true,"phase":3,"pixelX":0,"pixelY":0,"source":0,"timestamp":278047821}
{"angleX":0,"angleY":0,"inverted":false,"phase":1,"pixelX":0,"pixelY":0,"source":0,"timestamp":278048319}
{"angleX":0,"angleY":0,"inverted":false,"phase":1,"pixelX":0,"pixelY":0,"source":0,"timestamp":278048319}
{"angleX":0,"angleY":-79,"inverted":true,"phase":2,"pixelX":0,"pixelY":-7,"source":1,"timestamp":278048319}
{"angleX":0,"angleY":-90,"inverted":true,"phase":2,"pixelX":0,"pixelY":-7,"source":1,"timestamp":278048326}
{"angleX":0,"angleY":-104,"inverted":true,"phase":2,"pixelX":0,"pixelY":-9,"source":1,"timestamp":278048333}
{"angleX":0,"angleY":-122,"inverted":true,"phase":2,"pixelX":0,"pixelY":-10,"source":1,"timestamp":278048340}
{"angleX":0,"angleY":-128,"inverted":true,"phase":2,"pixelX":0,"pixelY":-11,"source":1,"timestamp":278048347}
{"angleX":0,"angleY":-141,"inverted":true,"phase":2,"pixelX":0,"pixelY":-11,"source":1,"timestamp":278048355}
{"angleX":0,"angleY":-147,"inverted":true,"phase":2,"pixelX":0,"pixelY":-13,"source":1,"timestamp":278048362}
{"angleX":0,"angleY":-147,"inverted":true,"phase":2,"pixelX":0,"pixelY":-12,"source":1,"timestamp":278048369}
{"angleX":0,"angleY":-138,"inverted":true,"phase":2,"pixelX":0,"pixelY":-11,"source":1,"timestamp":278048376}
{"angleX":0,"angleY":-134,"inverted":true,"phase":2,"pixelX":0,"pixelY":-12,"source":1,"timestamp":278048383}
{"angleX":0,"angleY":-124,"inverted":true,"phase":2,"pixelX":0,"pixelY":-10,"source":1,"timestamp":278048391}
{"angleX":0,"angleY":-118,"inverted":true,"phase":2,"pixelX":0,"pixelY":-10,"source":1,"timestamp":278048398}
{"angleX":0,"angleY":-112,"inverted":true,"phase":2,"pixelX":0,"pixelY":-9,"source":1,"timestamp":278048405}
{"angleX":0,"angleY":-114,"inverted":true,"phase":2,"pixelX":0,"pixelY":-10,"source":1,"timestamp":278048412}
{"angleX":0,"angleY":-116,"inverted":true,"phase":2,"pixelX":0,"pixelY":-9,"source":1,"timestamp":278048419}
{"angleX":0,"angleY":0,"inverted":true,"phase":3,"pixelX":0,"pixelY":0,"source":0,"timestamp":278048433}
{"angleX":0,"angleY":0,"inverted":true,"phase":3,"pixelX":0,"pixelY":0,"source":0,"timestamp":278048433}
{"angleX":0,"angleY":0,"inverted":false,"phase":1,"pixelX":0,"pixelY":0,"source":0,"timestamp":278049247}
{"angleX":0,"angleY":0,"inverted":false,"phase":1,"pixelX":0,"pixelY":0,"source":0,"timestamp":278049247}
{"angleX":0,"angleY":-75,"inverted":true,"phase":2,"pixelX":0,"pixelY":-6,"source":1,"timestamp":278049247}
{"angleX":0,"angleY":-81,"inverted":true,"phase":2,"pixelX":0,"pixelY":-7,"source":1,"timestamp":278049254}
{"angleX":0,"angleY":-96,"inverted":true,"phase":2,"pixelX":0,"pixelY":-8,"source":1,"timestamp":278049261}
{"angleX":0,"angleY":-110,"inverted":true,"phase":2,"pixelX":0,"pixelY":-9,"source":1,"timestamp":278049269}
{"angleX":0,"angleY":-136,"inverted":true,"phase":2,"pixelX":0,"pixelY":-12,"source":1,"timestamp":278049276}
{"angleX":0,"angleY":-157,"inverted":true,"phase":2,"pixelX":0,"pixelY":-13,"source":1,"timestamp":278049283}
{"angleX":0,"angleY":-161,"inverted":true,"phase":2,"pixelX":0,"pixelY":-13,"source":1,"timestamp":278049290}
{"angleX":0,"angleY":-183,"inverted":true,"phase":2,"pixelX":0,"pixelY":-15,"source":1,"timestamp":278049297}
{"angleX":0,"angleY":-193,"inverted":true,"phase":2,"pixelX":0,"pixelY":-16,"source":1,"timestamp":278049305}
{"angleX":0,"angleY":-193,"inverted":true,"phase":2,"pixelX":0,"pixelY":-17,"source":1,"timestamp":278049312}
{"angleX":0,"angleY":-216,"inverted":true,"phase":2,"pixelX":0,"pixelY":-18,"source":1,"timestamp":278049319}
{"angleX":0,"angleY":-216,"inverted":true,"phase":2,"pixelX":0,"pixelY":-18,"source":1,"timestamp":278049326}
{"angleX":0,"angleY":-228,"inverted":true,"phase":2,"pixelX":0,"pixelY":-19,"source":1,"timestamp":278049333}
{"angleX":0,"angleY":-232,"inverted":true,"phase":2,"pixelX":0,"pixelY":-19,"source":1,"timestamp":278049340}
{"angleX":0,"angleY":-242,"inverted":true,"phase":2,"pixelX":0,"pixelY":-20,"source":1,"timestamp":278049348}
{"angleX":0,"angleY":-253,"inverted":true,"phase":2,"pixelX":0,"pixelY":-21,"source":1,"timestamp":278049354}
{"angleX":0,"angleY":0,"inverted":true,"phase":3,"pixelX":0,"pixelY":0,"source":0,"timestamp":278049361}
{"angleX":0,"angleY":0,"inverted":true,"phase":3,"pixelX":0,"pixelY":0,"source":0,"timestamp":278049361}
{"angleX":0,"angleY":0,"inverted":false,"phase":1,"pixelX":0,"pixelY":0,"source":0,"timestamp":278050053}
{"angleX":0,"angleY":0,"inverted":false,"phase":1,"pixelX":0,"pixelY":0,"source":0,"timestamp":278050053}
{"angleX":0,"angleY":77,"inverted":true,"phase":2,"pixelX":0,"pixelY":6,"source":1,"timestamp":278050053}
{"angleX":0,"angleY":88,"inverted":true,"phase":2,"pixelX":0,"pixelY":8,"source":1,"timestamp":278050060}
{"angleX":0,"angleY":94,"inverted":true,"phase":2,"pixelX":0,"pixelY":8,"source":1,"timestamp":278050067}
{"angleX":0,"angleY":92,"inverted":true,"phase":2,"pixelX":0,"pixelY":7,"source":1,"timestamp":278050075}
{"angleX":0,"angleY":96,"inverted":true,"phase":2,"pixelX":0,"pixelY":8,"source":1,"timestamp":278050082}
{"angleX":0,"angleY":102,"inverted":true,"phase":2,"pixelX":0,"pixelY":9,"source":1,"timestamp":278050089}
{"angleX":0,"angleY":106,"inverted":true,"phase":2,"pixelX":0,"pixelY":8,"source":1,"timestamp":278050096}
{"angleX":0,"angleY":120,"inverted":true,"phase":2,"pixelX":0,"pixelY":10,"source":1,"timestamp":278050103}
{"angleX":0,"angleY":130,"inverted":true,"phase":2,"pixelX":0,"pixelY":11,"source":1,"timestamp":278050111}
{"angleX":0,"angleY":149,"inverted":true,"phase":2,"pixelX":0,"pixelY":13,"source":1,"timestamp":278050118}
{"angleX":0,"angleY":171,"inverted":true,"phase":2,"pixelX":0,"pixelY":14,"source":1,"timestamp":278050125}
{"angleX":0,"angleY":185,"inverted":true,"phase":2,"pixelX":0,"pixelY":15,"source":1,"timestamp":278050132}
{"angleX":0,"angleY":187,"inverted":true,"phase":2,"pixelX":0,"pixelY":16,"source":1,"timestamp":278050139}
{"angleX":0,"angleY":212,"inverted":true,"phase":2,"pixelX":0,"pixelY":18,"source":1,"timestamp":278050146}
{"angleX":0,"angleY":0,"inverted":true,"phase":3,"pixelX":0,"pixelY":0,"source":0,"timestamp":278050160}
{"angleX":0,"angleY":0,"inverted":true,"phase":3,"pixelX":0,"pixelY":0,"source":0,"timestamp":278050160}
{"angleX":0,"angleY":0,"inverted":false,"phase":1,"pixelX":0,"pixelY":0,"source":0,"timestamp":278050809}
{"angleX":0,"angleY":0,"inverted":false,"phase":1,"pixelX":0,"pixelY":0,"source":0,"timestamp":278050809}
{"angleX":0,"angleY":122,"inverted":true,"phase":2,"pixelX":0,"pixelY":10,"source":1,"timestamp":278050809}
{"angleX":0,"angleY":151,"inverted":true,"phase":2,"pixelX":0,"pixelY":13,"source":1,"timestamp":278050816}
{"angleX":0,"angleY":167,"inverted":true,"phase":2,"pixelX":0,"pixelY":14,"source":1,"timestamp":278050823}
{"angleX":0,"angleY":193,"inverted":true,"phase":2,"pixelX":0,"pixelY":16,"source":1,"timestamp":278050830}
{"angleX":0,"angleY":210,"inverted":true,"phase":2,"pixelX":0,"pixelY":17,"source":1,"timestamp":278050838}
{"angleX":0,"angleY":226,"inverted":true,"phase":2,"pixelX":0,"pixelY":19,"source":1,"timestamp":278050845}
{"angleX":0,"angleY":244,"inverted":true,"phase":2,"pixelX":0,"pixelY":20,"source":1,"timestamp":278050852}
{"angleX":0,"angleY":248,"inverted":true,"phase":2,"pixelX":0,"pixelY":21,"source":1,"timestamp":278050859}
{"angleX":0,"angleY":259,"inverted":true,"phase":2,"pixelX":0,"pixelY":22,"source":1,"timestamp":278050866}
{"angleX":0,"angleY":269,"inverted":true,"phase":2,"pixelX":0,"pixelY":22,"source":1,"timestamp":278050874}
{"angleX":0,"angleY":269,"inverted":true,"phase":2,"pixelX":0,"pixelY":23,"source":1,"timestamp":278050881}
{"angleX":0,"angleY":277,"inverted":true,"phase":2,"pixelX":0,"pixelY":23,"source":1,"timestamp":278050888}
{"angleX":0,"angleY":281,"inverted":true,"phase":2,"pixelX":0,"pixelY":23,"source":1,"timestamp":278050895}
{"angleX":0,"angleY":273,"inverted":true,"phase":2,"pixelX":0,"pixelY":23,"source":1,"timestamp":278050902}
{"angleX":0,"angleY":0,"inverted":true,"phase":3,"pixelX":0,"pixelY":0,"source":0,"timestamp":278050916}
{"angleX":0,"angleY":0,"inverted":true,"phase":3,"pixelX":0,"pixelY":0,"source":0,"timestamp":278050916}
{"angleX":0,"angleY":0,"inverted":false,"phase":1,"pixelX":0,"pixelY":0,"source":0,"timestamp":278051601}
{"angleX":0,"angleY":0,"inverted":false,"phase":1,"pixelX":0,"pixelY":0,"source":0,"timestamp":278051601}
{"angleX":0,"angleY":94,"inverted":true,"phase":2,"pixelX":0,"pixelY":8,"source":1,"timestamp":278051601}
{"angleX":0,"angleY":110,"inverted":true,"phase":2,"pixelX":0,"pixelY":9,"source":1,"timestamp":278051608}
{"angleX":0,"angleY":124,"inverted":true,"phase":2,"pixelX":0,"pixelY":10,"source":1,"timestamp":278051615}
{"angleX":0,"angleY":141,"inverted":true,"phase":2,"pixelX":0,"pixelY":12,"source":1,"timestamp":278051622}
{"angleX":0,"angleY":159,"inverted":true,"phase":2,"pixelX":0,"pixelY":13,"source":1,"timestamp":278051630}
{"angleX":0,"angleY":171,"inverted":true,"phase":2,"pixelX":0,"pixelY":15,"source":1,"timestamp":278051637}
{"angleX":0,"angleY":177,"inverted":true,"phase":2,"pixelX":0,"pixelY":14,"source":1,"timestamp":278051644}
{"angleX":0,"angleY":193,"inverted":true,"phase":2,"pixelX":0,"pixelY":16,"source":1,"timestamp":278051651}
{"angleX":0,"angleY":206,"inverted":true,"phase":2,"pixelX":0,"pixelY":18,"source":1,"timestamp":278051658}
{"angleX":0,"angleY":206,"inverted":true,"phase":2,"pixelX":0,"pixelY":17,"source":1,"timestamp":278051665}
{"angleX":0,"angleY":206,"inverted":true,"phase":2,"pixelX":0,"pixelY":17,"source":1,"timestamp":278051673}
{"angleX":0,"angleY":206,"inverted":true,"phase":2,"pixelX":0,"pixelY":17,"source":1,"timestamp":278051680}
{"angleX":0,"angleY":206,"inverted":true,"phase":2,"pixelX":0,"pixelY":17,"source":1,"timestamp":278051687}
{"angleX":0,"angleY":214,"inverted":true,"phase":2,"pixelX":0,"pixelY":18,"source":1,"timestamp":278051694}
{"angleX":0,"angleY":222,"inverted":true,"phase":2,"pixelX":0,"pixelY":18,"source":1,"timestamp":278051701}
{"angleX":0,"angleY":0,"inverted":true,"phase":3,"pixelX":0,"pixelY":0,"source":0,"timestamp":278051736}
{"angleX":0,"angleY":0,"inverted":true,"phase":3,"pixelX":0,"pixelY":0,"source":0,"timestamp":278051736}
{"angleX":0,"angleY":0,"inverted":false,"phase":1,"pixelX":0,"pixelY":0,"source":0,"timestamp":278052500}
{"angleX":0,"angleY":0,"inverted":false,"phase":1,"pixelX":0,"pixelY":0,"source":0,"timestamp":278052500}
{"angleX":0,"angleY":-86,"inverted":true,"phase":2,"pixelX":0,"pixelY":-7,"source":1,"timestamp":278052500}
{"angleX":0,"angleY":-92,"inverted":true,"phase":2,"pixelX":0,"pixelY":-8,"source":1,"timestamp":278052507}
{"angleX":0,"angleY":-92,"inverted":true,"phase":2,"pixelX":0,"pixelY":-7,"source":1,"timestamp":278052514}
{"angleX":0,"angleY":-100,"inverted":true,"phase":2,"pixelX":0,"pixelY":-9,"source":1,"timestamp":278052522}
{"angleX":0,"angleY":-118,"inverted":true,"phase":2,"pixelX":0,"pixelY":-10,"source":1,"timestamp":278052529}
{"angleX":0,"angleY":-134,"inverted":true,"phase":2,"pixelX":0,"pixelY":-11,"source":1,"timestamp":278052536}
{"angleX":0,"angleY":-147,"inverted":true,"phase":2,"pixelX":0,"pixelY":-12,"source":1,"timestamp":278052543}
{"angleX":0,"angleY":-147,"inverted":true,"phase":2,"pixelX":0,"pixelY":-12,"source":1,"timestamp":278052550}
{"angleX":0,"angleY":-155,"inverted":true,"phase":2,"pixelX":0,"pixelY":-13,"source":1,"timestamp":278052558}
{"angleX":0,"angleY":-159,"inverted":true,"phase":2,"pixelX":0,"pixelY":-13,"source":1,"timestamp":278052565}
{"angleX":0,"angleY":-157,"inverted":true,"phase":2,"pixelX":0,"pixelY":-13,"source":1,"timestamp":278052572}
{"angleX":0,"angleY":-159,"inverted":true,"phase":2,"pixelX":0,"pixelY":-14,"source":1,"timestamp":278052579}
{"angleX":0,"angleY":-155,"inverted":true,"phase":2,"pixelX":0,"pixelY":-13,"source":1,"timestamp":278052586}
{"angleX":0,"angleY":-161,"inverted":true,"phase":2,"pixelX":0,"pixelY":-13,"source":1,"timestamp":278052594}
{"angleX":0,"angleY":-167,"inverted":true,"phase":2,"pixelX":0,"pixelY":-14,"source":1,"timestamp":278052601}
{"angleX":0,"angleY":-179,"inverted":true,"phase":2,"pixelX":0,"pixelY":-15,"source":1,"timestamp":278052608}
{"angleX":0,"angleY":-189,"inverted":true,"phase":2,"pixelX":0,"pixelY":-16,"source":1,"timestamp":278052615}
{"angleX":0,"angleY":-202,"inverted":true,"phase":2,"pixelX":0,"pixelY":-16,"source":1,"timestamp":278052622}
{"angleX":0,"angleY":-212,"inverted":true,"phase":2,"pixelX":0,"pixelY":-18,"source":1,"timestamp":278052629}
{"angleX":0,"angleY":0,"inverted":true,"phase":3,"pixelX":0,"pixelY":0,"source":0,"timestamp":278052636}
{"angleX":0,"angleY":0,"inverted":true,"phase":3,"pixelX":0,"pixelY":0,"source":0,"timestamp":278052636}
{"angleX":0,"angleY":0,"inverted":false,"phase":1,"pixelX":0,"pixelY":0,"source":0,"timestamp":278053176}
{"angleX":0,"angleY":0,"inverted":false,"phase":1,"pixelX":0,"pixelY":0,"source":0,"timestamp":278053176}
{"angleX":0,"angleY":-141,"inverted":true,"phase":2,"pixelX":0,"pixelY":-12,"source":1,"timestamp":278053176}
{"angleX":0,"angleY":-149,"inverted":true,"phase":2,"pixelX":0,"pixelY":-12,"source":1,"timestamp":278053183}
{"angleX":0,"angleY":-157,"inverted":true,"phase":2,"pixelX":0,"pixelY":-13,"source":1,"timestamp":278053191}
{"angleX":0,"angleY":-171,"inverted":true,"phase":2,"pixelX":0,"pixelY":-14,"source":1,"timestamp":278053198}
{"angleX":0,"angleY":-173,"inverted":true,"phase":2,"pixelX":0,"pixelY":-15,"source":1,"timestamp":278053205}
{"angleX":0,"angleY":-189,"inverted":true,"phase":2,"pixelX":0,"pixelY":-16,"source":1,"timestamp":278053212}
{"angleX":0,"angleY":-202,"inverted":true,"phase":2,"pixelX":0,"pixelY":-16,"source":1,"timestamp":278053219}
{"angleX":0,"angleY":-212,"inverted":true,"phase":2,"pixelX":0,"pixelY":-18,"source":1,"timestamp":278053227}
{"angleX":0,"angleY":-238,"inverted":true,"phase":2,"pixelX":0,"pixelY":-20,"source":1,"timestamp":278053234}
{"angleX":0,"angleY":-251,"inverted":true,"phase":2,"pixelX":0,"pixelY":-21,"source":1,"timestamp":278053241}
{"angleX":0,"angleY":-273,"inverted":true,"phase":2,"pixelX":0,"pixelY":-23,"source":1,"timestamp":278053248}
{"angleX":0,"angleY":-269,"inverted":true,"phase":2,"pixelX":0,"pixelY":-22,"source":1,"timestamp":278053255}
{"angleX":0,"angleY":-279,"inverted":true,"phase":2,"pixelX":0,"pixelY":-23,"source":1,"timestamp":278053262}
{"angleX":0,"angleY":-261,"inverted":true,"phase":2,"pixelX":0,"pixelY":-22,"source":1,"timestamp":278053270}
{"angleX":0,"angleY":-253,"inverted":true,"phase":2,"pixelX":0,"pixelY":-21,"source":1,"timestamp":278053277}
{"angleX":0,"angleY":-248,"inverted":true,"phase":2,"pixelX":0,"pixelY":-21,"source":1,"timestamp":278053284}
{"angleX":0,"angleY":-238,"inverted":true,"phase":2,"pixelX":0,"pixelY":-20,"source":1,"timestamp":278053291}
{"angleX":0,"angleY":-208,"inverted":true,"phase":2,"pixelX":0,"pixelY":-17,"source":1,"timestamp":278053298}
{"angleX":0,"angleY":-196,"inverted":true,"phase":2,"pixelX":0,"pixelY":-16,"source":1,"timestamp":278053306}
{"angleX":0,"angleY":-191,"inverted":true,"phase":2,"pixelX":0,"pixelY":-16,"source":1,"timestamp":278053313}
{"angleX":0,"angleY":0,"inverted":true,"phase":3,"pixelX":0,"pixelY":0,"source":0,"timestamp":278053319}
{"angleX":0,"angleY":0,"inverted":true,"phase":3,"pixelX":0,"pixelY":0,"source":0,"timestamp":278053319}
{"angleX":0,"angleY":0,"inverted":false,"phase":1,"pixelX":0,"pixelY":0,"source":0,"timestamp":278053888}
{"angleX":0,"angleY":0,"inverted":false,"phase":1,"pixelX":0,"pixelY":0,"source":0,"timestamp":278053888}
{"angleX":0,"angleY":-151,"inverted":true,"phase":2,"pixelX":0,"pixelY":-13,"source":1,"timestamp":278053888}
{"angleX":0,"angleY":-157,"inverted":true,"phase":2,"pixelX":0,"pixelY":-13,"source":1,"timestamp":278053896}
{"angleX":0,"angleY":-165,"inverted":true,"phase":2,"pixelX":0,"pixelY":-13,"source":1,"timestamp":278053903}
{"angleX":0,"angleY":-183,"inverted":true,"phase":2,"pixelX":0,"pixelY":-16,"source":1,"timestamp":278053910}
{"angleX":0,"angleY":-191,"inverted":true,"phase":2,"pixelX":0,"pixelY":-16,"source":1,"timestamp":278053917}
{"angleX":0,"angleY":-218,"inverted":true,"phase":2,"pixelX":0,"pixelY":-18,"source":1,"timestamp":278053924}
{"angleX":0,"angleY":-228,"inverted":true,"phase":2,"pixelX":0,"pixelY":-19,"source":1,"timestamp":278053932}
{"angleX":0,"angleY":-234,"inverted":true,"phase":2,"pixelX":0,"pixelY":-19,"source":1,"timestamp":278053939}
{"angleX":0,"angleY":-232,"inverted":true,"phase":2,"pixelX":0,"pixelY":-20,"source":1,"timestamp":278053946}
{"angleX":0,"angleY":-232,"inverted":true,"phase":2,"pixelX":0,"pixelY":-19,"source":1,"timestamp":278053953}
{"angleX":0,"angleY":-228,"inverted":true,"phase":2,"pixelX":0,"pixelY":-19,"source":1,"timestamp":278053960}
{"angleX":0,"angleY":-216,"inverted":true,"phase":2,"pixelX":0,"pixelY":-18,"source":1,"timestamp":278053968}
{"angleX":0,"angleY":-206,"inverted":true,"phase":2,"pixelX":0,"pixelY":-17,"source":1,"timestamp":278053975}
{"angleX":0,"angleY":-196,"inverted":true,"phase":2,"pixelX":0,"pixelY":-16,"source":1,"timestamp":278053982}
{"angleX":0,"angleY":-179,"inverted":true,"phase":2,"pixelX":0,"pixelY":-15,"source":1,"timestamp":278053989}
{"angleX":0,"angleY":-173,"inverted":true,"phase":2,"pixelX":0,"pixelY":-15,"source":1,"timestamp":278053996}
{"angleX":0,"angleY":-157,"inverted":true,"phase":2,"pixelX":0,"pixelY":-13,"source":1,"timestamp":278054004}
{"angleX":0,"angleY":-141,"inverted":true,"phase":2,"pixelX":0,"pixelY":-12,"source":1,"timestamp":278054011}
{"angleX":0,"angleY":-128,"inverted":true,"phase":2,"pixelX":0,"pixelY":-10,"source":1,"timestamp":278054018}
{"angleX":0,"angleY":0,"inverted":true,"phase":3,"pixelX":0,"pixelY":0,"source":0,"timestamp":278054024}
{"angleX":0,"angleY":0,"inverted":true,"phase":3,"pixelX":0,"pixelY":0,"source":0,"timestamp":278054024}
{"angleX":0,"angleY":0,"inverted":false,"phase":1,"pixelX":0,"pixelY":0,"source":0,"timestamp":278054565}
{"angleX":0,"angleY":0,"inverted":false,"phase":1,"pixelX":0,"pixelY":0,"source":0,"timestamp":278054565}
{"angleX":0,"angleY":120,"inverted":true,"phase":2,"pixelX":0,"pixelY":10,"source":1,"timestamp":278054565}
{"angleX":0,"angleY":138,"inverted":true,"phase":2,"pixelX":0,"pixelY":12,"source":1,"timestamp":278054572}
{"angleX":0,"angleY":151,"inverted":true,"phase":2,"pixelX":0,"pixelY":12,"source":1,"timestamp":278054579}
{"angleX":0,"angleY":169,"inverted":true,"phase":2,"pixelX":0,"pixelY":14,"source":1,"timestamp":278054586}
{"angleX":0,"angleY":177,"inverted":true,"phase":2,"pixelX":0,"pixelY":15,"source":1,"timestamp":278054594}
{"angleX":0,"angleY":193,"inverted":true,"phase":2,"pixelX":0,"pixelY":16,"source":1,"timestamp":278054601}
{"angleX":0,"angleY":191,"inverted":true,"phase":2,"pixelX":0,"pixelY":16,"source":1,"timestamp":278054608}
{"angleX":0,"angleY":202,"inverted":true,"phase":2,"pixelX":0,"pixelY":17,"source":1,"timestamp":278054615}
{"angleX":0,"angleY":193,"inverted":true,"phase":2,"pixelX":0,"pixelY":16,"source":1,"timestamp":278054622}
{"angleX":0,"angleY":181,"inverted":true,"phase":2,"pixelX":0,"pixelY":15,"source":1,"timestamp":278054629}
{"angleX":0,"angleY":177,"inverted":true,"phase":2,"pixelX":0,"pixelY":15,"source":1,"timestamp":278054637}
{"angleX":0,"angleY":0,"inverted":true,"phase":3,"pixelX":0,"pixelY":0,"source":0,"timestamp":278054664}
{"angleX":0,"angleY":0,"inverted":true,"phase":3,"pixelX":0,"pixelY":0,"source":0,"timestamp":278054664}
{"angleX":0,"angleY":0,"inverted":false,"phase":1,"pixelX":0,"pixelY":0,"source":0,"timestamp":278055184}
{"angleX":0,"angleY":0,"inverted":false,"phase":1,"pixelX":0,"pixelY":0,"source":0,"timestamp":278055184}
{"angleX":0,"angleY":112,"inverted":true,"phase":2,"pixelX":0,"pixelY":9,"source":1,"timestamp":278055184}
{"angleX":0,"angleY":120,"inverted":true,"phase":2,"pixelX":0,"pixelY":10,"source":1,"timestamp":278055191}
{"angleX":0,"angleY":124,"inverted":true,"phase":2,"pixelX":0,"pixelY":11,"source":1,"timestamp":278055198}
{"angleX":0,"angleY":141,"inverted":true,"phase":2,"pixelX":0,"pixelY":11,"source":1,"timestamp":278055205}
{"angleX":0,"angleY":147,"inverted":true,"phase":2,"pixelX":0,"pixelY":13,"source":1,"timestamp":278055212}
{"angleX":0,"angleY":155,"inverted":true,"phase":2,"pixelX":0,"pixelY":13,"source":1,"timestamp":278055220}
{"angleX":0,"angleY":165,"inverted":true,"phase":2,"pixelX":0,"pixelY":13,"source":1,"timestamp":278055227}
{"angleX":0,"angleY":157,"inverted":true,"phase":2,"pixelX":0,"pixelY":13,"source":1,"timestamp":278055234}
{"angleX":0,"angleY":167,"inverted":true,"phase":2,"pixelX":0,"pixelY":14,"source":1,"timestamp":278055241}
{"angleX":0,"angleY":177,"inverted":true,"phase":2,"pixelX":0,"pixelY":15,"source":1,"timestamp":278055248}
{"angleX":0,"angleY":177,"inverted":true,"phase":2,"pixelX":0,"pixelY":15,"source":1,"timestamp":278055256}
{"angleX":0,"angleY":185,"inverted":true,"phase":2,"pixelX":0,"pixelY":15,"source":1,"timestamp":278055263}
{"angleX":0,"angleY":196,"inverted":true,"phase":2,"pixelX":0,"pixelY":17,"source":1,"timestamp":278055270}
{"angleX":0,"angleY":202,"inverted":true,"phase":2,"pixelX":0,"pixelY":16,"source":1,"timestamp":278055277}
{"angleX":0,"angleY":208,"inverted":true,"phase":2,"pixelX":0,"pixelY":18,"source":1,"timestamp":278055284}
{"angleX":0,"angleY":216,"inverted":true,"phase":2,"pixelX":0,"pixelY":18,"source":1,"timestamp":278055291}
{"angleX":0,"angleY":214,"inverted":true,"phase":2,"pixelX":0,"pixelY":17,"source":1,"timestamp":278055299}
{"angleX":0,"angleY":212,"inverted":true,"phase":2,"pixelX":0,"pixelY":18,"source":1,"timestamp":278055306}
{"angleX":0,"angleY":212,"inverted":true,"phase":2,"pixelX":0,"pixelY":18,"source":1,"timestamp":278055313}
{"angleX":0,"angleY":202,"inverted":true,"phase":2,"pixelX":0,"pixelY":17,"source":1,"timestamp":278055320}
{"angleX":0,"angleY":0,"inverted":true,"phase":3,"pixelX":0,"pixelY":0,"source":0,"timestamp":278055355}
{"angleX":0,"angleY":0,"inverted":true,"phase":3,"pixelX":0,"pixelY":0,"source":0,"timestamp":278055355}
{"angleX":0,"angleY":0,"inverted":false,"phase":1,"pixelX":0,"pixelY":0,"source":0,"timestamp":278055874}
{"angleX":0,"angleY":0,"inverted":false,"phase":1,"pixelX":0,"pixelY":0,"source":0,"timestamp":278055874}
{"angleX":0,"angleY":106,"inverted":true,"phase":2,"pixelX":0,"pixelY":9,"source":1,"timestamp":278055874}
{"angleX":0,"angleY":112,"inverted":true,"phase":2,"pixelX":0,"pixelY":9,"source":1,"timestamp":278055881}
{"angleX":0,"angleY":128,"inverted":true,"phase":2,"pixelX":0,"pixelY":11,"source":1,"timestamp":278055888}
{"angleX":0,"angleY":136,"inverted":true,"phase":2,"pixelX":0,"pixelY":11,"source":1,"timestamp":278055896}
{"angleX":0,"angleY":145,"inverted":true,"phase":2,"pixelX":0,"pixelY":12,"source":1,"timestamp":278055903}
{"angleX":0,"angleY":151,"inverted":true,"phase":2,"pixelX":0,"pixelY":13,"source":1,"timestamp":278055910}
{"angleX":0,"angleY":155,"inverted":true,"phase":2,"pixelX":0,"pixelY":13,"source":1,"timestamp":278055917}
{"angleX":0,"angleY":155,"inverted":true,"phase":2,"pixelX":0,"pixelY":13,"source":1,"timestamp":278055924}
{"angleX":0,"angleY":165,"inverted":true,"phase":2,"pixelX":0,"pixelY":13,"source":1,"timestamp":278055931}
{"angleX":0,"angleY":163,"inverted":true,"phase":2,"pixelX":0,"pixelY":14,"source":1,"timestamp":278055939}
{"angleX":0,"angleY":161,"inverted":true,"phase":2,"pixelX":0,"pixelY":13,"source":1,"timestamp":278055946}
{"angleX":0,"angleY":175,"inverted":true,"phase":2,"pixelX":0,"pixelY":15,"source":1,"timestamp":278055953}
{"angleX":0,"angleY":183,"inverted":true,"phase":2,"pixelX":0,"pixelY":15,"source":1,"timestamp":278055960}
{"angleX":0,"angleY":185,"inverted":true,"phase":2,"pixelX":0,"pixelY":16,"source":1,"timestamp":278055967}
{"angleX":0,"angleY":196,"inverted":true,"phase":2,"pixelX":0,"pixelY":16,"source":1,"timestamp":278055975}
{"angleX":0,"angleY":206,"inverted":true,"phase":2,"pixelX":0,"pixelY":17,"source":1,"timestamp":278055982}
{"angleX":0,"angleY":202,"inverted":true,"phase":2,"pixelX":0,"pixelY":17,"source":1,"timestamp":278055989}
{"angleX":0,"angleY":204,"inverted":true,"phase":2,"pixelX":0,"pixelY":17,"source":1,"timestamp":278055996}
{"angleX":0,"angleY":193,"inverted":true,"phase":2,"pixelX":0,"pixelY":16,"source":1,"timestamp":278056003}
{"angleX":0,"angleY":177,"inverted":true,"phase":2,"pixelX":0,"pixelY":15,"source":1,"timestamp":278056010}
{"angleX":0,"angleY":183,"inverted":true,"phase":2,"pixelX":0,"pixelY":15,"source":1,"timestamp":278056018}
{"angleX":0,"angleY":173,"inverted":true,"phase":2,"pixelX":0,"pixelY":14,"source":1,"timestamp":278056025}
{"angleX":0,"angleY":159,"inverted":true,"phase":2,"pixelX":0,"pixelY":14,"source":1,"timestamp":278056032}
{"angleX":0,"angleY":0,"inverted":true,"phase":3,"pixelX":0,"pixelY":0,"source":0,"timestamp":278056067}
{"angleX":0,"angleY":0,"inverted":true,"phase":3,"pixelX":0,"pixelY":0,"source":0,"timestamp":278056067}
{"angleX":0,"angleY":0,"inverted":false,"phase":1,"pixelX":0,"pixelY":0,"source":0,"timestamp":278056514}
{"angleX":0,"angleY":0,"inverted":false,"phase":1,"pixelX":0,"pixelY":0,"source":0,"timestamp":278056514}
{"angleX":0,"angleY":102,"inverted":true,"phase":2,"pixelX":0,"pixelY":8,"source":1,"timestamp":278056514}
{"angleX":0,"angleY":122,"inverted":true,"phase":2,"pixelX":0,"pixelY":11,"source":1,"timestamp":278056521}
{"angleX":0,"angleY":134,"inverted":true,"phase":2,"pixelX":0,"pixelY":11,"source":1,"timestamp":278056529}
{"angleX":0,"angleY":145,"inverted":true,"phase":2,"pixelX":0,"pixelY":12,"source":1,"timestamp":278056536}
{"angleX":0,"angleY":153,"inverted":true,"phase":2,"pixelX":0,"pixelY":13,"source":1,"timestamp":278056543}
{"angleX":0,"angleY":159,"inverted":true,"phase":2,"pixelX":0,"pixelY":13,"source":1,"timestamp":278056550}
{"angleX":0,"angleY":159,"inverted":true,"phase":2,"pixelX":0,"pixelY":13,"source":1,"timestamp":278056557}
{"angleX":0,"angleY":155,"inverted":true,"phase":2,"pixelX":0,"pixelY":13,"source":1,"timestamp":278056565}
{"angleX":0,"angleY":155,"inverted":true,"phase":2,"pixelX":0,"pixelY":13,"source":1,"timestamp":278056572}
{"angleX":0,"angleY":153,"inverted":true,"phase":2,"pixelX":0,"pixelY":13,"source":1,"timestamp":278056579}
{"angleX":0,"angleY":145,"inverted":true,"phase":2,"pixelX":0,"pixelY":12,"source":1,"timestamp":278056586}
{"angleX":0,"angleY":141,"inverted":true,"phase":2,"pixelX":0,"pixelY":11,"source":1,"timestamp":278056593}
{"angleX":0,"angleY":141,"inverted":true,"phase":2,"pixelX":0,"pixelY":12,"source":1,"timestamp":278056600}
{"angleX":0,"angleY":143,"inverted":true,"phase":2,"pixelX":0,"pixelY":12,"source":1,"timestamp":278056608}
{"angleX":0,"angleY":143,"inverted":true,"phase":2,"pixelX":0,"pixelY":12,"source":1,"timestamp":278056615}
{"angleX":0,"angleY":141,"inverted":true,"phase":2,"pixelX":0,"pixelY":12,"source":1,"timestamp":278056622}
{"angleX":0,"angleY":141,"inverted":true,"phase":2,"pixelX":0,"pixelY":11,"source":1,"timestamp":278056629}
{"angleX":0,"angleY":145,"inverted":true,"phase":2,"pixelX":0,"pixelY":12,"source":1,"timestamp":278056636}
{"angleX":0,"angleY":153,"inverted":true,"phase":2,"pixelX":0,"pixelY":13,"source":1,"timestamp":278056644}
{"angleX":0,"angleY":157,"inverted":true,"phase":2,"pixelX":0,"pixelY":13,"source":1,"timestamp":278056651}
{"angleX":0,"angleY":163,"inverted":true,"phase":2,"pixelX":0,"pixelY":14,"source":1,"timestamp":278056658}
{"angleX":0,"angleY":153,"inverted":true,"phase":2,"pixelX":0,"pixelY":12,"source":1,"timestamp":278056665}
{"angleX":0,"angleY":153,"inverted":true,"phase":2,"pixelX":0,"pixelY":13,"source":1,"timestamp":278056672}
{"angleX":0,"angleY":161,"inverted":true,"phase":2,"pixelX":0,"pixelY":14,"source":1,"timestamp":278056679}
{"angleX":0,"angleY":163,"inverted":true,"phase":2,"pixelX":0,"pixelY":13,"source":1,"timestamp":278056687}
{"angleX":0,"angleY":0,"inverted":true,"phase":3,"pixelX":0,"pixelY":0,"source":0,"timestamp":278056700}
{"angleX":0,"angleY":0,"inverted":true,"phase":3,"pixelX":0,"pixelY":0,"source":0,"timestamp":278056700}
{"angleX":0,"angleY":0,"inverted":false,"phase":1,"pixelX":0,"pixelY":0,"source":0,"timestamp":278057226}
{"angleX":0,"angleY":0,"inverted":false,"phase":1,"pixelX":0,"pixelY":0,"source":0,"timestamp":278057226}
{"angleX":0,"angleY":-116,"inverted":true,"phase":2,"pixelX":0,"pixelY":-10,"source":1,"timestamp":278057226}
{"angleX":0,"angleY":-116,"inverted":true,"phase":2,"pixelX":0,"pixelY":-9,"source":1,"timestamp":278057233}
{"angleX":0,"angleY":-122,"inverted":true,"phase":2,"pixelX":0,"pixelY":-11,"source":1,"timestamp":278057241}
{"angleX":0,"angleY":-130,"inverted":true,"phase":2,"pixelX":0,"pixelY":-10,"source":1,"timestamp":278057248}
{"angleX":0,"angleY":-143,"inverted":true,"phase":2,"pixelX":0,"pixelY":-12,"source":1,"timestamp":278057255}
{"angleX":0,"angleY":-155,"inverted":true,"phase":2,"pixelX":0,"pixelY":-13,"source":1,"timestamp":278057262}
{"angleX":0,"angleY":-167,"inverted":true,"phase":2,"pixelX":0,"pixelY":-14,"source":1,"timestamp":278057269}
{"angleX":0,"angleY":-187,"inverted":true,"phase":2,"pixelX":0,"pixelY":-16,"source":1,"timestamp":278057277}
{"angleX":0,"angleY":-200,"inverted":true,"phase":2,"pixelX":0,"pixelY":-16,"source":1,"timestamp":278057284}
{"angleX":0,"angleY":-218,"inverted":true,"phase":2,"pixelX":0,"pixelY":-18,"source":1,"timestamp":278057291}
{"angleX":0,"angleY":-240,"inverted":true,"phase":2,"pixelX":0,"pixelY":-21,"source":1,"timestamp":278057298}
{"angleX":0,"angleY":-261,"inverted":true,"phase":2,"pixelX":0,"pixelY":-21,"source":1,"timestamp":278057305}
{"angleX":0,"angleY":-263,"inverted":true,"phase":2,"pixelX":0,"pixelY":-22,"source":1,"timestamp":278057312}
{"angleX":0,"angleY":-265,"inverted":true,"phase":2,"pixelX":0,"pixelY":-22,"source":1,"timestamp":278057320}
{"angleX":0,"angleY":-259,"inverted":true,"phase":2,"pixelX":0,"pixelY":-22,"source":1,"timestamp":278057327}
{"angleX":0,"angleY":-240,"inverted":true,"phase":2,"pixelX":0,"pixelY":-20,"source":1,"timestamp":278057334}
{"angleX":0,"angleY":-226,"inverted":true,"phase":2,"pixelX":0,"pixelY":-19,"source":1,"timestamp":278057341}
{"angleX":0,"angleY":-216,"inverted":true,"phase":2,"pixelX":0,"pixelY":-18,"source":1,"timestamp":278057349}
{"angleX":0,"angleY":-191,"inverted":true,"phase":2,"pixelX":0,"pixelY":-16,"source":1,"timestamp":278057356}
{"angleX":0,"angleY":0,"inverted":true,"phase":3,"pixelX":0,"pixelY":0,"source":0,"timestamp":278057376}
{"angleX":0,"angleY":0,"inverted":true,"phase":3,"pixelX":0,"pixelY":0,"source":0,"timestamp":278057376}
{"angleX":0,"angleY":0,"inverted":false,"phase":1,"pixelX":0,"pixelY":0,"source":0,"timestamp":278057982}
{"angleX":0,"angleY":0,"inverted":false,"phase":1,"pixelX":0,"pixelY":0,"source":0,"timestamp":278057982}
{"angleX":0,"angleY":-102,"inverted":true,"phase":2,"pixelX":0,"pixelY":-8,"source":1,"timestamp":278057982}
{"angleX":0,"angleY":-112,"inverted":true,"phase":2,"pixelX":0,"pixelY":-10,"source":1,"timestamp":278057989}
{"angleX":0,"angleY":-120,"inverted":true,"phase":2,"pixelX":0,"pixelY":-10,"source":1,"timestamp":278057997}
{"angleX":0,"angleY":-126,"inverted":true,"phase":2,"pixelX":0,"pixelY":-10,"source":1,"timestamp":278058004}
{"angleX":0,"angleY":-134,"inverted":true,"phase":2,"pixelX":0,"pixelY":-12,"source":1,"timestamp":278058011}
{"angleX":0,"angleY":-134,"inverted":true,"phase":2,"pixelX":0,"pixelY":-11,"source":1,"timestamp":278058018}
{"angleX":0,"angleY":-138,"inverted":true,"phase":2,"pixelX":0,"pixelY":-11,"source":1,"timestamp":278058025}
{"angleX":0,"angleY":-141,"inverted":true,"phase":2,"pixelX":0,"pixelY":-12,"source":1,"timestamp":278058032}
{"angleX":0,"angleY":-136,"inverted":true,"phase":2,"pixelX":0,"pixelY":-11,"source":1,"timestamp":278058039}
{"angleX":0,"angleY":-130,"inverted":true,"phase":2,"pixelX":0,"pixelY":-11,"source":1,"timestamp":278058047}
{"angleX":0,"angleY":-116,"inverted":true,"phase":2,"pixelX":0,"pixelY":-10,"source":1,"timestamp":278058054}
{"angleX":0,"angleY":-110,"inverted":true,"phase":2,"pixelX":0,"pixelY":-9,"source":1,"timestamp":278058061}
{"angleX":0,"angleY":-106,"inverted":true,"phase":2,"pixelX":0,"pixelY":-9,"source":1,"timestamp":278058068}
{"angleX":0,"angleY":-92,"inverted":true,"phase":2,"pixelX":0,"pixelY":-8,"source":1,"timestamp":278058075}
{"angleX":0,"angleY":-86,"inverted":true,"phase":2,"pixelX":0,"pixelY":-7,"source":1,"timestamp":278058082}
{"angleX":0,"angleY":-88,"inverted":true,"phase":2,"pixelX":0,"pixelY":-7,"source":1,"timestamp":278058090}
{"angleX":0,"angleY":-88,"inverted":true,"phase":2,"pixelX":0,"pixelY":-7,"source":1,"timestamp":278058097}
{"angleX":0,"angleY":-94,"inverted":true,"phase":2,"pixelX":0,"pixelY":-8,"source":1,"timestamp":278058104}
{"angleX":0,"angleY":-98,"inverted":true,"phase":2,"pixelX":0,"pixelY":-8,"source":1,"timestamp":278058111}
{"angleX":0,"angleY":-96,"inverted":true,"phase":2,"pixelX":0,"pixelY":-8,"source":1,"timestamp":278058118}
{"angleX":0,"angleY":-92,"inverted":true,"phase":2,"pixelX":0,"pixelY":-8,"source":1,"timestamp":278058126}
{"angleX":0,"angleY":-86,"inverted":true,"phase":2,"pixelX":0,"pixelY":-7,"source":1,"timestamp":278058133}
{"angleX":0,"angleY":-83,"inverted":true,"phase":2,"pixelX":0,"pixelY":-7,"source":1,"timestamp":278058140}
{"angleX":0,"angleY":-77,"inverted":true,"phase":2,"pixelX":0,"pixelY":-6,"source":1,"timestamp":278058147}
{"angleX":0,"angleY":-69,"inverted":true,"phase":2,"pixelX":0,"pixelY":-6,"source":1,"timestamp":278058154}
{"angleX":0,"angleY":-61,"inverted":true,"phase":2,"pixelX":0,"pixelY":-5,"source":1,"timestamp":278058162}
{"angleX":0,"angleY":-57,"inverted":true,"phase":2,"pixelX":0,"pixelY":-5,"source":1,"timestamp":278058169}
{"angleX":0,"angleY":-57,"inverted":true,"phase":2,"pixelX":0,"pixelY":-5,"source":1,"timestamp":278058176}
{"angleX":0,"angleY":-55,"inverted":true,"phase":2,"pixelX":0,"pixelY":-4,"source":1,"timestamp":278058183}
{"angleX":0,"angleY":-55,"inverted":true,"phase":2,"pixelX":0,"pixelY":-5,"source":1,"timestamp":278058190}
{"angleX":0,"angleY":-53,"inverted":true,"phase":2,"pixelX":0,"pixelY":-4,"source":1,"timestamp":278058198}
{"angleX":0,"angleY":-61,"inverted":true,"phase":2,"pixelX":0,"pixelY":-5,"source":1,"timestamp":278058205}
{"angleX":0,"angleY":-67,"inverted":true,"phase":2,"pixelX":0,"pixelY":-6,"source":1,"timestamp":278058212}
{"angleX":0,"angleY":-63,"inverted":true,"phase":2,"pixelX":0,"pixelY":-5,"source":1,"timestamp":278058219}
{"angleX":0,"angleY":-67,"inverted":true,"phase":2,"pixelX":0,"pixelY":-6,"source":1,"timestamp":278058226}
{"angleX":0,"angleY":-73,"inverted":true,"phase":2,"pixelX":0,"pixelY":-6,"source":1,"timestamp":278058233}
{"angleX":0,"angleY":-75,"inverted":true,"phase":2,"pixelX":0,"pixelY":-6,"source":1,"timestamp":278058241}
{"angleX":0,"angleY":-71,"inverted":true,"phase":2,"pixelX":0,"pixelY":-6,"source":1,"timestamp":278058248}
{"angleX":0,"angleY":-69,"inverted":true,"phase":2,"pixelX":0,"pixelY":-6,"source":1,"timestamp":278058255}
{"angleX":0,"angleY":-67,"inverted":true,"phase":2,"pixelX":0,"pixelY":-6,"source":1,"timestamp":278058262}
{"angleX":0,"angleY":-65,"inverted":true,"phase":2,"pixelX":0,"pixelY":-5,"source":1,"timestamp":278058269}
{"angleX":0,"angleY":-67,"inverted":true,"phase":2,"pixelX":0,"pixelY":-6,"source":1,"timestamp":278058277}
{"angleX":0,"angleY":-65,"inverted":true,"phase":2,"pixelX":0,"pixelY":-5,"source":1,"timestamp":278058284}
{"angleX":0,"angleY":-73,"inverted":true,"phase":2,"pixelX":0,"pixelY":-6,"source":1,"timestamp":278058291}
{"angleX":0,"angleY":-71,"inverted":true,"phase":2,"pixelX":0,"pixelY":-6,"source":1,"timestamp":278058298}
{"angleX":0,"angleY":-81,"inverted":true,"phase":2,"pixelX":0,"pixelY":-7,"source":1,"timestamp":278058305}
{"angleX":0,"angleY":-77,"inverted":true,"phase":2,"pixelX":0,"pixelY":-6,"source":1,"timestamp":278058312}
{"angleX":0,"angleY":-81,"inverted":true,"phase":2,"pixelX":0,"pixelY":-7,"source":1,"timestamp":278058320}
{"angleX":0,"angleY":-81,"inverted":true,"phase":2,"pixelX":0,"pixelY":-7,"source":1,"timestamp":278058327}
{"angleX":0,"angleY":-81,"inverted":true,"phase":2,"pixelX":0,"pixelY":-7,"source":1,"timestamp":278058334}
{"angleX":0,"angleY":-81,"inverted":true,"phase":2,"pixelX":0,"pixelY":-6,"source":1,"timestamp":278058341}
{"angleX":0,"angleY":-73,"inverted":true,"phase":2,"pixelX":0,"pixelY":-7,"source":1,"timestamp":278058348}
{"angleX":0,"angleY":-63,"inverted":true,"phase":2,"pixelX":0,"pixelY":-5,"source":1,"timestamp":278058356}
{"angleX":0,"angleY":-65,"inverted":true,"phase":2,"pixelX":0,"pixelY":-5,"source":1,"timestamp":278058363}
{"angleX":0,"angleY":-61,"inverted":true,"phase":2,"pixelX":0,"pixelY":-5,"source":1,"timestamp":278058370}
{"angleX":0,"angleY":-63,"inverted":true,"phase":2,"pixelX":0,"pixelY":-6,"source":1,"timestamp":278058377}
{"angleX":0,"angleY":-67,"inverted":true,"phase":2,"pixelX":0,"pixelY":-5,"source":1,"timestamp":278058384}
{"angleX":0,"angleY":-65,"inverted":true,"phase":2,"pixelX":0,"pixelY":-6,"source":1,"timestamp":278058391}
{"angleX":0,"angleY":-69,"inverted":true,"phase":2,"pixelX":0,"pixelY":-5,"source":1,"timestamp":278058399}
{"angleX":0,"angleY":-65,"inverted":true,"phase":2,"pixelX":0,"pixelY":-6,"source":1,"timestamp":278058406}
{"angleX":0,"angleY":-57,"inverted":true,"phase":2,"pixelX":0,"pixelY":-5,"source":1,"timestamp":278058413}
{"angleX":0,"angleY":-55,"inverted":true,"phase":2,"pixelX":0,"pixelY":-4,"source":1,"timestamp":278058421}
{"angleX":0,"angleY":-51,"inverted":true,"phase":2,"pixelX":0,"pixelY":-4,"source":1,"timestamp":278058428}
{"angleX":0,"angleY":-53,"inverted":true,"phase":2,"pixelX":0,"pixelY":-5,"source":1,"timestamp":278058435}
{"angleX":0,"angleY":-57,"inverted":true,"phase":2,"pixelX":0,"pixelY":-5,"source":1,"timestamp":278058442}
{"angleX":0,"angleY":-63,"inverted":true,"phase":2,"pixelX":0,"pixelY":-5,"source":1,"timestamp":278058449}
{"angleX":0,"angleY":-63,"inverted":true,"phase":2,"pixelX":0,"pixelY":-5,"source":1,"timestamp":278058456}
{"angleX":0,"angleY":-71,"inverted":true,"phase":2,"pixelX":0,"pixelY":-6,"source":1,"timestamp":278058463}
{"angleX":0,"angleY":-77,"inverted":true,"phase":2,"pixelX":0,"pixelY":-6,"source":1,"timestamp":278058471}
{"angleX":0,"angleY":-90,"inverted":true,"phase":2,"pixelX":0,"pixelY":-8,"source":1,"timestamp":278058478}
{"angleX":0,"angleY":-100,"inverted":true,"phase":2,"pixelX":0,"pixelY":-8,"source":1,"timestamp":278058485}
{"angleX":0,"angleY":-104,"inverted":true,"phase":2,"pixelX":0,"pixelY":-9,"source":1,"timestamp":278058492}
{"angleX":0,"angleY":-106,"inverted":true,"phase":2,"pixelX":0,"pixelY":-9,"source":1,"timestamp":278058499}
{"angleX":0,"angleY":-100,"inverted":true,"phase":2,"pixelX":0,"pixelY":-8,"source":1,"timestamp":278058507}
{"angleX":0,"angleY":0,"inverted":true,"phase":3,"pixelX":0,"pixelY":0,"source":0,"timestamp":278058527}
{"angleX":0,"angleY":0,"inverted":true,"phase":3,"pixelX":0,"pixelY":0,"source":0,"timestamp":278058527}
{"angleX":0,"angleY":0,"inverted":false,"phase":1,"pixelX":0,"pixelY":0,"source":0,"timestamp":278058867}
{"angleX":0,"angleY":0,"inverted":false,"phase":1,"pixelX":0,"pixelY":0,"source":0,"timestamp":278058867}
{"angleX":0,"angleY":134,"inverted":true,"phase":2,"pixelX":0,"pixelY":11,"source":1,"timestamp":278058867}
{"angleX":0,"angleY":151,"inverted":true,"phase":2,"pixelX":0,"pixelY":13,"source":1,"timestamp":278058874}
{"angleX":0,"angleY":159,"inverted":true,"phase":2,"pixelX":0,"pixelY":13,"source":1,"timestamp":278058881}
{"angleX":0,"angleY":183,"inverted":true,"phase":2,"pixelX":0,"pixelY":15,"source":1,"timestamp":278058888}
{"angleX":0,"angleY":200,"inverted":true,"phase":2,"pixelX":0,"pixelY":17,"source":1,"timestamp":278058895}
{"angleX":0,"angleY":212,"inverted":true,"phase":2,"pixelX":0,"pixelY":18,"source":1,"timestamp":278058902}
{"angleX":0,"angleY":230,"inverted":true,"phase":2,"pixelX":0,"pixelY":19,"source":1,"timestamp":278058910}
{"angleX":0,"angleY":238,"inverted":true,"phase":2,"pixelX":0,"pixelY":20,"source":1,"timestamp":278058917}
{"angleX":0,"angleY":246,"inverted":true,"phase":2,"pixelX":0,"pixelY":20,"source":1,"timestamp":278058924}
{"angleX":0,"angleY":253,"inverted":true,"phase":2,"pixelX":0,"pixelY":21,"source":1,"timestamp":278058931}
{"angleX":0,"angleY":265,"inverted":true,"phase":2,"pixelX":0,"pixelY":22,"source":1,"timestamp":278058938}
{"angleX":0,"angleY":283,"inverted":true,"phase":2,"pixelX":0,"pixelY":24,"source":1,"timestamp":278058946}
{"angleX":0,"angleY":293,"inverted":true,"phase":2,"pixelX":0,"pixelY":24,"source":1,"timestamp":278058953}
{"angleX":0,"angleY":308,"inverted":true,"phase":2,"pixelX":0,"pixelY":26,"source":1,"timestamp":278058960}
{"angleX":0,"angleY":322,"inverted":true,"phase":2,"pixelX":0,"pixelY":27,"source":1,"timestamp":278058967}
{"angleX":0,"angleY":334,"inverted":true,"phase":2,"pixelX":0,"pixelY":28,"source":1,"timestamp":278058974}
{"angleX":0,"angleY":356,"inverted":true,"phase":2,"pixelX":0,"pixelY":29,"source":1,"timestamp":278058982}
{"angleX":0,"angleY":360,"inverted":true,"phase":2,"pixelX":0,"pixelY":30,"source":1,"timestamp":278058989}
{"angleX":0,"angleY":358,"inverted":true,"phase":2,"pixelX":0,"pixelY":30,"source":1,"timestamp":278058996}
{"angleX":0,"angleY":356,"inverted":true,"phase":2,"pixelX":0,"pixelY":30,"source":1,"timestamp":278059003}
{"angleX":0,"angleY":0,"inverted":true,"phase":3,"pixelX":0,"pixelY":0,"source":0,"timestamp":278059016}
{"angleX":0,"angleY":0,"inverted":true,"phase":3,"pixelX":0,"pixelY":0,"source":0,"timestamp":278059016}
{"angleX":0,"angleY":0,"inverted":false,"phase":1,"pixelX":0,"pixelY":0,"source":0,"timestamp":278059737}
{"angleX":0,"angleY":0,"inverted":false,"phase":1,"pixelX":0,"pixelY":0,"source":0,"timestamp":278059737}
{"angleX":0,"angleY":83,"inverted":true,"phase":2,"pixelX":0,"pixelY":7,"source":1,"timestamp":278059737}
{"angleX":0,"angleY":92,"inverted":true,"phase":2,"pixelX":0,"pixelY":8,"source":1,"timestamp":278059745}
{"angleX":0,"angleY":106,"inverted":true,"phase":2,"pixelX":0,"pixelY":8,"source":1,"timestamp":278059752}
{"angleX":0,"angleY":112,"inverted":true,"phase":2,"pixelX":0,"pixelY":10,"source":1,"timestamp":278059759}
{"angleX":0,"angleY":132,"inverted":true,"phase":2,"pixelX":0,"pixelY":11,"source":1,"timestamp":278059766}
{"angleX":0,"angleY":147,"inverted":true,"phase":2,"pixelX":0,"pixelY":12,"source":1,"timestamp":278059773}
{"angleX":0,"angleY":165,"inverted":true,"phase":2,"pixelX":0,"pixelY":14,"source":1,"timestamp":278059781}
{"angleX":0,"angleY":175,"inverted":true,"phase":2,"pixelX":0,"pixelY":14,"source":1,"timestamp":278059788}
{"angleX":0,"angleY":187,"inverted":true,"phase":2,"pixelX":0,"pixelY":16,"source":1,"timestamp":278059795}
{"angleX":0,"angleY":187,"inverted":true,"phase":2,"pixelX":0,"pixelY":16,"source":1,"timestamp":278059802}
{"angleX":0,"angleY":189,"inverted":true,"phase":2,"pixelX":0,"pixelY":15,"source":1,"timestamp":278059809}
{"angleX":0,"angleY":202,"inverted":true,"phase":2,"pixelX":0,"pixelY":17,"source":1,"timestamp":278059816}
{"angleX":0,"angleY":193,"inverted":true,"phase":2,"pixelX":0,"pixelY":16,"source":1,"timestamp":278059824}
{"angleX":0,"angleY":196,"inverted":true,"phase":2,"pixelX":0,"pixelY":17,"source":1,"timestamp":278059831}
{"angleX":0,"angleY":208,"inverted":true,"phase":2,"pixelX":0,"pixelY":17,"source":1,"timestamp":278059838}
{"angleX":0,"angleY":202,"inverted":true,"phase":2,"pixelX":0,"pixelY":17,"source":1,"timestamp":278059845}
{"angleX":0,"angleY":210,"inverted":true,"phase":2,"pixelX":0,"pixelY":17,"source":1,"timestamp":278059852}
{"angleX":0,"angleY":216,"inverted":true,"phase":2,"pixelX":0,"pixelY":18,"source":1,"timestamp":278059860}
{"angleX":0,"angleY":216,"inverted":true,"phase":2,"pixelX":0,"pixelY":18,"source":1,"timestamp":278059867}
{"angleX":0,"angleY":226,"inverted":true,"phase":2,"pixelX":0,"pixelY":19,"source":1,"timestamp":278059874}
{"angleX":0,"angleY":216,"inverted":true,"phase":2,"pixelX":0,"pixelY":18,"source":1,"timestamp":278059881}
{"angleX":0,"angleY":234,"inverted":true,"phase":2,"pixelX":0,"pixelY":19,"source":1,"timestamp":278059888}
{"angleX":0,"angleY":226,"inverted":true,"phase":2,"pixelX":0,"pixelY":19,"source":1,"timestamp":278059896}
{"angleX":0,"angleY":228,"inverted":true,"phase":2,"pixelX":0,"pixelY":19,"source":1,"timestamp":278059903}
{"angleX":0,"angleY":234,"inverted":true,"phase":2,"pixelX":0,"pixelY":20,"source":1,"timestamp":278059910}
{"angleX":0,"angleY":240,"inverted":true,"phase":2,"pixelX":0,"pixelY":20,"source":1,"timestamp":278059917}
{"angleX":0,"angleY":242,"inverted":true,"phase":2,"pixelX":0,"pixelY":20,"source":1,"timestamp":278059924}
{"angleX":0,"angleY":251,"inverted":true,"phase":2,"pixelX":0,"pixelY":21,"source":1,"timestamp":278059931}
{"angleX":0,"angleY":259,"inverted":true,"phase":2,"pixelX":0,"pixelY":21,"source":1,"timestamp":278059938}
{"angleX":0,"angleY":0,"inverted":true,"phase":3,"pixelX":0,"pixelY":0,"source":0,"timestamp":278059945}
{"angleX":0,"angleY":0,"inverted":true,"phase":3,"pixelX":0,"pixelY":0,"source":0,"timestamp":278059945}
{"angleX":0,"angleY":0,"inverted":false,"phase":1,"pixelX":0,"pixelY":0,"source":0,"timestamp":278060551}
{"angleX":0,"angleY":0,"inverted":false,"phase":1,"pixelX":0,"pixelY":0,"source":0,"timestamp":278060551}
{"angleX":0,"angleY":-106,"inverted":true,"phase":2,"pixelX":0,"pixelY":-9,"source":1,"timestamp":278060551}
{"angleX":0,"angleY":-128,"inverted":true,"phase":2,"pixelX":0,"pixelY":-11,"source":1,"timestamp":278060558}
{"angleX":0,"angleY":-159,"inverted":true,"phase":2,"pixelX":0,"pixelY":-13,"source":1,"timestamp":278060565}
{"angleX":0,"angleY":-171,"inverted":true,"phase":2,"pixelX":0,"pixelY":-14,"source":1,"timestamp":278060572}
{"angleX":0,"angleY":-193,"inverted":true,"phase":2,"pixelX":0,"pixelY":-16,"source":1,"timestamp":278060579}
{"angleX":0,"angleY":-208,"inverted":true,"phase":2,"pixelX":0,"pixelY":-17,"source":1,"timestamp":278060587}
{"angleX":0,"angleY":-222,"inverted":true,"phase":2,"pixelX":0,"pixelY":-19,"source":1,"timestamp":278060594}
{"angleX":0,"angleY":-236,"inverted":true,"phase":2,"pixelX":0,"pixelY":-20,"source":1,"timestamp":278060601}
{"angleX":0,"angleY":-244,"inverted":true,"phase":2,"pixelX":0,"pixelY":-20,"source":1,"timestamp":278060608}
{"angleX":0,"angleY":-259,"inverted":true,"phase":2,"pixelX":0,"pixelY":-22,"source":1,"timestamp":278060615}
{"angleX":0,"angleY":-267,"inverted":true,"phase":2,"pixelX":0,"pixelY":-22,"source":1,"timestamp":278060623}
{"angleX":0,"angleY":-287,"inverted":true,"phase":2,"pixelX":0,"pixelY":-24,"source":1,"timestamp":278060630}
{"angleX":0,"angleY":-295,"inverted":true,"phase":2,"pixelX":0,"pixelY":-24,"source":1,"timestamp":278060637}
{"angleX":0,"angleY":-312,"inverted":true,"phase":2,"pixelX":0,"pixelY":-26,"source":1,"timestamp":278060644}
{"angleX":0,"angleY":-334,"inverted":true,"phase":2,"pixelX":0,"pixelY":-28,"source":1,"timestamp":278060651}
{"angleX":0,"angleY":-338,"inverted":true,"phase":2,"pixelX":0,"pixelY":-28,"source":1,"timestamp":278060658}
{"angleX":0,"angleY":-348,"inverted":true,"phase":2,"pixelX":0,"pixelY":-29,"source":1,"timestamp":278060666}
{"angleX":0,"angleY":-352,"inverted":true,"phase":2,"pixelX":0,"pixelY":-30,"source":1,"timestamp":278060673}
{"angleX":0,"angleY":-348,"inverted":true,"phase":2,"pixelX":0,"pixelY":-29,"source":1,"timestamp":278060680}
{"angleX":0,"angleY":0,"inverted":true,"phase":3,"pixelX":0,"pixelY":0,"source":0,"timestamp":278060715}
{"angleX":0,"angleY":0,"inverted":true,"phase":3,"pixelX":0,"pixelY":0,"source":0,"timestamp":278060715}
{"angleX":0,"angleY":0,"inverted":false,"phase":1,"pixelX":0,"pixelY":0,"source":0,"timestamp":278061184}
{"angleX":0,"angleY":0,"inverted":false,"phase":1,"pixelX":0,"pixelY":0,"source":0,"timestamp":278061184}
{"angleX":0,"angleY":-222,"inverted":true,"phase":2,"pixelX":0,"pixelY":-19,"source":1,"timestamp":278061184}
{"angleX":0,"angleY":-242,"inverted":true,"phase":2,"pixelX":0,"pixelY":-20,"source":1,"timestamp":278061191}
{"angleX":0,"angleY":-261,"inverted":true,"phase":2,"pixelX":0,"pixelY":-21,"source":1,"timestamp":278061198}
{"angleX":0,"angleY":-279,"inverted":true,"phase":2,"pixelX":0,"pixelY":-24,"source":1,"timestamp":278061206}
{"angleX":0,"angleY":-305,"inverted":true,"phase":2,"pixelX":0,"pixelY":-25,"source":1,"timestamp":278061213}
{"angleX":0,"angleY":-324,"inverted":true,"phase":2,"pixelX":0,"pixelY":-27,"source":1,"timestamp":278061220}
{"angleX":0,"angleY":-346,"inverted":true,"phase":2,"pixelX":0,"pixelY":-29,"source":1,"timestamp":278061227}
{"angleX":0,"angleY":-365,"inverted":true,"phase":2,"pixelX":0,"pixelY":-30,"source":1,"timestamp":278061235}
{"angleX":0,"angleY":-377,"inverted":true,"phase":2,"pixelX":0,"pixelY":-32,"source":1,"timestamp":278061242}
{"angleX":0,"angleY":-377,"inverted":true,"phase":2,"pixelX":0,"pixelY":-31,"source":1,"timestamp":278061249}
{"angleX":0,"angleY":-379,"inverted":true,"phase":2,"pixelX":0,"pixelY":-32,"source":1,"timestamp":278061256}
{"angleX":0,"angleY":-375,"inverted":true,"phase":2,"pixelX":0,"pixelY":-31,"source":1,"timestamp":278061263}
{"angleX":0,"angleY":-373,"inverted":true,"phase":2,"pixelX":0,"pixelY":-31,"source":1,"timestamp":278061270}
{"angleX":0,"angleY":-350,"inverted":true,"phase":2,"pixelX":0,"pixelY":-29,"source":1,"timestamp":278061278}
{"angleX":0,"angleY":-328,"inverted":true,"phase":2,"pixelX":0,"pixelY":-27,"source":1,"timestamp":278061285}
{"angleX":0,"angleY":-303,"inverted":true,"phase":2,"pixelX":0,"pixelY":-26,"source":1,"timestamp":278061292}
{"angleX":0,"angleY":-244,"inverted":true,"phase":2,"pixelX":0,"pixelY":-20,"source":1,"timestamp":278061299}
{"angleX":0,"angleY":0,"inverted":true,"phase":3,"pixelX":0,"pixelY":0,"source":0,"timestamp":278061312}
{"angleX":0,"angleY":0,"inverted":true,"phase":3,"pixelX":0,"pixelY":0,"source":0,"timestamp":278061312}
{"angleX":0,"angleY":0,"inverted":false,"phase":1,"pixelX":0,"pixelY":0,"source":0,"timestamp":278061933}
{"angleX":0,"angleY":0,"inverted":false,"phase":1,"pixelX":0,"pixelY":0,"source":0,"timestamp":278061933}
{"angleX":0,"angleY":171,"inverted":true,"phase":2,"pixelX":0,"pixelY":14,"source":1,"timestamp":278061933}
{"angleX":0,"angleY":210,"inverted":true,"phase":2,"pixelX":0,"pixelY":18,"source":1,"timestamp":278061940}
{"angleX":0,"angleY":244,"inverted":true,"phase":2,"pixelX":0,"pixelY":20,"source":1,"timestamp":278061947}
{"angleX":0,"angleY":287,"inverted":true,"phase":2,"pixelX":0,"pixelY":24,"source":1,"timestamp":278061954}
{"angleX":0,"angleY":334,"inverted":true,"phase":2,"pixelX":0,"pixelY":28,"source":1,"timestamp":278061961}
{"angleX":0,"angleY":383,"inverted":true,"phase":2,"pixelX":0,"pixelY":32,"source":1,"timestamp":278061969}
{"angleX":0,"angleY":411,"inverted":true,"phase":2,"pixelX":0,"pixelY":34,"source":1,"timestamp":278061976}
{"angleX":0,"angleY":438,"inverted":true,"phase":2,"pixelX":0,"pixelY":37,"source":1,"timestamp":278061983}
{"angleX":0,"angleY":470,"inverted":true,"phase":2,"pixelX":0,"pixelY":39,"source":1,"timestamp":278061990}
{"angleX":0,"angleY":509,"inverted":true,"phase":2,"pixelX":0,"pixelY":42,"source":1,"timestamp":278061997}
{"angleX":0,"angleY":536,"inverted":true,"phase":2,"pixelX":0,"pixelY":45,"source":1,"timestamp":278062004}
{"angleX":0,"angleY":595,"inverted":true,"phase":2,"pixelX":0,"pixelY":49,"source":1,"timestamp":278062012}
{"angleX":0,"angleY":637,"inverted":true,"phase":2,"pixelX":0,"pixelY":53,"source":1,"timestamp":278062019}
{"angleX":0,"angleY":0,"inverted":true,"phase":3,"pixelX":0,"pixelY":0,"source":0,"timestamp":278062039}
{"angleX":0,"angleY":0,"inverted":true,"phase":3,"pixelX":0,"pixelY":0,"source":0,"timestamp":278062039}
{"angleX":0,"angleY":0,"inverted":false,"phase":1,"pixelX":0,"pixelY":0,"source":0,"timestamp":278062465}
{"angleX":0,"angleY":0,"inverted":false,"phase":1,"pixelX":0,"pixelY":0,"source":0,"timestamp":278062465}
{"angleX":0,"angleY":236,"inverted":true,"phase":2,"pixelX":0,"pixelY":20,"source":1,"timestamp":278062465}
{"angleX":0,"angleY":297,"inverted":true,"phase":2,"pixelX":0,"pixelY":24,"source":1,"timestamp":278062473}
{"angleX":0,"angleY":362,"inverted":true,"phase":2,"pixelX":0,"pixelY":31,"source":1,"timestamp":278062480}
{"angleX":0,"angleY":415,"inverted":true,"phase":2,"pixelX":0,"pixelY":34,"source":1,"timestamp":278062487}
{"angleX":0,"angleY":497,"inverted":true,"phase":2,"pixelX":0,"pixelY":42,"source":1,"timestamp":278062494}
{"angleX":0,"angleY":597,"inverted":true,"phase":2,"pixelX":0,"pixelY":49,"source":1,"timestamp":278062501}
{"angleX":0,"angleY":723,"inverted":true,"phase":2,"pixelX":0,"pixelY":61,"source":1,"timestamp":278062508}
{"angleX":0,"angleY":839,"inverted":true,"phase":2,"pixelX":0,"pixelY":70,"source":1,"timestamp":278062516}
{"angleX":0,"angleY":951,"inverted":true,"phase":2,"pixelX":0,"pixelY":79,"source":1,"timestamp":278062523}
{"angleX":0,"angleY":1006,"inverted":true,"phase":2,"pixelX":0,"pixelY":84,"source":1,"timestamp":278062530}
{"angleX":0,"angleY":0,"inverted":true,"phase":3,"pixelX":0,"pixelY":0,"source":0,"timestamp":278062536}
{"angleX":0,"angleY":0,"inverted":true,"phase":3,"pixelX":0,"pixelY":0,"source":0,"timestamp":278062536}
{"angleX":0,"angleY":0,"inverted":false,"phase":1,"pixelX":0,"pixelY":0,"source":0,"timestamp":278063200}
{"angleX":0,"angleY":0,"inverted":false,"phase":1,"pixelX":0,"pixelY":0,"source":0,"timestamp":278063200}
{"angleX":0,"angleY":-120,"inverted":true,"phase":2,"pixelX":0,"pixelY":-10,"source":1,"timestamp":278063200}
{"angleX":0,"angleY":-161,"inverted":true,"phase":2,"pixelX":0,"pixelY":-13,"source":1,"timestamp":278063207}
{"angleX":0,"angleY":-200,"inverted":true,"phase":2,"pixelX":0,"pixelY":-17,"source":1,"timestamp":278063214}
{"angleX":0,"angleY":-238,"inverted":true,"phase":2,"pixelX":0,"pixelY":-20,"source":1,"timestamp":278063221}
{"angleX":0,"angleY":-267,"inverted":true,"phase":2,"pixelX":0,"pixelY":-22,"source":1,"timestamp":278063228}
{"angleX":0,"angleY":-310,"inverted":true,"phase":2,"pixelX":0,"pixelY":-26,"source":1,"timestamp":278063235}
{"angleX":0,"angleY":-350,"inverted":true,"phase":2,"pixelX":0,"pixelY":-29,"source":1,"timestamp":278063243}
{"angleX":0,"angleY":-403,"inverted":true,"phase":2,"pixelX":0,"pixelY":-34,"source":1,"timestamp":278063250}
{"angleX":0,"angleY":-442,"inverted":true,"phase":2,"pixelX":0,"pixelY":-37,"source":1,"timestamp":278063257}
{"angleX":0,"angleY":-515,"inverted":true,"phase":2,"pixelX":0,"pixelY":-42,"source":1,"timestamp":278063264}
{"angleX":0,"angleY":-597,"inverted":true,"phase":2,"pixelX":0,"pixelY":-50,"source":1,"timestamp":278063271}
{"angleX":0,"angleY":0,"inverted":true,"phase":3,"pixelX":0,"pixelY":0,"source":0,"timestamp":278063285}
{"angleX":0,"angleY":0,"inverted":true,"phase":3,"pixelX":0,"pixelY":0,"source":0,"timestamp":278063285}
{"angleX":0,"angleY":0,"inverted":false,"phase":1,"pixelX":0,"pixelY":0,"source":0,"timestamp":278063905}
{"angleX":0,"angleY":0,"inverted":false,"phase":1,"pixelX":0,"pixelY":0,"source":0,"timestamp":278063905}
{"angleX":0,"angleY":-228,"inverted":true,"phase":2,"pixelX":0,"pixelY":-19,"source":1,"timestamp":278063905}
{"angleX":0,"angleY":-301,"inverted":true,"phase":2,"pixelX":0,"pixelY":-25,"source":1,"timestamp":278063912}
{"angleX":0,"angleY":-383,"inverted":true,"phase":2,"pixelX":0,"pixelY":-32,"source":1,"timestamp":278063919}
{"angleX":0,"angleY":-436,"inverted":true,"phase":2,"pixelX":0,"pixelY":-36,"source":1,"timestamp":278063927}
{"angleX":0,"angleY":-489,"inverted":true,"phase":2,"pixelX":0,"pixelY":-41,"source":1,"timestamp":278063934}
{"angleX":0,"angleY":-548,"inverted":true,"phase":2,"pixelX":0,"pixelY":-46,"source":1,"timestamp":278063941}
{"angleX":0,"angleY":-570,"inverted":true,"phase":2,"pixelX":0,"pixelY":-47,"source":1,"timestamp":278063948}
{"angleX":0,"angleY":-566,"inverted":true,"phase":2,"pixelX":0,"pixelY":-47,"source":1,"timestamp":278063955}
{"angleX":0,"angleY":-556,"inverted":true,"phase":2,"pixelX":0,"pixelY":-47,"source":1,"timestamp":278063963}
{"angleX":0,"angleY":-532,"inverted":true,"phase":2,"pixelX":0,"pixelY":-44,"source":1,"timestamp":278063970}
{"angleX":0,"angleY":-454,"inverted":true,"phase":2,"pixelX":0,"pixelY":-38,"source":1,"timestamp":278063977}
{"angleX":0,"angleY":0,"inverted":true,"phase":3,"pixelX":0,"pixelY":0,"source":0,"timestamp":278063990}
{"angleX":0,"angleY":0,"inverted":true,"phase":3,"pixelX":0,"pixelY":0,"source":0,"timestamp":278063990}
{"angleX":0,"angleY":0,"inverted":false,"phase":1,"pixelX":0,"pixelY":0,"source":0,"timestamp":278064517}
{"angleX":0,"angleY":0,"inverted":false,"phase":1,"pixelX":0,"pixelY":0,"source":0,"timestamp":278064517}
{"angleX":0,"angleY":-322,"inverted":true,"phase":2,"pixelX":0,"pixelY":-27,"source":1,"timestamp":278064517}
{"angleX":0,"angleY":-403,"inverted":true,"phase":2,"pixelX":0,"pixelY":-33,"source":1,"timestamp":278064524}
{"angleX":0,"angleY":-456,"inverted":true,"phase":2,"pixelX":0,"pixelY":-38,"source":1,"timestamp":278064531}
{"angleX":0,"angleY":-503,"inverted":true,"phase":2,"pixelX":0,"pixelY":-42,"source":1,"timestamp":278064539}
{"angleX":0,"angleY":-566,"inverted":true,"phase":2,"pixelX":0,"pixelY":-48,"source":1,"timestamp":278064546}
{"angleX":0,"angleY":-601,"inverted":true,"phase":2,"pixelX":0,"pixelY":-50,"source":1,"timestamp":278064553}
{"angleX":0,"angleY":-635,"inverted":true,"phase":2,"pixelX":0,"pixelY":-53,"source":1,"timestamp":278064560}
{"angleX":0,"angleY":0,"inverted":true,"phase":3,"pixelX":0,"pixelY":0,"source":0,"timestamp":278064566}
{"angleX":0,"angleY":0,"inverted":true,"phase":3,"pixelX":0,"pixelY":0,"source":0,"timestamp":278064566}
{"angleX":0,"angleY":0,"inverted":false,"phase":1,"pixelX":0,"pixelY":0,"source":0,"timestamp":278065079}
{"angleX":0,"angleY":0,"inverted":false,"phase":1,"pixelX":0,"pixelY":0,"source":0,"timestamp":278065079}
{"angleX":0,"angleY":228,"inverted":true,"phase":2,"pixelX":0,"pixelY":19,"source":1,"timestamp":278065079}
{"angleX":0,"angleY":303,"inverted":true,"phase":2,"pixelX":0,"pixelY":25,"source":1,"timestamp":278065086}
{"angleX":0,"angleY":389,"inverted":true,"phase":2,"pixelX":0,"pixelY":33,"source":1,"timestamp":278065093}
{"angleX":0,"angleY":523,"inverted":true,"phase":2,"pixelX":0,"pixelY":43,"source":1,"timestamp":278065101}
{"angleX":0,"angleY":723,"inverted":true,"phase":2,"pixelX":0,"pixelY":61,"source":1,"timestamp":278065107}
{"angleX":0,"angleY":994,"inverted":true,"phase":2,"pixelX":0,"pixelY":82,"source":1,"timestamp":278065115}
{"angleX":0,"angleY":0,"inverted":true,"phase":3,"pixelX":0,"pixelY":0,"source":0,"timestamp":278065121}
{"angleX":0,"angleY":0,"inverted":true,"phase":3,"pixelX":0,"pixelY":0,"source":0,"timestamp":278065121}
{"angleX":0,"angleY":0,"inverted":false,"phase":1,"pixelX":0,"pixelY":0,"source":0,"timestamp":278065691}
{"angleX":0,"angleY":0,"inverted":false,"phase":1,"pixelX":0,"pixelY":0,"source":0,"timestamp":278065691}
{"angleX":0,"angleY":185,"inverted":true,"phase":2,"pixelX":0,"pixelY":15,"source":1,"timestamp":278065691}
{"angleX":0,"angleY":255,"inverted":true,"phase":2,"pixelX":0,"pixelY":22,"source":1,"timestamp":278065698}
{"angleX":0,"angleY":326,"inverted":true,"phase":2,"pixelX":0,"pixelY":27,"source":1,"timestamp":278065705}
{"angleX":0,"angleY":413,"inverted":true,"phase":2,"pixelX":0,"pixelY":34,"source":1,"timestamp":278065712}
{"angleX":0,"angleY":546,"inverted":true,"phase":2,"pixelX":0,"pixelY":46,"source":1,"timestamp":278065719}
{"angleX":0,"angleY":660,"inverted":true,"phase":2,"pixelX":0,"pixelY":55,"source":1,"timestamp":278065727}
{"angleX":0,"angleY":806,"inverted":true,"phase":2,"pixelX":0,"pixelY":67,"source":1,"timestamp":278065734}
{"angleX":0,"angleY":874,"inverted":true,"phase":2,"pixelX":0,"pixelY":73,"source":1,"timestamp":278065741}
{"angleX":0,"angleY":872,"inverted":true,"phase":2,"pixelX":0,"pixelY":72,"source":1,"timestamp":278065748}
{"angleX":0,"angleY":0,"inverted":true,"phase":3,"pixelX":0,"pixelY":0,"source":0,"timestamp":278065754}
{"angleX":0,"angleY":0,"inverted":true,"phase":3,"pixelX":0,"pixelY":0,"source":0,"timestamp":278065754}
{"angleX":0,"angleY":0,"inverted":false,"phase":1,"pixelX":0,"pixelY":0,"source":0,"timestamp":278066332}
{"angleX":0,"angleY":0,"inverted":false,"phase":1,"pixelX":0,"pixelY":0,"source":0,"timestamp":278066332}
{"angleX":0,"angleY":204,"inverted":true,"phase":2,"pixelX":0,"pixelY":17,"source":1,"timestamp":278066332}
{"angleX":0,"angleY":255,"inverted":true,"phase":2,"pixelX":0,"pixelY":21,"source":1,"timestamp":278066339}
{"angleX":0,"angleY":312,"inverted":true,"phase":2,"pixelX":0,"pixelY":26,"source":1,"timestamp":278066346}
{"angleX":0,"angleY":362,"inverted":true,"phase":2,"pixelX":0,"pixelY":30,"source":1,"timestamp":278066353}
{"angleX":0,"angleY":407,"inverted":true,"phase":2,"pixelX":0,"pixelY":34,"source":1,"timestamp":278066360}
{"angleX":0,"angleY":464,"inverted":true,"phase":2,"pixelX":0,"pixelY":39,"source":1,"timestamp":278066367}
{"angleX":0,"angleY":495,"inverted":true,"phase":2,"pixelX":0,"pixelY":41,"source":1,"timestamp":278066374}
{"angleX":0,"angleY":493,"inverted":true,"phase":2,"pixelX":0,"pixelY":41,"source":1,"timestamp":278066382}
{"angleX":0,"angleY":0,"inverted":true,"phase":3,"pixelX":0,"pixelY":0,"source":0,"timestamp":278066417}
{"angleX":0,"angleY":0,"inverted":true,"phase":3,"pixelX":0,"pixelY":0,"source":0,"timestamp":278066417}
{"angleX":0,"angleY":0,"inverted":false,"phase":1,"pixelX":0,"pixelY":0,"source":0,"timestamp":278067397}
{"angleX":0,"angleY":0,"inverted":false,"phase":1,"pixelX":0,"pixelY":0,"source":0,"timestamp":278067397}
{"angleX":0,"angleY":-53,"inverted":true,"phase":2,"pixelX":0,"pixelY":-4,"source":1,"timestamp":278067397}
{"angleX":0,"angleY":-49,"inverted":true,"phase":2,"pixelX":0,"pixelY":-4,"source":1,"timestamp":278067404}
{"angleX":0,"angleY":-41,"inverted":true,"phase":2,"pixelX":0,"pixelY":-4,"source":1,"timestamp":278067412}
{"angleX":0,"angleY":-35,"inverted":true,"phase":2,"pixelX":0,"pixelY":-3,"source":1,"timestamp":278067419}
{"angleX":0,"angleY":-33,"inverted":true,"phase":2,"pixelX":0,"pixelY":-2,"source":1,"timestamp":278067426}
{"angleX":0,"angleY":-24,"inverted":true,"phase":2,"pixelX":0,"pixelY":-3,"source":1,"timestamp":278067433}
{"angleX":0,"angleY":-18,"inverted":true,"phase":2,"pixelX":0,"pixelY":-1,"source":1,"timestamp":278067440}
{"angleX":0,"angleY":-14,"inverted":true,"phase":2,"pixelX":0,"pixelY":-1,"source":1,"timestamp":278067447}
{"angleX":0,"angleY":-10,"inverted":true,"phase":2,"pixelX":0,"pixelY":-1,"source":1,"timestamp":278067455}
{"angleX":0,"angleY":-2,"inverted":true,"phase":2,"pixelX":0,"pixelY":0,"source":1,"timestamp":278067462}
{"angleX":0,"angleY":-4,"inverted":true,"phase":2,"pixelX":0,"pixelY":-1,"source":1,"timestamp":278067469}
{"angleX":0,"angleY":-4,"inverted":true,"phase":2,"pixelX":0,"pixelY":0,"source":1,"timestamp":278067476}
{"angleX":0,"angleY":-2,"inverted":true,"phase":2,"pixelX":0,"pixelY":0,"source":1,"timestamp":278067483}
{"angleX":0,"angleY":-4,"inverted":true,"phase":2,"pixelX":0,"pixelY":0,"source":1,"timestamp":278067498}
{"angleX":0,"angleY":-6,"inverted":true,"phase":2,"pixelX":0,"pixelY":-1,"source":1,"timestamp":278067505}
{"angleX":0,"angleY":-8,"inverted":true,"phase":2,"pixelX":0,"pixelY":-1,"source":1,"timestamp":278067512}
{"angleX":0,"angleY":-8,"inverted":true,"phase":2,"pixelX":0,"pixelY":0,"source":1,"timestamp":278067519}
{"angleX":0,"angleY":-16,"inverted":true,"phase":2,"pixelX":0,"pixelY":-2,"source":1,"timestamp":278067526}
{"angleX":0,"angleY":-10,"inverted":true,"phase":2,"pixelX":0,"pixelY":-1,"source":1,"timestamp":278067534}
{"angleX":0,"angleY":-14,"inverted":true,"phase":2,"pixelX":0,"pixelY":-1,"source":1,"timestamp":278067541}
{"angleX":0,"angleY":-14,"inverted":true,"phase":2,"pixelX":0,"pixelY":-1,"source":1,"timestamp":278067548}
{"angleX":0,"angleY":-18,"inverted":true,"phase":2,"pixelX":0,"pixelY":-1,"source":1,"timestamp":278067555}
{"angleX":0,"angleY":-14,"inverted":true,"phase":2,"pixelX":0,"pixelY":-2,"source":1,"timestamp":278067562}
{"angleX":0,"angleY":-10,"inverted":true,"phase":2,"pixelX":0,"pixelY":0,"source":1,"timestamp":278067570}
{"angleX":0,"angleY":-4,"inverted":true,"phase":2,"pixelX":0,"pixelY":-1,"source":1,"timestamp":278067577}
{"angleX":0,"angleY":-2,"inverted":true,"phase":2,"pixelX":0,"pixelY":0,"source":1,"timestamp":278067584}
{"angleX":0,"angleY":-2,"inverted":true,"phase":2,"pixelX":0,"pixelY":0,"source":1,"timestamp":278067591}
{"angleX":0,"angleY":-6,"inverted":true,"phase":2,"pixelX":0,"pixelY":-1,"source":1,"timestamp":278067598}
{"angleX":0,"angleY":-20,"inverted":true,"phase":2,"pixelX":0,"pixelY":-1,"source":1,"timestamp":278067606}
{"angleX":0,"angleY":-29,"inverted":true,"phase":2,"pixelX":0,"pixelY":-3,"source":1,"timestamp":278067613}
{"angleX":0,"angleY":-20,"inverted":true,"phase":2,"pixelX":0,"pixelY":-1,"source":1,"timestamp":278067620}
{"angleX":0,"angleY":-16,"inverted":true,"phase":2,"pixelX":0,"pixelY":-2,"source":1,"timestamp":278067627}
{"angleX":0,"angleY":-12,"inverted":true,"phase":2,"pixelX":0,"pixelY":-1,"source":1,"timestamp":278067634}
{"angleX":0,"angleY":-18,"inverted":true,"phase":2,"pixelX":0,"pixelY":-1,"source":1,"timestamp":278067642}
{"angleX":0,"angleY":-22,"inverted":true,"phase":2,"pixelX":0,"pixelY":-2,"source":1,"timestamp":278067649}
{"angleX":0,"angleY":-14,"inverted":true,"phase":2,"pixelX":0,"pixelY":-1,"source":1,"timestamp":278067656}
{"angleX":0,"angleY":-6,"inverted":true,"phase":2,"pixelX":0,"pixelY":-1,"source":1,"timestamp":278067663}
{"angleX":0,"angleY":-8,"inverted":true,"phase":2,"pixelX":0,"pixelY":-1,"source":1,"timestamp":278067670}
{"angleX":0,"angleY":-14,"inverted":true,"phase":2,"pixelX":0,"pixelY":-1,"source":1,"timestamp":278067678}
{"angleX":0,"angleY":-22,"inverted":true,"phase":2,"pixelX":0,"pixelY":-2,"source":1,"timestamp":278067685}
{"angleX":0,"angleY":-20,"inverted":true,"phase":2,"pixelX":0,"pixelY":-1,"source":1,"timestamp":278067692}
{"angleX":0,"angleY":-16,"inverted":true,"phase":2,"pixelX":0,"pixelY":-2,"source":1,"timestamp":278067699}
{"angleX":0,"angleY":-12,"inverted":true,"phase":2,"pixelX":0,"pixelY":-1,"source":1,"timestamp":278067706}
{"angleX":0,"angleY":-16,"inverted":true,"phase":2,"pixelX":0,"pixelY":-1,"source":1,"timestamp":278067714}
{"angleX":0,"angleY":-29,"inverted":true,"phase":2,"pixelX":0,"pixelY":-2,"source":1,"timestamp":278067721}
{"angleX":0,"angleY":-22,"inverted":true,"phase":2,"pixelX":0,"pixelY":-2,"source":1,"timestamp":278067728}
{"angleX":0,"angleY":-16,"inverted":true,"phase":2,"pixelX":0,"pixelY":-2,"source":1,"timestamp":278067735}
{"angleX":0,"angleY":-14,"inverted":true,"phase":2,"pixelX":0,"pixelY":-1,"source":1,"timestamp":278067742}
{"angleX":0,"angleY":-14,"inverted":true,"phase":2,"pixelX":0,"pixelY":-1,"source":1,"timestamp":278067749}
{"angleX":0,"angleY":-10,"inverted":true,"phase":2,"pixelX":0,"pixelY":-1,"source":1,"timestamp":278067757}
{"angleX":0,"angleY":-20,"inverted":true,"phase":2,"pixelX":0,"pixelY":-2,"source":1,"timestamp":278067764}
{"angleX":0,"angleY":-24,"inverted":true,"phase":2,"pixelX":0,"pixelY":-2,"source":1,"timestamp":278067771}
{"angleX":0,"angleY":-26,"inverted":true,"phase":2,"pixelX":0,"pixelY":-2,"source":1,"timestamp":278067778}
{"angleX":0,"angleY":-22,"inverted":true,"phase":2,"pixelX":0,"pixelY":-2,"source":1,"timestamp":278067785}
{"angleX":0,"angleY":-29,"inverted":true,"phase":2,"pixelX":0,"pixelY":-2,"source":1,"timestamp":278067793}
{"angleX":0,"angleY":-29,"inverted":true,"phase":2,"pixelX":0,"pixelY":-2,"source":1,"timestamp":278067800}
{"angleX":0,"angleY":-31,"inverted":true,"phase":2,"pixelX":0,"pixelY":-3,"source":1,"timestamp":278067807}
{"angleX":0,"angleY":-26,"inverted":true,"phase":2,"pixelX":0,"pixelY":-2,"source":1,"timestamp":278067814}
{"angleX":0,"angleY":-24,"inverted":true,"phase":2,"pixelX":0,"pixelY":-2,"source":1,"timestamp":278067821}
{"angleX":0,"angleY":-31,"inverted":true,"phase":2,"pixelX":0,"pixelY":-3,"source":1,"timestamp":278067828}
{"angleX":0,"angleY":-24,"inverted":true,"phase":2,"pixelX":0,"pixelY":-2,"source":1,"timestamp":278067836}
{"angleX":0,"angleY":-22,"inverted":true,"phase":2,"pixelX":0,"pixelY":-2,"source":1,"timestamp":278067843}
{"angleX":0,"angleY":-24,"inverted":true,"phase":2,"pixelX":0,"pixelY":-2,"source":1,"timestamp":278067850}
{"angleX":0,"angleY":-18,"inverted":true,"phase":2,"pixelX":0,"pixelY":-1,"source":1,"timestamp":278067857}
{"angleX":0,"angleY":-22,"inverted":true,"phase":2,"pixelX":0,"pixelY":-2,"source":1,"timestamp":278067864}
{"angleX":0,"angleY":-24,"inverted":true,"phase":2,"pixelX":0,"pixelY":-2,"source":1,"timestamp":278067871}
{"angleX":0,"angleY":-22,"inverted":true,"phase":2,"pixelX":0,"pixelY":-2,"source":1,"timestamp":278067879}
{"angleX":0,"angleY":-22,"inverted":true,"phase":2,"pixelX":0,"pixelY":-2,"source":1,"timestamp":278067886}
{"angleX":0,"angleY":-26,"inverted":true,"phase":2,"pixelX":0,"pixelY":-2,"source":1,"timestamp":278067893}
{"angleX":0,"angleY":-20,"inverted":true,"phase":2,"pixelX":0,"pixelY":-2,"source":1,"timestamp":278067900}
{"angleX":0,"angleY":-24,"inverted":true,"phase":2,"pixelX":0,"pixelY":-2,"source":1,"timestamp":278067907}
{"angleX":0,"angleY":-22,"inverted":true,"phase":2,"pixelX":0,"pixelY":-2,"source":1,"timestamp":278067915}
{"angleX":0,"angleY":-20,"inverted":true,"phase":2,"pixelX":0,"pixelY":-1,"source":1,"timestamp":278067922}
{"angleX":0,"angleY":-20,"inverted":true,"phase":2,"pixelX":0,"pixelY":-2,"source":1,"timestamp":278067929}
{"angleX":0,"angleY":-22,"inverted":true,"phase":2,"pixelX":0,"pixelY":-2,"source":1,"timestamp":278067937}
{"angleX":0,"angleY":-16,"inverted":true,"phase":2,"pixelX":0,"pixelY":-1,"source":1,"timestamp":278067943}
{"angleX":0,"angleY":-14,"inverted":true,"phase":2,"pixelX":0,"pixelY":-1,"source":1,"timestamp":278067951}
{"angleX":0,"angleY":-14,"inverted":true,"phase":2,"pixelX":0,"pixelY":-2,"source":1,"timestamp":278067958}
{"angleX":0,"angleY":-12,"inverted":true,"phase":2,"pixelX":0,"pixelY":-1,"source":1,"timestamp":278067965}
{"angleX":0,"angleY":-10,"inverted":true,"phase":2,"pixelX":0,"pixelY":-1,"source":1,"timestamp":278067972}
{"angleX":0,"angleY":-8,"inverted":true,"phase":2,"pixelX":0,"pixelY":0,"source":1,"timestamp":278067979}
{"angleX":0,"angleY":-10,"inverted":true,"phase":2,"pixelX":0,"pixelY":-1,"source":1,"timestamp":278067986}
{"angleX":0,"angleY":-4,"inverted":true,"phase":2,"pixelX":0,"pixelY":0,"source":1,"timestamp":278067994}
{"angleX":0,"angleY":-2,"inverted":true,"phase":2,"pixelX":0,"pixelY":-1,"source":1,"timestamp":278068001}
{"angleX":0,"angleY":-2,"inverted":true,"phase":2,"pixelX":0,"pixelY":0,"source":1,"timestamp":278068008}
{"angleX":0,"angleY":-2,"inverted":true,"phase":2,"pixelX":0,"pixelY":0,"source":1,"timestamp":278068073}
{"angleX":0,"angleY":-2,"inverted":true,"phase":2,"pixelX":0,"pixelY":0,"source":1,"timestamp":278068274}
{"angleX":0,"angleY":-4,"inverted":true,"phase":2,"pixelX":0,"pixelY":0,"source":1,"timestamp":278068281}
{"angleX":0,"angleY":-4,"inverted":true,"phase":2,"pixelX":0,"pixelY":-1,"source":1,"timestamp":278068289}
{"angleX":0,"angleY":-4,"inverted":true,"phase":2,"pixelX":0,"pixelY":0,"source":1,"timestamp":278068296}
{"angleX":0,"angleY":-2,"inverted":true,"phase":2,"pixelX":0,"pixelY":0,"source":1,"timestamp":278068310}
{"angleX":0,"angleY":-2,"inverted":true,"phase":2,"pixelX":0,"pixelY":0,"source":1,"timestamp":278068317}
{"angleX":0,"angleY":-6,"inverted":true,"phase":2,"pixelX":0,"pixelY":-1,"source":1,"timestamp":278068324}
{"angleX":0,"angleY":-6,"inverted":true,"phase":2,"pixelX":0,"pixelY":0,"source":1,"timestamp":278068332}
{"angleX":0,"angleY":-4,"inverted":true,"phase":2,"pixelX":0,"pixelY":-1,"source":1,"timestamp":278068339}
{"angleX":0,"angleY":-4,"inverted":true,"phase":2,"pixelX":0,"pixelY":0,"source":1,"timestamp":278068346}
{"angleX":0,"angleY":-8,"inverted":true,"phase":2,"pixelX":0,"pixelY":-1,"source":1,"timestamp":278068353}
{"angleX":0,"angleY":-16,"inverted":true,"phase":2,"pixelX":0,"pixelY":-1,"source":1,"timestamp":278068361}
{"angleX":0,"angleY":-22,"inverted":true,"phase":2,"pixelX":0,"pixelY":-2,"source":1,"timestamp":278068368}
{"angleX":0,"angleY":-12,"inverted":true,"phase":2,"pixelX":0,"pixelY":-1,"source":1,"timestamp":278068375}
{"angleX":0,"angleY":-8,"inverted":true,"phase":2,"pixelX":0,"pixelY":-1,"source":1,"timestamp":278068382}
{"angleX":0,"angleY":-6,"inverted":true,"phase":2,"pixelX":0,"pixelY":0,"source":1,"timestamp":278068389}
{"angleX":0,"angleY":-4,"inverted":true,"phase":2,"pixelX":0,"pixelY":-1,"source":1,"timestamp":278068396}
{"angleX":0,"angleY":-4,"inverted":true,"phase":2,"pixelX":0,"pixelY":0,"source":1,"timestamp":278068404}
{"angleX":0,"angleY":-2,"inverted":true,"phase":2,"pixelX":0,"pixelY":0,"source":1,"timestamp":278068418}
{"angleX":0,"angleY":-2,"inverted":true,"phase":2,"pixelX":0,"pixelY":0,"source":1,"timestamp":278068425}
{"angleX":0,"angleY":-4,"inverted":true,"phase":2,"pixelX":0,"pixelY":-1,"source":1,"timestamp":278068432}
{"angleX":0,"angleY":-2,"inverted":true,"phase":2,"pixelX":0,"pixelY":0,"source":1,"timestamp":278068440}
{"angleX":0,"angleY":-2,"inverted":true,"phase":2,"pixelX":0,"pixelY":0,"source":1,"timestamp":278068447}
{"angleX":0,"angleY":-2,"inverted":true,"phase":2,"pixelX":0,"pixelY":0,"source":1,"timestamp":278068483}
{"angleX":0,"angleY":-2,"inverted":true,"phase":2,"pixelX":0,"pixelY":0,"source":1,"timestamp":278068497}
{"angleX":0,"angleY":-2,"inverted":true,"phase":2,"pixelX":0,"pixelY":0,"source":1,"timestamp":278068504}
{"angleX":0,"angleY":-2,"inverted":true,"phase":2,"pixelX":0,"pixelY":-1,"source":1,"timestamp":278068512}
{"angleX":0,"angleY":-14,"inverted":true,"phase":2,"pixelX":0,"pixelY":-1,"source":1,"timestamp":278068519}
{"angleX":0,"angleY":-16,"inverted":true,"phase":2,"pixelX":0,"pixelY":-1,"source":1,"timestamp":278068526}
{"angleX":0,"angleY":-6,"inverted":true,"phase":2,"pixelX":0,"pixelY":-1,"source":1,"timestamp":278068533}
{"angleX":0,"angleY":-4,"inverted":true,"phase":2,"pixelX":0,"pixelY":0,"source":1,"timestamp":278068540}
{"angleX":0,"angleY":-8,"inverted":true,"phase":2,"pixelX":0,"pixelY":-1,"source":1,"timestamp":278068547}
{"angleX":0,"angleY":-16,"inverted":true,"phase":2,"pixelX":0,"pixelY":-1,"source":1,"timestamp":278068555}
{"angleX":0,"angleY":-24,"inverted":true,"phase":2,"pixelX":0,"pixelY":-2,"source":1,"timestamp":278068562}
{"angleX":0,"angleY":-33,"inverted":true,"phase":2,"pixelX":0,"pixelY":-3,"source":1,"timestamp":278068569}
{"angleX":0,"angleY":-35,"inverted":true,"phase":2,"pixelX":0,"pixelY":-3,"source":1,"timestamp":278068576}
{"angleX":0,"angleY":-39,"inverted":true,"phase":2,"pixelX":0,"pixelY":-3,"source":1,"timestamp":278068584}
{"angleX":0,"angleY":-41,"inverted":true,"phase":2,"pixelX":0,"pixelY":-3,"source":1,"timestamp":278068591}
{"angleX":0,"angleY":-43,"inverted":true,"phase":2,"pixelX":0,"pixelY":-4,"source":1,"timestamp":278068598}
{"angleX":0,"angleY":-35,"inverted":true,"phase":2,"pixelX":0,"pixelY":-3,"source":1,"timestamp":278068605}
{"angleX":0,"angleY":-33,"inverted":true,"phase":2,"pixelX":0,"pixelY":-2,"source":1,"timestamp":278068612}
{"angleX":0,"angleY":-26,"inverted":true,"phase":2,"pixelX":0,"pixelY":-3,"source":1,"timestamp":278068619}
{"angleX":0,"angleY":-20,"inverted":true,"phase":2,"pixelX":0,"pixelY":-1,"source":1,"timestamp":278068626}
{"angleX":0,"angleY":0,"inverted":true,"phase":3,"pixelX":0,"pixelY":0,"source":0,"timestamp":278068640}
{"angleX":0,"angleY":0,"inverted":true,"phase":3,"pixelX":0,"pixelY":0,"source":0,"timestamp":278068640}
{"angleX":0,"angleY":0,"inverted":false,"phase":1,"pixelX":0,"pixelY":0,"source":0,"timestamp":278070462}
{"angleX":0,"angleY":0,"inverted":false,"phase":1,"pixelX":0,"pixelY":0,"source":0,"timestamp":278070462}
{"angleX":0,"angleY":-41,"inverted":true,"phase":2,"pixelX":0,"pixelY":-3,"source":1,"timestamp":278070462}
{"angleX":0,"angleY":-47,"inverted":true,"phase":2,"pixelX":0,"pixelY":-4,"source":1,"timestamp":278070470}
{"angleX":0,"angleY":-43,"inverted":true,"phase":2,"pixelX":0,"pixelY":-4,"source":1,"timestamp":278070477}
{"angleX":0,"angleY":-45,"inverted":true,"phase":2,"pixelX":0,"pixelY":-4,"source":1,"timestamp":278070484}
{"angleX":0,"angleY":-51,"inverted":true,"phase":2,"pixelX":0,"pixelY":-4,"source":1,"timestamp":278070491}
{"angleX":0,"angleY":-51,"inverted":true,"phase":2,"pixelX":0,"pixelY":-4,"source":1,"timestamp":278070498}
{"angleX":0,"angleY":-53,"inverted":true,"phase":2,"pixelX":0,"pixelY":-4,"source":1,"timestamp":278070506}
{"angleX":0,"angleY":-47,"inverted":true,"phase":2,"pixelX":0,"pixelY":-4,"source":1,"timestamp":278070513}
{"angleX":0,"angleY":-51,"inverted":true,"phase":2,"pixelX":0,"pixelY":-5,"source":1,"timestamp":278070520}
{"angleX":0,"angleY":-49,"inverted":true,"phase":2,"pixelX":0,"pixelY":-4,"source":1,"timestamp":278070527}
{"angleX":0,"angleY":-41,"inverted":true,"phase":2,"pixelX":0,"pixelY":-3,"source":1,"timestamp":278070534}
{"angleX":0,"angleY":-41,"inverted":true,"phase":2,"pixelX":0,"pixelY":-4,"source":1,"timestamp":278070542}
{"angleX":0,"angleY":-35,"inverted":true,"phase":2,"pixelX":0,"pixelY":-2,"source":1,"timestamp":278070549}
{"angleX":0,"angleY":-35,"inverted":true,"phase":2,"pixelX":0,"pixelY":-3,"source":1,"timestamp":278070556}
{"angleX":0,"angleY":-26,"inverted":true,"phase":2,"pixelX":0,"pixelY":-2,"source":1,"timestamp":278070563}
{"angleX":0,"angleY":-33,"inverted":true,"phase":2,"pixelX":0,"pixelY":-3,"source":1,"timestamp":278070570}
{"angleX":0,"angleY":-33,"inverted":true,"phase":2,"pixelX":0,"pixelY":-3,"source":1,"timestamp":278070578}
{"angleX":0,"angleY":-31,"inverted":true,"phase":2,"pixelX":0,"pixelY":-2,"source":1,"timestamp":278070585}
{"angleX":0,"angleY":-35,"inverted":true,"phase":2,"pixelX":0,"pixelY":-3,"source":1,"timestamp":278070592}
{"angleX":0,"angleY":-37,"inverted":true,"phase":2,"pixelX":0,"pixelY":-3,"source":1,"timestamp":278070599}
{"angleX":0,"angleY":-35,"inverted":true,"phase":2,"pixelX":0,"pixelY":-3,"source":1,"timestamp":278070606}
{"angleX":0,"angleY":-37,"inverted":true,"phase":2,"pixelX":0,"pixelY":-3,"source":1,"timestamp":278070614}
{"angleX":0,"angleY":-35,"inverted":true,"phase":2,"pixelX":0,"pixelY":-3,"source":1,"timestamp":278070621}
{"angleX":0,"angleY":-35,"inverted":true,"phase":2,"pixelX":0,"pixelY":-3,"source":1,"timestamp":278070628}
{"angleX":0,"angleY":-33,"inverted":true,"phase":2,"pixelX":0,"pixelY":-3,"source":1,"timestamp":278070635}
{"angleX":0,"angleY":-37,"inverted":true,"phase":2,"pixelX":0,"pixelY":-3,"source":1,"timestamp":278070642}
{"angleX":0,"angleY":-35,"inverted":true,"phase":2,"pixelX":0,"pixelY":-3,"source":1,"timestamp":278070650}
{"angleX":0,"angleY":-37,"inverted":true,"phase":2,"pixelX":0,"pixelY":-3,"source":1,"timestamp":278070657}
{"angleX":0,"angleY":-37,"inverted":true,"phase":2,"pixelX":0,"pixelY":-3,"source":1,"timestamp":278070664}
{"angleX":0,"angleY":-39,"inverted":true,"phase":2,"pixelX":0,"pixelY":-3,"source":1,"timestamp":278070671}
{"angleX":0,"angleY":-41,"inverted":true,"phase":2,"pixelX":0,"pixelY":-3,"source":1,"timestamp":278070678}
{"angleX":0,"angleY":-35,"inverted":true,"phase":2,"pixelX":0,"pixelY":-3,"source":1,"timestamp":278070685}
{"angleX":0,"angleY":-41,"inverted":true,"phase":2,"pixelX":0,"pixelY":-4,"source":1,"timestamp":278070693}
{"angleX":0,"angleY":-45,"inverted":true,"phase":2,"pixelX":0,"pixelY":-4,"source":1,"timestamp":278070700}
{"angleX":0,"angleY":-39,"inverted":true,"phase":2,"pixelX":0,"pixelY":-3,"source":1,"timestamp":278070707}
{"angleX":0,"angleY":-45,"inverted":true,"phase":2,"pixelX":0,"pixelY":-3,"source":1,"timestamp":278070714}
{"angleX":0,"angleY":-47,"inverted":true,"phase":2,"pixelX":0,"pixelY":-4,"source":1,"timestamp":278070721}
{"angleX":0,"angleY":-43,"inverted":true,"phase":2,"pixelX":0,"pixelY":-4,"source":1,"timestamp":278070728}
{"angleX":0,"angleY":0,"inverted":true,"phase":3,"pixelX":0,"pixelY":0,"source":0,"timestamp":278070742}
{"angleX":0,"angleY":0,"inverted":true,"phase":3,"pixelX":0,"pixelY":0,"source":0,"timestamp":278070742}
{"angleX":0,"angleY":0,"inverted":false,"phase":1,"pixelX":0,"pixelY":0,"source":0,"timestamp":278071982}
{"angleX":0,"angleY":0,"inverted":false,"phase":1,"pixelX":0,"pixelY":0,"source":0,"timestamp":278071982}
{"angleX":0,"angleY":-20,"inverted":true,"phase":2,"pixelX":0,"pixelY":-2,"source":1,"timestamp":278071982}
{"angleX":0,"angleY":-16,"inverted":true,"phase":2,"pixelX":0,"pixelY":-1,"source":1,"timestamp":278071989}
{"angleX":0,"angleY":-18,"inverted":true,"phase":2,"pixelX":0,"pixelY":-2,"source":1,"timestamp":278071996}
{"angleX":0,"angleY":-18,"inverted":true,"phase":2,"pixelX":0,"pixelY":-1,"source":1,"timestamp":278072003}
{"angleX":0,"angleY":-14,"inverted":true,"phase":2,"pixelX":0,"pixelY":-1,"source":1,"timestamp":278072010}
{"angleX":0,"angleY":-24,"inverted":true,"phase":2,"pixelX":0,"pixelY":-2,"source":1,"timestamp":278072018}
{"angleX":0,"angleY":-22,"inverted":true,"phase":2,"pixelX":0,"pixelY":-2,"source":1,"timestamp":278072025}
{"angleX":0,"angleY":-22,"inverted":true,"phase":2,"pixelX":0,"pixelY":-2,"source":1,"timestamp":278072032}
{"angleX":0,"angleY":-22,"inverted":true,"phase":2,"pixelX":0,"pixelY":-2,"source":1,"timestamp":278072039}
{"angleX":0,"angleY":-24,"inverted":true,"phase":2,"pixelX":0,"pixelY":-2,"source":1,"timestamp":278072046}
{"angleX":0,"angleY":-26,"inverted":true,"phase":2,"pixelX":0,"pixelY":-2,"source":1,"timestamp":278072054}
{"angleX":0,"angleY":-24,"inverted":true,"phase":2,"pixelX":0,"pixelY":-2,"source":1,"timestamp":278072061}
{"angleX":0,"angleY":-22,"inverted":true,"phase":2,"pixelX":0,"pixelY":-2,"source":1,"timestamp":278072068}
{"angleX":0,"angleY":-22,"inverted":true,"phase":2,"pixelX":0,"pixelY":-2,"source":1,"timestamp":278072075}
{"angleX":0,"angleY":-18,"inverted":true,"phase":2,"pixelX":0,"pixelY":-1,"source":1,"timestamp":278072082}
{"angleX":0,"angleY":-24,"inverted":true,"phase":2,"pixelX":0,"pixelY":-3,"source":1,"timestamp":278072090}
{"angleX":0,"angleY":-18,"inverted":true,"phase":2,"pixelX":0,"pixelY":-1,"source":1,"timestamp":278072097}
{"angleX":0,"angleY":-20,"inverted":true,"phase":2,"pixelX":0,"pixelY":-2,"source":1,"timestamp":278072104}
{"angleX":0,"angleY":-20,"inverted":true,"phase":2,"pixelX":0,"pixelY":-1,"source":1,"timestamp":278072111}
{"angleX":0,"angleY":-20,"inverted":true,"phase":2,"pixelX":0,"pixelY":-2,"source":1,"timestamp":278072118}
{"angleX":0,"angleY":-20,"inverted":true,"phase":2,"pixelX":0,"pixelY":-2,"source":1,"timestamp":278072126}
{"angleX":0,"angleY":-31,"inverted":true,"phase":2,"pixelX":0,"pixelY":-2,"source":1,"timestamp":278072133}
{"angleX":0,"angleY":-31,"inverted":true,"phase":2,"pixelX":0,"pixelY":-3,"source":1,"timestamp":278072140}
{"angleX":0,"angleY":-33,"inverted":true,"phase":2,"pixelX":0,"pixelY":-3,"source":1,"timestamp":278072147}
{"angleX":0,"angleY":-31,"inverted":true,"phase":2,"pixelX":0,"pixelY":-2,"source":1,"timestamp":278072154}
{"angleX":0,"angleY":-37,"inverted":true,"phase":2,"pixelX":0,"pixelY":-3,"source":1,"timestamp":278072162}
{"angleX":0,"angleY":-39,"inverted":true,"phase":2,"pixelX":0,"pixelY":-3,"source":1,"timestamp":278072169}
{"angleX":0,"angleY":-37,"inverted":true,"phase":2,"pixelX":0,"pixelY":-4,"source":1,"timestamp":278072176}
{"angleX":0,"angleY":-41,"inverted":true,"phase":2,"pixelX":0,"pixelY":-3,"source":1,"timestamp":278072183}
{"angleX":0,"angleY":-39,"inverted":true,"phase":2,"pixelX":0,"pixelY":-3,"source":1,"timestamp":278072190}
{"angleX":0,"angleY":-37,"inverted":true,"phase":2,"pixelX":0,"pixelY":-3,"source":1,"timestamp":278072198}
{"angleX":0,"angleY":-41,"inverted":true,"phase":2,"pixelX":0,"pixelY":-4,"source":1,"timestamp":278072205}
{"angleX":0,"angleY":-39,"inverted":true,"phase":2,"pixelX":0,"pixelY":-3,"source":1,"timestamp":278072212}
{"angleX":0,"angleY":-39,"inverted":true,"phase":2,"pixelX":0,"pixelY":-3,"source":1,"timestamp":278072219}
{"angleX":0,"angleY":-39,"inverted":true,"phase":2,"pixelX":0,"pixelY":-3,"source":1,"timestamp":278072226}
{"angleX":0,"angleY":-35,"inverted":true,"phase":2,"pixelX":0,"pixelY":-3,"source":1,"timestamp":278072234}
{"angleX":0,"angleY":-39,"inverted":true,"phase":2,"pixelX":0,"pixelY":-3,"source":1,"timestamp":278072241}
{"angleX":0,"angleY":-39,"inverted":true,"phase":2,"pixelX":0,"pixelY":-4,"source":1,"timestamp":278072248}
{"angleX":0,"angleY":-37,"inverted":true,"phase":2,"pixelX":0,"pixelY":-3,"source":1,"timestamp":278072255}
{"angleX":0,"angleY":-37,"inverted":true,"phase":2,"pixelX":0,"pixelY":-3,"source":1,"timestamp":278072262}
{"angleX":0,"angleY":-35,"inverted":true,"phase":2,"pixelX":0,"pixelY":-3,"source":1,"timestamp":278072269}
{"angleX":0,"angleY":-35,"inverted":true,"phase":2,"pixelX":0,"pixelY":-2,"source":1,"timestamp":278072277}
{"angleX":0,"angleY":-41,"inverted":true,"phase":2,"pixelX":0,"pixelY":-4,"source":1,"timestamp":278072284}
{"angleX":0,"angleY":-39,"inverted":true,"phase":2,"pixelX":0,"pixelY":-3,"source":1,"timestamp":278072291}
{"angleX":0,"angleY":-35,"inverted":true,"phase":2,"pixelX":0,"pixelY":-3,"source":1,"timestamp":278072298}
{"angleX":0,"angleY":-39,"inverted":true,"phase":2,"pixelX":0,"pixelY":-3,"source":1,"timestamp":278072305}
{"angleX":0,"angleY":-37,"inverted":true,"phase":2,"pixelX":0,"pixelY":-3,"source":1,"timestamp":278072313}
{"angleX":0,"angleY":-41,"inverted":true,"phase":2,"pixelX":0,"pixelY":-4,"source":1,"timestamp":278072320}
{"angleX":0,"angleY":-35,"inverted":true,"phase":2,"pixelX":0,"pixelY":-3,"source":1,"timestamp":278072327}
{"angleX":0,"angleY":-37,"inverted":true,"phase":2,"pixelX":0,"pixelY":-3,"source":1,"timestamp":278072334}
{"angleX":0,"angleY":-35,"inverted":true,"phase":2,"pixelX":0,"pixelY":-2,"source":1,"timestamp":278072341}
{"angleX":0,"angleY":-37,"inverted":true,"phase":2,"pixelX":0,"pixelY":-4,"source":1,"timestamp":278072349}
{"angleX":0,"angleY":-35,"inverted":true,"phase":2,"pixelX":0,"pixelY":-2,"source":1,"timestamp":278072356}
{"angleX":0,"angleY":-39,"inverted":true,"phase":2,"pixelX":0,"pixelY":-4,"source":1,"timestamp":278072363}
{"angleX":0,"angleY":-39,"inverted":true,"phase":2,"pixelX":0,"pixelY":-3,"source":1,"timestamp":278072370}
{"angleX":0,"angleY":-47,"inverted":true,"phase":2,"pixelX":0,"pixelY":-4,"source":1,"timestamp":278072377}
{"angleX":0,"angleY":-57,"inverted":true,"phase":2,"pixelX":0,"pixelY":-4,"source":1,"timestamp":278072385}
{"angleX":0,"angleY":-67,"inverted":true,"phase":2,"pixelX":0,"pixelY":-6,"source":1,"timestamp":278072392}
{"angleX":0,"angleY":-65,"inverted":true,"phase":2,"pixelX":0,"pixelY":-6,"source":1,"timestamp":278072399}
{"angleX":0,"angleY":-67,"inverted":true,"phase":2,"pixelX":0,"pixelY":-5,"source":1,"timestamp":278072406}
{"angleX":0,"angleY":0,"inverted":true,"phase":3,"pixelX":0,"pixelY":0,"source":0,"timestamp":278072427}
{"angleX":0,"angleY":0,"inverted":true,"phase":3,"pixelX":0,"pixelY":0,"source":0,"timestamp":278072427}
{"angleX":0,"angleY":0,"inverted":false,"phase":1,"pixelX":0,"pixelY":0,"source":0,"timestamp":278072975}
{"angleX":0,"angleY":0,"inverted":false,"phase":1,"pixelX":0,"pixelY":0,"source":0,"timestamp":278072975}
{"angleX":0,"angleY":-51,"inverted":true,"phase":2,"pixelX":0,"pixelY":-4,"source":1,"timestamp":278072975}
{"angleX":0,"angleY":-47,"inverted":true,"phase":2,"pixelX":0,"pixelY":-4,"source":1,"timestamp":278072982}
{"angleX":0,"angleY":-45,"inverted":true,"phase":2,"pixelX":0,"pixelY":-4,"source":1,"timestamp":278072989}
{"angleX":0,"angleY":-51,"inverted":true,"phase":2,"pixelX":0,"pixelY":-4,"source":1,"timestamp":278072997}
{"angleX":0,"angleY":-57,"inverted":true,"phase":2,"pixelX":0,"pixelY":-5,"source":1,"timestamp":278073004}
{"angleX":0,"angleY":-57,"inverted":true,"phase":2,"pixelX":0,"pixelY":-5,"source":1,"timestamp":278073011}
{"angleX":0,"angleY":-65,"inverted":true,"phase":2,"pixelX":0,"pixelY":-5,"source":1,"timestamp":278073018}
{"angleX":0,"angleY":-69,"inverted":true,"phase":2,"pixelX":0,"pixelY":-6,"source":1,"timestamp":278073025}
{"angleX":0,"angleY":-69,"inverted":true,"phase":2,"pixelX":0,"pixelY":-6,"source":1,"timestamp":278073032}
{"angleX":0,"angleY":-63,"inverted":true,"phase":2,"pixelX":0,"pixelY":-5,"source":1,"timestamp":278073040}
{"angleX":0,"angleY":-67,"inverted":true,"phase":2,"pixelX":0,"pixelY":-5,"source":1,"timestamp":278073047}
{"angleX":0,"angleY":-73,"inverted":true,"phase":2,"pixelX":0,"pixelY":-7,"source":1,"timestamp":278073054}
{"angleX":0,"angleY":-73,"inverted":true,"phase":2,"pixelX":0,"pixelY":-6,"source":1,"timestamp":278073061}
{"angleX":0,"angleY":-75,"inverted":true,"phase":2,"pixelX":0,"pixelY":-6,"source":1,"timestamp":278073068}
{"angleX":0,"angleY":-75,"inverted":true,"phase":2,"pixelX":0,"pixelY":-6,"source":1,"timestamp":278073076}
{"angleX":0,"angleY":-81,"inverted":true,"phase":2,"pixelX":0,"pixelY":-7,"source":1,"timestamp":278073083}
{"angleX":0,"angleY":-75,"inverted":true,"phase":2,"pixelX":0,"pixelY":-6,"source":1,"timestamp":278073090}
{"angleX":0,"angleY":-79,"inverted":true,"phase":2,"pixelX":0,"pixelY":-7,"source":1,"timestamp":278073097}
{"angleX":0,"angleY":-83,"inverted":true,"phase":2,"pixelX":0,"pixelY":-7,"source":1,"timestamp":278073104}
{"angleX":0,"angleY":-88,"inverted":true,"phase":2,"pixelX":0,"pixelY":-7,"source":1,"timestamp":278073112}
{"angleX":0,"angleY":-88,"inverted":true,"phase":2,"pixelX":0,"pixelY":-7,"source":1,"timestamp":278073119}
{"angleX":0,"angleY":-86,"inverted":true,"phase":2,"pixelX":0,"pixelY":-8,"source":1,"timestamp":278073126}
{"angleX":0,"angleY":-79,"inverted":true,"phase":2,"pixelX":0,"pixelY":-6,"source":1,"timestamp":278073133}
{"angleX":0,"angleY":-73,"inverted":true,"phase":2,"pixelX":0,"pixelY":-6,"source":1,"timestamp":278073140}
{"angleX":0,"angleY":-63,"inverted":true,"phase":2,"pixelX":0,"pixelY":-6,"source":1,"timestamp":278073147}
{"angleX":0,"angleY":-61,"inverted":true,"phase":2,"pixelX":0,"pixelY":-5,"source":1,"timestamp":278073155}
{"angleX":0,"angleY":-53,"inverted":true,"phase":2,"pixelX":0,"pixelY":-4,"source":1,"timestamp":278073162}
{"angleX":0,"angleY":-49,"inverted":true,"phase":2,"pixelX":0,"pixelY":-4,"source":1,"timestamp":278073169}
{"angleX":0,"angleY":-43,"inverted":true,"phase":2,"pixelX":0,"pixelY":-4,"source":1,"timestamp":278073176}
{"angleX":0,"angleY":0,"inverted":true,"phase":3,"pixelX":0,"pixelY":0,"source":0,"timestamp":278073183}
{"angleX":0,"angleY":0,"inverted":true,"phase":3,"pixelX":0,"pixelY":0,"source":0,"timestamp":278073183}
{"angleX":0,"angleY":0,"inverted":false,"phase":1,"pixelX":0,"pixelY":0,"source":0,"timestamp":278073824}
{"angleX":0,"angleY":0,"inverted":false,"phase":1,"pixelX":0,"pixelY":0,"source":0,"timestamp":278073824}
{"angleX":0,"angleY":-65,"inverted":true,"phase":2,"pixelX":0,"pixelY":-5,"source":1,"timestamp":278073824}
{"angleX":0,"angleY":-71,"inverted":true,"phase":2,"pixelX":0,"pixelY":-6,"source":1,"timestamp":278073831}
{"angleX":0,"angleY":-69,"inverted":true,"phase":2,"pixelX":0,"pixelY":-6,"source":1,"timestamp":278073839}
{"angleX":0,"angleY":-71,"inverted":true,"phase":2,"pixelX":0,"pixelY":-6,"source":1,"timestamp":278073846}
{"angleX":0,"angleY":-69,"inverted":true,"phase":2,"pixelX":0,"pixelY":-6,"source":1,"timestamp":278073853}
{"angleX":0,"angleY":-75,"inverted":true,"phase":2,"pixelX":0,"pixelY":-6,"source":1,"timestamp":278073860}
{"angleX":0,"angleY":-79,"inverted":true,"phase":2,"pixelX":0,"pixelY":-7,"source":1,"timestamp":278073867}
{"angleX":0,"angleY":-81,"inverted":true,"phase":2,"pixelX":0,"pixelY":-7,"source":1,"timestamp":278073875}
{"angleX":0,"angleY":-81,"inverted":true,"phase":2,"pixelX":0,"pixelY":-6,"source":1,"timestamp":278073882}
{"angleX":0,"angleY":-83,"inverted":true,"phase":2,"pixelX":0,"pixelY":-7,"source":1,"timestamp":278073889}
{"angleX":0,"angleY":-79,"inverted":true,"phase":2,"pixelX":0,"pixelY":-7,"source":1,"timestamp":278073896}
{"angleX":0,"angleY":-96,"inverted":true,"phase":2,"pixelX":0,"pixelY":-8,"source":1,"timestamp":278073903}
{"angleX":0,"angleY":-100,"inverted":true,"phase":2,"pixelX":0,"pixelY":-8,"source":1,"timestamp":278073910}
{"angleX":0,"angleY":-100,"inverted":true,"phase":2,"pixelX":0,"pixelY":-9,"source":1,"timestamp":278073918}
{"angleX":0,"angleY":-92,"inverted":true,"phase":2,"pixelX":0,"pixelY":-7,"source":1,"timestamp":278073925}
{"angleX":0,"angleY":-94,"inverted":true,"phase":2,"pixelX":0,"pixelY":-8,"source":1,"timestamp":278073932}
{"angleX":0,"angleY":-94,"inverted":true,"phase":2,"pixelX":0,"pixelY":-8,"source":1,"timestamp":278073939}
{"angleX":0,"angleY":-98,"inverted":true,"phase":2,"pixelX":0,"pixelY":-8,"source":1,"timestamp":278073946}
{"angleX":0,"angleY":-90,"inverted":true,"phase":2,"pixelX":0,"pixelY":-7,"source":1,"timestamp":278073954}
{"angleX":0,"angleY":-79,"inverted":true,"phase":2,"pixelX":0,"pixelY":-7,"source":1,"timestamp":278073961}
{"angleX":0,"angleY":-67,"inverted":true,"phase":2,"pixelX":0,"pixelY":-6,"source":1,"timestamp":278073968}
{"angleX":0,"angleY":-57,"inverted":true,"phase":2,"pixelX":0,"pixelY":-4,"source":1,"timestamp":278073975}
{"angleX":0,"angleY":-53,"inverted":true,"phase":2,"pixelX":0,"pixelY":-5,"source":1,"timestamp":278073982}
{"angleX":0,"angleY":-49,"inverted":true,"phase":2,"pixelX":0,"pixelY":-4,"source":1,"timestamp":278073990}
{"angleX":0,"angleY":-53,"inverted":true,"phase":2,"pixelX":0,"pixelY":-4,"source":1,"timestamp":278073997}
{"angleX":0,"angleY":-55,"inverted":true,"phase":2,"pixelX":0,"pixelY":-5,"source":1,"timestamp":278074004}
{"angleX":0,"angleY":-69,"inverted":true,"phase":2,"pixelX":0,"pixelY":-6,"source":1,"timestamp":278074011}
{"angleX":0,"angleY":0,"inverted":true,"phase":3,"pixelX":0,"pixelY":0,"source":0,"timestamp":278074024}
{"angleX":0,"angleY":0,"inverted":true,"phase":3,"pixelX":0,"pixelY":0,"source":0,"timestamp":278074024}
{"angleX":0,"angleY":0,"inverted":false,"phase":1,"pixelX":0,"pixelY":0,"source":0,"timestamp":278074385}
{"angleX":0,"angleY":0,"inverted":false,"phase":1,"pixelX":0,"pixelY":0,"source":0,"timestamp":278074385}
{"angleX":0,"angleY":51,"inverted":true,"phase":2,"pixelX":0,"pixelY":4,"source":1,"timestamp":278074385}
{"angleX":0,"angleY":49,"inverted":true,"phase":2,"pixelX":0,"pixelY":4,"source":1,"timestamp":278074393}
{"angleX":0,"angleY":49,"inverted":true,"phase":2,"pixelX":0,"pixelY":4,"source":1,"timestamp":278074400}
{"angleX":0,"angleY":43,"inverted":true,"phase":2,"pixelX":0,"pixelY":4,"source":1,"timestamp":278074407}
{"angleX":0,"angleY":41,"inverted":true,"phase":2,"pixelX":0,"pixelY":3,"source":1,"timestamp":278074414}
{"angleX":0,"angleY":37,"inverted":true,"phase":2,"pixelX":0,"pixelY":3,"source":1,"timestamp":278074421}
{"angleX":0,"angleY":37,"inverted":true,"phase":2,"pixelX":0,"pixelY":3,"source":1,"timestamp":278074429}
{"angleX":0,"angleY":33,"inverted":true,"phase":2,"pixelX":0,"pixelY":3,"source":1,"timestamp":278074436}
{"angleX":0,"angleY":37,"inverted":true,"phase":2,"pixelX":0,"pixelY":3,"source":1,"timestamp":278074443}
{"angleX":0,"angleY":43,"inverted":true,"phase":2,"pixelX":0,"pixelY":4,"source":1,"timestamp":278074450}
{"angleX":0,"angleY":49,"inverted":true,"phase":2,"pixelX":0,"pixelY":4,"source":1,"timestamp":278074457}
{"angleX":0,"angleY":59,"inverted":true,"phase":2,"pixelX":0,"pixelY":5,"source":1,"timestamp":278074465}
{"angleX":0,"angleY":65,"inverted":true,"phase":2,"pixelX":0,"pixelY":5,"source":1,"timestamp":278074472}
{"angleX":0,"angleY":81,"inverted":true,"phase":2,"pixelX":0,"pixelY":7,"source":1,"timestamp":278074479}
{"angleX":0,"angleY":90,"inverted":true,"phase":2,"pixelX":0,"pixelY":7,"source":1,"timestamp":278074486}
{"angleX":0,"angleY":102,"inverted":true,"phase":2,"pixelX":0,"pixelY":9,"source":1,"timestamp":278074493}
{"angleX":0,"angleY":108,"inverted":true,"phase":2,"pixelX":0,"pixelY":9,"source":1,"timestamp":278074500}
{"angleX":0,"angleY":110,"inverted":true,"phase":2,"pixelX":0,"pixelY":9,"source":1,"timestamp":278074508}
{"angleX":0,"angleY":118,"inverted":true,"phase":2,"pixelX":0,"pixelY":10,"source":1,"timestamp":278074515}
{"angleX":0,"angleY":120,"inverted":true,"phase":2,"pixelX":0,"pixelY":10,"source":1,"timestamp":278074522}
{"angleX":0,"angleY":118,"inverted":true,"phase":2,"pixelX":0,"pixelY":10,"source":1,"timestamp":278074529}
{"angleX":0,"angleY":114,"inverted":true,"phase":2,"pixelX":0,"pixelY":9,"source":1,"timestamp":278074536}
{"angleX":0,"angleY":114,"inverted":true,"phase":2,"pixelX":0,"pixelY":10,"source":1,"timestamp":278074544}
{"angleX":0,"angleY":114,"inverted":true,"phase":2,"pixelX":0,"pixelY":9,"source":1,"timestamp":278074551}
{"angleX":0,"angleY":112,"inverted":true,"phase":2,"pixelX":0,"pixelY":10,"source":1,"timestamp":278074558}
{"angleX":0,"angleY":104,"inverted":true,"phase":2,"pixelX":0,"pixelY":8,"source":1,"timestamp":278074565}
{"angleX":0,"angleY":104,"inverted":true,"phase":2,"pixelX":0,"pixelY":9,"source":1,"timestamp":278074572}
{"angleX":0,"angleY":114,"inverted":true,"phase":2,"pixelX":0,"pixelY":9,"source":1,"timestamp":278074580}
{"angleX":0,"angleY":108,"inverted":true,"phase":2,"pixelX":0,"pixelY":9,"source":1,"timestamp":278074587}
{"angleX":0,"angleY":0,"inverted":true,"phase":3,"pixelX":0,"pixelY":0,"source":0,"timestamp":278074600}
{"angleX":0,"angleY":0,"inverted":true,"phase":3,"pixelX":0,"pixelY":0,"source":0,"timestamp":278074600}
{"angleX":0,"angleY":0,"inverted":false,"phase":1,"pixelX":0,"pixelY":0,"source":0,"timestamp":278075242}
{"angleX":0,"angleY":0,"inverted":false,"phase":1,"pixelX":0,"pixelY":0,"source":0,"timestamp":278075242}
{"angleX":0,"angleY":69,"inverted":true,"phase":2,"pixelX":0,"pixelY":6,"source":1,"timestamp":278075242}
{"angleX":0,"angleY":67,"inverted":true,"phase":2,"pixelX":0,"pixelY":5,"source":1,"timestamp":278075249}
{"angleX":0,"angleY":67,"inverted":true,"phase":2,"pixelX":0,"pixelY":6,"source":1,"timestamp":278075256}
{"angleX":0,"angleY":59,"inverted":true,"phase":2,"pixelX":0,"pixelY":5,"source":1,"timestamp":278075264}
{"angleX":0,"angleY":55,"inverted":true,"phase":2,"pixelX":0,"pixelY":4,"source":1,"timestamp":278075271}
{"angleX":0,"angleY":51,"inverted":true,"phase":2,"pixelX":0,"pixelY":5,"source":1,"timestamp":278075278}
{"angleX":0,"angleY":45,"inverted":true,"phase":2,"pixelX":0,"pixelY":3,"source":1,"timestamp":278075285}
{"angleX":0,"angleY":41,"inverted":true,"phase":2,"pixelX":0,"pixelY":4,"source":1,"timestamp":278075292}
{"angleX":0,"angleY":45,"inverted":true,"phase":2,"pixelX":0,"pixelY":4,"source":1,"timestamp":278075300}
{"angleX":0,"angleY":43,"inverted":true,"phase":2,"pixelX":0,"pixelY":3,"source":1,"timestamp":278075307}
{"angleX":0,"angleY":43,"inverted":true,"phase":2,"pixelX":0,"pixelY":4,"source":1,"timestamp":278075314}
{"angleX":0,"angleY":51,"inverted":true,"phase":2,"pixelX":0,"pixelY":4,"source":1,"timestamp":278075321}
{"angleX":0,"angleY":53,"inverted":true,"phase":2,"pixelX":0,"pixelY":4,"source":1,"timestamp":278075328}
{"angleX":0,"angleY":61,"inverted":true,"phase":2,"pixelX":0,"pixelY":5,"source":1,"timestamp":278075336}
{"angleX":0,"angleY":65,"inverted":true,"phase":2,"pixelX":0,"pixelY":6,"source":1,"timestamp":278075343}
{"angleX":0,"angleY":67,"inverted":true,"phase":2,"pixelX":0,"pixelY":5,"source":1,"timestamp":278075350}
{"angleX":0,"angleY":71,"inverted":true,"phase":2,"pixelX":0,"pixelY":6,"source":1,"timestamp":278075357}
{"angleX":0,"angleY":75,"inverted":true,"phase":2,"pixelX":0,"pixelY":7,"source":1,"timestamp":278075364}
{"angleX":0,"angleY":79,"inverted":true,"phase":2,"pixelX":0,"pixelY":6,"source":1,"timestamp":278075372}
{"angleX":0,"angleY":77,"inverted":true,"phase":2,"pixelX":0,"pixelY":7,"source":1,"timestamp":278075379}
{"angleX":0,"angleY":75,"inverted":true,"phase":2,"pixelX":0,"pixelY":6,"source":1,"timestamp":278075386}
{"angleX":0,"angleY":77,"inverted":true,"phase":2,"pixelX":0,"pixelY":6,"source":1,"timestamp":278075393}
{"angleX":0,"angleY":81,"inverted":true,"phase":2,"pixelX":0,"pixelY":7,"source":1,"timestamp":278075400}
{"angleX":0,"angleY":96,"inverted":true,"phase":2,"pixelX":0,"pixelY":8,"source":1,"timestamp":278075407}
{"angleX":0,"angleY":102,"inverted":true,"phase":2,"pixelX":0,"pixelY":9,"source":1,"timestamp":278075415}
{"angleX":0,"angleY":104,"inverted":true,"phase":2,"pixelX":0,"pixelY":8,"source":1,"timestamp":278075422}
{"angleX":0,"angleY":108,"inverted":true,"phase":2,"pixelX":0,"pixelY":9,"source":1,"timestamp":278075429}
{"angleX":0,"angleY":120,"inverted":true,"phase":2,"pixelX":0,"pixelY":10,"source":1,"timestamp":278075436}
{"angleX":0,"angleY":116,"inverted":true,"phase":2,"pixelX":0,"pixelY":10,"source":1,"timestamp":278075443}
{"angleX":0,"angleY":114,"inverted":true,"phase":2,"pixelX":0,"pixelY":10,"source":1,"timestamp":278075451}
{"angleX":0,"angleY":124,"inverted":true,"phase":2,"pixelX":0,"pixelY":10,"source":1,"timestamp":278075458}
{"angleX":0,"angleY":128,"inverted":true,"phase":2,"pixelX":0,"pixelY":11,"source":1,"timestamp":278075465}
{"angleX":0,"angleY":0,"inverted":true,"phase":3,"pixelX":0,"pixelY":0,"source":0,"timestamp":278075500}
{"angleX":0,"angleY":0,"inverted":true,"phase":3,"pixelX":0,"pixelY":0,"source":0,"timestamp":278075500}
{"angleX":0,"angleY":0,"inverted":false,"phase":1,"pixelX":0,"pixelY":0,"source":0,"timestamp":278075969}
{"angleX":0,"angleY":0,"inverted":false,"phase":1,"pixelX":0,"pixelY":0,"source":0,"timestamp":278075969}
{"angleX":0,"angleY":149,"inverted":true,"phase":2,"pixelX":0,"pixelY":12,"source":1,"timestamp":278075969}
{"angleX":0,"angleY":155,"inverted":true,"phase":2,"pixelX":0,"pixelY":13,"source":1,"timestamp":278075976}
{"angleX":0,"angleY":169,"inverted":true,"phase":2,"pixelX":0,"pixelY":14,"source":1,"timestamp":278075983}
{"angleX":0,"angleY":179,"inverted":true,"phase":2,"pixelX":0,"pixelY":15,"source":1,"timestamp":278075991}
{"angleX":0,"angleY":179,"inverted":true,"phase":2,"pixelX":0,"pixelY":15,"source":1,"timestamp":278075998}
{"angleX":0,"angleY":187,"inverted":true,"phase":2,"pixelX":0,"pixelY":16,"source":1,"timestamp":278076005}
{"angleX":0,"angleY":183,"inverted":true,"phase":2,"pixelX":0,"pixelY":15,"source":1,"timestamp":278076012}
{"angleX":0,"angleY":175,"inverted":true,"phase":2,"pixelX":0,"pixelY":15,"source":1,"timestamp":278076019}
{"angleX":0,"angleY":183,"inverted":true,"phase":2,"pixelX":0,"pixelY":15,"source":1,"timestamp":278076027}
{"angleX":0,"angleY":177,"inverted":true,"phase":2,"pixelX":0,"pixelY":15,"source":1,"timestamp":278076034}
{"angleX":0,"angleY":165,"inverted":true,"phase":2,"pixelX":0,"pixelY":14,"source":1,"timestamp":278076041}
{"angleX":0,"angleY":167,"inverted":true,"phase":2,"pixelX":0,"pixelY":13,"source":1,"timestamp":278076048}
{"angleX":0,"angleY":165,"inverted":true,"phase":2,"pixelX":0,"pixelY":14,"source":1,"timestamp":278076055}
{"angleX":0,"angleY":169,"inverted":true,"phase":2,"pixelX":0,"pixelY":14,"source":1,"timestamp":278076063}
{"angleX":0,"angleY":165,"inverted":true,"phase":2,"pixelX":0,"pixelY":14,"source":1,"timestamp":278076070}
{"angleX":0,"angleY":181,"inverted":true,"phase":2,"pixelX":0,"pixelY":15,"source":1,"timestamp":278076077}
{"angleX":0,"angleY":183,"inverted":true,"phase":2,"pixelX":0,"pixelY":15,"source":1,"timestamp":278076084}
{"angleX":0,"angleY":183,"inverted":true,"phase":2,"pixelX":0,"pixelY":16,"source":1,"timestamp":278076091}
{"angleX":0,"angleY":187,"inverted":true,"phase":2,"pixelX":0,"pixelY":15,"source":1,"timestamp":278076098}
{"angleX":0,"angleY":0,"inverted":true,"phase":3,"pixelX":0,"pixelY":0,"source":0,"timestamp":278076119}
{"angleX":0,"angleY":0,"inverted":true,"phase":3,"pixelX":0,"pixelY":0,"source":0,"timestamp":278076119}
{"angleX":0,"angleY":0,"inverted":false,"phase":1,"pixelX":0,"pixelY":0,"source":0,"timestamp":278076610}
{"angleX":0,"angleY":0,"inverted":false,"phase":1,"pixelX":0,"pixelY":0,"source":0,"timestamp":278076610}
{"angleX":0,"angleY":114,"inverted":true,"phase":2,"pixelX":0,"pixelY":10,"source":1,"timestamp":278076610}
{"angleX":0,"angleY":118,"inverted":true,"phase":2,"pixelX":0,"pixelY":9,"source":1,"timestamp":278076617}
{"angleX":0,"angleY":130,"inverted":true,"phase":2,"pixelX":0,"pixelY":11,"source":1,"timestamp":278076624}
{"angleX":0,"angleY":149,"inverted":true,"phase":2,"pixelX":0,"pixelY":13,"source":1,"timestamp":278076631}
{"angleX":0,"angleY":153,"inverted":true,"phase":2,"pixelX":0,"pixelY":12,"source":1,"timestamp":278076639}
{"angleX":0,"angleY":143,"inverted":true,"phase":2,"pixelX":0,"pixelY":12,"source":1,"timestamp":278076646}
{"angleX":0,"angleY":151,"inverted":true,"phase":2,"pixelX":0,"pixelY":13,"source":1,"timestamp":278076653}
{"angleX":0,"angleY":161,"inverted":true,"phase":2,"pixelX":0,"pixelY":13,"source":1,"timestamp":278076660}
{"angleX":0,"angleY":149,"inverted":true,"phase":2,"pixelX":0,"pixelY":13,"source":1,"timestamp":278076667}
{"angleX":0,"angleY":157,"inverted":true,"phase":2,"pixelX":0,"pixelY":13,"source":1,"timestamp":278076675}
{"angleX":0,"angleY":167,"inverted":true,"phase":2,"pixelX":0,"pixelY":14,"source":1,"timestamp":278076682}
{"angleX":0,"angleY":173,"inverted":true,"phase":2,"pixelX":0,"pixelY":14,"source":1,"timestamp":278076689}
{"angleX":0,"angleY":177,"inverted":true,"phase":2,"pixelX":0,"pixelY":15,"source":1,"timestamp":278076696}
{"angleX":0,"angleY":183,"inverted":true,"phase":2,"pixelX":0,"pixelY":15,"source":1,"timestamp":278076703}
{"angleX":0,"angleY":185,"inverted":true,"phase":2,"pixelX":0,"pixelY":15,"source":1,"timestamp":278076711}
{"angleX":0,"angleY":171,"inverted":true,"phase":2,"pixelX":0,"pixelY":15,"source":1,"timestamp":278076718}
{"angleX":0,"angleY":0,"inverted":true,"phase":3,"pixelX":0,"pixelY":0,"source":0,"timestamp":278076738}
{"angleX":0,"angleY":0,"inverted":true,"phase":3,"pixelX":0,"pixelY":0,"source":0,"timestamp":278076738}
{"angleX":0,"angleY":0,"inverted":false,"phase":1,"pixelX":0,"pixelY":0,"source":0,"timestamp":278077301}
{"angleX":0,"angleY":0,"inverted":false,"phase":1,"pixelX":0,"pixelY":0,"source":0,"timestamp":278077301}
{"angleX":0,"angleY":-41,"inverted":true,"phase":2,"pixelX":0,"pixelY":-3,"source":1,"timestamp":278077301}
{"angleX":0,"angleY":-43,"inverted":true,"phase":2,"pixelX":0,"pixelY":-4,"source":1,"timestamp":278077308}
{"angleX":0,"angleY":-49,"inverted":true,"phase":2,"pixelX":0,"pixelY":-4,"source":1,"timestamp":278077315}
{"angleX":0,"angleY":-53,"inverted":true,"phase":2,"pixelX":0,"pixelY":-4,"source":1,"timestamp":278077323}
{"angleX":0,"angleY":-51,"inverted":true,"phase":2,"pixelX":0,"pixelY":-5,"source":1,"timestamp":278077330}
{"angleX":0,"angleY":-53,"inverted":true,"phase":2,"pixelX":0,"pixelY":-4,"source":1,"timestamp":278077337}
{"angleX":0,"angleY":-53,"inverted":true,"phase":2,"pixelX":0,"pixelY":-5,"source":1,"timestamp":278077344}
{"angleX":0,"angleY":-51,"inverted":true,"phase":2,"pixelX":0,"pixelY":-4,"source":1,"timestamp":278077351}
{"angleX":0,"angleY":-51,"inverted":true,"phase":2,"pixelX":0,"pixelY":-4,"source":1,"timestamp":278077358}
{"angleX":0,"angleY":-49,"inverted":true,"phase":2,"pixelX":0,"pixelY":-4,"source":1,"timestamp":278077366}
{"angleX":0,"angleY":-57,"inverted":true,"phase":2,"pixelX":0,"pixelY":-5,"source":1,"timestamp":278077373}
{"angleX":0,"angleY":-61,"inverted":true,"phase":2,"pixelX":0,"pixelY":-5,"source":1,"timestamp":278077380}
{"angleX":0,"angleY":-63,"inverted":true,"phase":2,"pixelX":0,"pixelY":-5,"source":1,"timestamp":278077387}
{"angleX":0,"angleY":-69,"inverted":true,"phase":2,"pixelX":0,"pixelY":-6,"source":1,"timestamp":278077394}
{"angleX":0,"angleY":-71,"inverted":true,"phase":2,"pixelX":0,"pixelY":-6,"source":1,"timestamp":278077402}
{"angleX":0,"angleY":-67,"inverted":true,"phase":2,"pixelX":0,"pixelY":-5,"source":1,"timestamp":278077409}
{"angleX":0,"angleY":-65,"inverted":true,"phase":2,"pixelX":0,"pixelY":-6,"source":1,"timestamp":278077416}
{"angleX":0,"angleY":-67,"inverted":true,"phase":2,"pixelX":0,"pixelY":-6,"source":1,"timestamp":278077423}
{"angleX":0,"angleY":-69,"inverted":true,"phase":2,"pixelX":0,"pixelY":-5,"source":1,"timestamp":278077431}
{"angleX":0,"angleY":-75,"inverted":true,"phase":2,"pixelX":0,"pixelY":-7,"source":1,"timestamp":278077438}
{"angleX":0,"angleY":-81,"inverted":true,"phase":2,"pixelX":0,"pixelY":-6,"source":1,"timestamp":278077445}
{"angleX":0,"angleY":-77,"inverted":true,"phase":2,"pixelX":0,"pixelY":-7,"source":1,"timestamp":278077452}
{"angleX":0,"angleY":-79,"inverted":true,"phase":2,"pixelX":0,"pixelY":-6,"source":1,"timestamp":278077459}
{"angleX":0,"angleY":-79,"inverted":true,"phase":2,"pixelX":0,"pixelY":-7,"source":1,"timestamp":278077466}
{"angleX":0,"angleY":-79,"inverted":true,"phase":2,"pixelX":0,"pixelY":-7,"source":1,"timestamp":278077474}
{"angleX":0,"angleY":-86,"inverted":true,"phase":2,"pixelX":0,"pixelY":-7,"source":1,"timestamp":278077481}
{"angleX":0,"angleY":-90,"inverted":true,"phase":2,"pixelX":0,"pixelY":-7,"source":1,"timestamp":278077488}
{"angleX":0,"angleY":-92,"inverted":true,"phase":2,"pixelX":0,"pixelY":-8,"source":1,"timestamp":278077495}
{"angleX":0,"angleY":-90,"inverted":true,"phase":2,"pixelX":0,"pixelY":-7,"source":1,"timestamp":278077502}
{"angleX":0,"angleY":-86,"inverted":true,"phase":2,"pixelX":0,"pixelY":-7,"source":1,"timestamp":278077509}
{"angleX":0,"angleY":-79,"inverted":true,"phase":2,"pixelX":0,"pixelY":-7,"source":1,"timestamp":278077517}
{"angleX":0,"angleY":-83,"inverted":true,"phase":2,"pixelX":0,"pixelY":-7,"source":1,"timestamp":278077524}
{"angleX":0,"angleY":-81,"inverted":true,"phase":2,"pixelX":0,"pixelY":-7,"source":1,"timestamp":278077531}
{"angleX":0,"angleY":-86,"inverted":true,"phase":2,"pixelX":0,"pixelY":-7,"source":1,"timestamp":278077538}
{"angleX":0,"angleY":-83,"inverted":true,"phase":2,"pixelX":0,"pixelY":-7,"source":1,"timestamp":278077545}
{"angleX":0,"angleY":-86,"inverted":true,"phase":2,"pixelX":0,"pixelY":-7,"source":1,"timestamp":278077553}
{"angleX":0,"angleY":-88,"inverted":true,"phase":2,"pixelX":0,"pixelY":-7,"source":1,"timestamp":278077560}
{"angleX":0,"angleY":-83,"inverted":true,"phase":2,"pixelX":0,"pixelY":-7,"source":1,"timestamp":278077567}
{"angleX":0,"angleY":-88,"inverted":true,"phase":2,"pixelX":0,"pixelY":-8,"source":1,"timestamp":278077574}
{"angleX":0,"angleY":-96,"inverted":true,"phase":2,"pixelX":0,"pixelY":-8,"source":1,"timestamp":278077581}
{"angleX":0,"angleY":-104,"inverted":true,"phase":2,"pixelX":0,"pixelY":-8,"source":1,"timestamp":278077589}
{"angleX":0,"angleY":-114,"inverted":true,"phase":2,"pixelX":0,"pixelY":-10,"source":1,"timestamp":278077596}
{"angleX":0,"angleY":-110,"inverted":true,"phase":2,"pixelX":0,"pixelY":-9,"source":1,"timestamp":278077603}
{"angleX":0,"angleY":-118,"inverted":true,"phase":2,"pixelX":0,"pixelY":-10,"source":1,"timestamp":278077610}
{"angleX":0,"angleY":-122,"inverted":true,"phase":2,"pixelX":0,"pixelY":-10,"source":1,"timestamp":278077617}
{"angleX":0,"angleY":-124,"inverted":true,"phase":2,"pixelX":0,"pixelY":-10,"source":1,"timestamp":278077625}
{"angleX":0,"angleY":-55,"inverted":true,"phase":2,"pixelX":0,"pixelY":-5,"source":1,"timestamp":278077632}
{"angleX":0,"angleY":-116,"inverted":true,"phase":2,"pixelX":0,"pixelY":-10,"source":1,"timestamp":278077639}
{"angleX":0,"angleY":-118,"inverted":true,"phase":2,"pixelX":0,"pixelY":-9,"source":1,"timestamp":278077646}
{"angleX":0,"angleY":-118,"inverted":true,"phase":2,"pixelX":0,"pixelY":-10,"source":1,"timestamp":278077653}
{"angleX":0,"angleY":-130,"inverted":true,"phase":2,"pixelX":0,"pixelY":-11,"source":1,"timestamp":278077660}
{"angleX":0,"angleY":-132,"inverted":true,"phase":2,"pixelX":0,"pixelY":-11,"source":1,"timestamp":278077668}
{"angleX":0,"angleY":-134,"inverted":true,"phase":2,"pixelX":0,"pixelY":-11,"source":1,"timestamp":278077675}
{"angleX":0,"angleY":-124,"inverted":true,"phase":2,"pixelX":0,"pixelY":-11,"source":1,"timestamp":278077682}
{"angleX":0,"angleY":-122,"inverted":true,"phase":2,"pixelX":0,"pixelY":-10,"source":1,"timestamp":278077689}
{"angleX":0,"angleY":0,"inverted":true,"phase":3,"pixelX":0,"pixelY":0,"source":0,"timestamp":278077710}
{"angleX":0,"angleY":0,"inverted":true,"phase":3,"pixelX":0,"pixelY":0,"source":0,"timestamp":278077710}
{"angleX":0,"angleY":0,"inverted":false,"phase":1,"pixelX":0,"pixelY":0,"source":0,"timestamp":278078482}
{"angleX":0,"angleY":0,"inverted":false,"phase":1,"pixelX":0,"pixelY":0,"source":0,"timestamp":278078482}
{"angleX":0,"angleY":-86,"inverted":true,"phase":2,"pixelX":0,"pixelY":-7,"source":1,"timestamp":278078482}
{"angleX":0,"angleY":-88,"inverted":true,"phase":2,"pixelX":0,"pixelY":-7,"source":1,"timestamp":278078489}
{"angleX":0,"angleY":-98,"inverted":true,"phase":2,"pixelX":0,"pixelY":-9,"source":1,"timestamp":278078496}
{"angleX":0,"angleY":-98,"inverted":true,"phase":2,"pixelX":0,"pixelY":-8,"source":1,"timestamp":278078504}
{"angleX":0,"angleY":-94,"inverted":true,"phase":2,"pixelX":0,"pixelY":-8,"source":1,"timestamp":278078511}
{"angleX":0,"angleY":-92,"inverted":true,"phase":2,"pixelX":0,"pixelY":-7,"source":1,"timestamp":278078518}
{"angleX":0,"angleY":-88,"inverted":true,"phase":2,"pixelX":0,"pixelY":-7,"source":1,"timestamp":278078525}
{"angleX":0,"angleY":-96,"inverted":true,"phase":2,"pixelX":0,"pixelY":-8,"source":1,"timestamp":278078532}
{"angleX":0,"angleY":-102,"inverted":true,"phase":2,"pixelX":0,"pixelY":-9,"source":1,"timestamp":278078540}
{"angleX":0,"angleY":-100,"inverted":true,"phase":2,"pixelX":0,"pixelY":-8,"source":1,"timestamp":278078547}
{"angleX":0,"angleY":-100,"inverted":true,"phase":2,"pixelX":0,"pixelY":-9,"source":1,"timestamp":278078554}
{"angleX":0,"angleY":-98,"inverted":true,"phase":2,"pixelX":0,"pixelY":-8,"source":1,"timestamp":278078561}
{"angleX":0,"angleY":-104,"inverted":true,"phase":2,"pixelX":0,"pixelY":-8,"source":1,"timestamp":278078568}
{"angleX":0,"angleY":-98,"inverted":true,"phase":2,"pixelX":0,"pixelY":-8,"source":1,"timestamp":278078576}
{"angleX":0,"angleY":-104,"inverted":true,"phase":2,"pixelX":0,"pixelY":-9,"source":1,"timestamp":278078583}
{"angleX":0,"angleY":-98,"inverted":true,"phase":2,"pixelX":0,"pixelY":-8,"source":1,"timestamp":278078590}
{"angleX":0,"angleY":-96,"inverted":true,"phase":2,"pixelX":0,"pixelY":-8,"source":1,"timestamp":278078597}
{"angleX":0,"angleY":-102,"inverted":true,"phase":2,"pixelX":0,"pixelY":-9,"source":1,"timestamp":278078604}
{"angleX":0,"angleY":-104,"inverted":true,"phase":2,"pixelX":0,"pixelY":-8,"source":1,"timestamp":278078611}
{"angleX":0,"angleY":-112,"inverted":true,"phase":2,"pixelX":0,"pixelY":-10,"source":1,"timestamp":278078619}
{"angleX":0,"angleY":-108,"inverted":true,"phase":2,"pixelX":0,"pixelY":-9,"source":1,"timestamp":278078626}
{"angleX":0,"angleY":-108,"inverted":true,"phase":2,"pixelX":0,"pixelY":-9,"source":1,"timestamp":278078633}
{"angleX":0,"angleY":-110,"inverted":true,"phase":2,"pixelX":0,"pixelY":-9,"source":1,"timestamp":278078640}
{"angleX":0,"angleY":-116,"inverted":true,"phase":2,"pixelX":0,"pixelY":-10,"source":1,"timestamp":278078648}
{"angleX":0,"angleY":-124,"inverted":true,"phase":2,"pixelX":0,"pixelY":-10,"source":1,"timestamp":278078655}
{"angleX":0,"angleY":-124,"inverted":true,"phase":2,"pixelX":0,"pixelY":-10,"source":1,"timestamp":278078662}
{"angleX":0,"angleY":-124,"inverted":true,"phase":2,"pixelX":0,"pixelY":-11,"source":1,"timestamp":278078669}
{"angleX":0,"angleY":-132,"inverted":true,"phase":2,"pixelX":0,"pixelY":-11,"source":1,"timestamp":278078676}
{"angleX":0,"angleY":-143,"inverted":true,"phase":2,"pixelX":0,"pixelY":-12,"source":1,"timestamp":278078683}
{"angleX":0,"angleY":-141,"inverted":true,"phase":2,"pixelX":0,"pixelY":-11,"source":1,"timestamp":278078691}
{"angleX":0,"angleY":-134,"inverted":true,"phase":2,"pixelX":0,"pixelY":-11,"source":1,"timestamp":278078698}
{"angleX":0,"angleY":-138,"inverted":true,"phase":2,"pixelX":0,"pixelY":-12,"source":1,"timestamp":278078705}
{"angleX":0,"angleY":-143,"inverted":true,"phase":2,"pixelX":0,"pixelY":-12,"source":1,"timestamp":278078712}
{"angleX":0,"angleY":-130,"inverted":true,"phase":2,"pixelX":0,"pixelY":-11,"source":1,"timestamp":278078719}
{"angleX":0,"angleY":-122,"inverted":true,"phase":2,"pixelX":0,"pixelY":-10,"source":1,"timestamp":278078727}
{"angleX":0,"angleY":-122,"inverted":true,"phase":2,"pixelX":0,"pixelY":-10,"source":1,"timestamp":278078734}
{"angleX":0,"angleY":-126,"inverted":true,"phase":2,"pixelX":0,"pixelY":-11,"source":1,"timestamp":278078741}
{"angleX":0,"angleY":-126,"inverted":true,"phase":2,"pixelX":0,"pixelY":-10,"source":1,"timestamp":278078748}
{"angleX":0,"angleY":-128,"inverted":true,"phase":2,"pixelX":0,"pixelY":-11,"source":1,"timestamp":278078755}
{"angleX":0,"angleY":-134,"inverted":true,"phase":2,"pixelX":0,"pixelY":-11,"source":1,"timestamp":278078763}
{"angleX":0,"angleY":-141,"inverted":true,"phase":2,"pixelX":0,"pixelY":-12,"source":1,"timestamp":278078770}
{"angleX":0,"angleY":-141,"inverted":true,"phase":2,"pixelX":0,"pixelY":-11,"source":1,"timestamp":278078777}
{"angleX":0,"angleY":-134,"inverted":true,"phase":2,"pixelX":0,"pixelY":-12,"source":1,"timestamp":278078784}
{"angleX":0,"angleY":-136,"inverted":true,"phase":2,"pixelX":0,"pixelY":-11,"source":1,"timestamp":278078791}
{"angleX":0,"angleY":-126,"inverted":true,"phase":2,"pixelX":0,"pixelY":-11,"source":1,"timestamp":278078798}
{"angleX":0,"angleY":0,"inverted":true,"phase":3,"pixelX":0,"pixelY":0,"source":0,"timestamp":278078812}
{"angleX":0,"angleY":0,"inverted":true,"phase":3,"pixelX":0,"pixelY":0,"source":0,"timestamp":278078812}
{"angleX":0,"angleY":0,"inverted":false,"phase":1,"pixelX":0,"pixelY":0,"source":0,"timestamp":278079159}
{"angleX":0,"angleY":0,"inverted":false,"phase":1,"pixelX":0,"pixelY":0,"source":0,"timestamp":278079159}
{"angleX":0,"angleY":187,"inverted":true,"phase":2,"pixelX":0,"pixelY":16,"source":1,"timestamp":278079159}
{"angleX":0,"angleY":202,"inverted":true,"phase":2,"pixelX":0,"pixelY":16,"source":1,"timestamp":278079166}
{"angleX":0,"angleY":230,"inverted":true,"phase":2,"pixelX":0,"pixelY":20,"source":1,"timestamp":278079173}
{"angleX":0,"angleY":244,"inverted":true,"phase":2,"pixelX":0,"pixelY":20,"source":1,"timestamp":278079180}
{"angleX":0,"angleY":273,"inverted":true,"phase":2,"pixelX":0,"pixelY":23,"source":1,"timestamp":278079187}
{"angleX":0,"angleY":289,"inverted":true,"phase":2,"pixelX":0,"pixelY":24,"source":1,"timestamp":278079194}
{"angleX":0,"angleY":318,"inverted":true,"phase":2,"pixelX":0,"pixelY":26,"source":1,"timestamp":278079202}
{"angleX":0,"angleY":344,"inverted":true,"phase":2,"pixelX":0,"pixelY":29,"source":1,"timestamp":278079209}
{"angleX":0,"angleY":344,"inverted":true,"phase":2,"pixelX":0,"pixelY":29,"source":1,"timestamp":278079216}
{"angleX":0,"angleY":338,"inverted":true,"phase":2,"pixelX":0,"pixelY":28,"source":1,"timestamp":278079223}
{"angleX":0,"angleY":342,"inverted":true,"phase":2,"pixelX":0,"pixelY":28,"source":1,"timestamp":278079230}
{"angleX":0,"angleY":0,"inverted":true,"phase":3,"pixelX":0,"pixelY":0,"source":0,"timestamp":278079244}
{"angleX":0,"angleY":0,"inverted":true,"phase":3,"pixelX":0,"pixelY":0,"source":0,"timestamp":278079244}
{"angleX":0,"angleY":0,"inverted":false,"phase":1,"pixelX":0,"pixelY":0,"source":0,"timestamp":278079727}
{"angleX":0,"angleY":0,"inverted":false,"phase":1,"pixelX":0,"pixelY":0,"source":0,"timestamp":278079727}
{"angleX":0,"angleY":141,"inverted":true,"phase":2,"pixelX":0,"pixelY":12,"source":1,"timestamp":278079727}
{"angleX":0,"angleY":159,"inverted":true,"phase":2,"pixelX":0,"pixelY":13,"source":1,"timestamp":278079735}
{"angleX":0,"angleY":191,"inverted":true,"phase":2,"pixelX":0,"pixelY":16,"source":1,"timestamp":278079742}
{"angleX":0,"angleY":226,"inverted":true,"phase":2,"pixelX":0,"pixelY":19,"source":1,"timestamp":278079749}
{"angleX":0,"angleY":248,"inverted":true,"phase":2,"pixelX":0,"pixelY":20,"source":1,"timestamp":278079756}
{"angleX":0,"angleY":285,"inverted":true,"phase":2,"pixelX":0,"pixelY":24,"source":1,"timestamp":278079763}
{"angleX":0,"angleY":301,"inverted":true,"phase":2,"pixelX":0,"pixelY":25,"source":1,"timestamp":278079771}
{"angleX":0,"angleY":316,"inverted":true,"phase":2,"pixelX":0,"pixelY":27,"source":1,"timestamp":278079778}
{"angleX":0,"angleY":322,"inverted":true,"phase":2,"pixelX":0,"pixelY":26,"source":1,"timestamp":278079785}
{"angleX":0,"angleY":316,"inverted":true,"phase":2,"pixelX":0,"pixelY":27,"source":1,"timestamp":278079792}
{"angleX":0,"angleY":305,"inverted":true,"phase":2,"pixelX":0,"pixelY":25,"source":1,"timestamp":278079799}
{"angleX":0,"angleY":0,"inverted":true,"phase":3,"pixelX":0,"pixelY":0,"source":0,"timestamp":278079820}
{"angleX":0,"angleY":0,"inverted":true,"phase":3,"pixelX":0,"pixelY":0,"source":0,"timestamp":278079820}
{"angleX":0,"angleY":0,"inverted":false,"phase":1,"pixelX":0,"pixelY":0,"source":0,"timestamp":278080224}
{"angleX":0,"angleY":0,"inverted":false,"phase":1,"pixelX":0,"pixelY":0,"source":0,"timestamp":278080224}
{"angleX":0,"angleY":143,"inverted":true,"phase":2,"pixelX":0,"pixelY":12,"source":1,"timestamp":278080224}
{"angleX":0,"angleY":169,"inverted":true,"phase":2,"pixelX":0,"pixelY":14,"source":1,"timestamp":278080232}
{"angleX":0,"angleY":189,"inverted":true,"phase":2,"pixelX":0,"pixelY":16,"source":1,"timestamp":278080239}
{"angleX":0,"angleY":206,"inverted":true,"phase":2,"pixelX":0,"pixelY":17,"source":1,"timestamp":278080246}
{"angleX":0,"angleY":240,"inverted":true,"phase":2,"pixelX":0,"pixelY":20,"source":1,"timestamp":278080253}
{"angleX":0,"angleY":255,"inverted":true,"phase":2,"pixelX":0,"pixelY":21,"source":1,"timestamp":278080260}
{"angleX":0,"angleY":281,"inverted":true,"phase":2,"pixelX":0,"pixelY":24,"source":1,"timestamp":278080267}
{"angleX":0,"angleY":291,"inverted":true,"phase":2,"pixelX":0,"pixelY":24,"source":1,"timestamp":278080275}
{"angleX":0,"angleY":301,"inverted":true,"phase":2,"pixelX":0,"pixelY":25,"source":1,"timestamp":278080282}
{"angleX":0,"angleY":318,"inverted":true,"phase":2,"pixelX":0,"pixelY":26,"source":1,"timestamp":278080289}
{"angleX":0,"angleY":312,"inverted":true,"phase":2,"pixelX":0,"pixelY":26,"source":1,"timestamp":278080296}
{"angleX":0,"angleY":0,"inverted":true,"phase":3,"pixelX":0,"pixelY":0,"source":0,"timestamp":278080331}
{"angleX":0,"angleY":0,"inverted":true,"phase":3,"pixelX":0,"pixelY":0,"source":0,"timestamp":278080331}
{"angleX":0,"angleY":0,"inverted":false,"phase":1,"pixelX":0,"pixelY":0,"source":0,"timestamp":278080786}
{"angleX":0,"angleY":0,"inverted":false,"phase":1,"pixelX":0,"pixelY":0,"source":0,"timestamp":278080786}
{"angleX":0,"angleY":-145,"inverted":true,"phase":2,"pixelX":0,"pixelY":-12,"source":1,"timestamp":278080786}
{"angleX":0,"angleY":-157,"inverted":true,"phase":2,"pixelX":0,"pixelY":-13,"source":1,"timestamp":278080793}
{"angleX":0,"angleY":-175,"inverted":true,"phase":2,"pixelX":0,"pixelY":-15,"source":1,"timestamp":278080800}
{"angleX":0,"angleY":-185,"inverted":true,"phase":2,"pixelX":0,"pixelY":-15,"source":1,"timestamp":278080807}
{"angleX":0,"angleY":-202,"inverted":true,"phase":2,"pixelX":0,"pixelY":-17,"source":1,"timestamp":278080815}
{"angleX":0,"angleY":-226,"inverted":true,"phase":2,"pixelX":0,"pixelY":-19,"source":1,"timestamp":278080822}
{"angleX":0,"angleY":-226,"inverted":true,"phase":2,"pixelX":0,"pixelY":-19,"source":1,"timestamp":278080829}
{"angleX":0,"angleY":-246,"inverted":true,"phase":2,"pixelX":0,"pixelY":-20,"source":1,"timestamp":278080836}
{"angleX":0,"angleY":-259,"inverted":true,"phase":2,"pixelX":0,"pixelY":-22,"source":1,"timestamp":278080843}
{"angleX":0,"angleY":-265,"inverted":true,"phase":2,"pixelX":0,"pixelY":-22,"source":1,"timestamp":278080851}
{"angleX":0,"angleY":-263,"inverted":true,"phase":2,"pixelX":0,"pixelY":-22,"source":1,"timestamp":278080858}
{"angleX":0,"angleY":-259,"inverted":true,"phase":2,"pixelX":0,"pixelY":-21,"source":1,"timestamp":278080865}
{"angleX":0,"angleY":-259,"inverted":true,"phase":2,"pixelX":0,"pixelY":-22,"source":1,"timestamp":278080872}
{"angleX":0,"angleY":-253,"inverted":true,"phase":2,"pixelX":0,"pixelY":-21,"source":1,"timestamp":278080879}
{"angleX":0,"angleY":-251,"inverted":true,"phase":2,"pixelX":0,"pixelY":-21,"source":1,"timestamp":278080887}
{"angleX":0,"angleY":-240,"inverted":true,"phase":2,"pixelX":0,"pixelY":-20,"source":1,"timestamp":278080893}
{"angleX":0,"angleY":0,"inverted":true,"phase":3,"pixelX":0,"pixelY":0,"source":0,"timestamp":278080900}
{"angleX":0,"angleY":0,"inverted":true,"phase":3,"pixelX":0,"pixelY":0,"source":0,"timestamp":278080900}
{"angleX":0,"angleY":0,"inverted":false,"phase":1,"pixelX":0,"pixelY":0,"source":0,"timestamp":278081376}
{"angleX":0,"angleY":0,"inverted":false,"phase":1,"pixelX":0,"pixelY":0,"source":0,"timestamp":278081376}
{"angleX":0,"angleY":-242,"inverted":true,"phase":2,"pixelX":0,"pixelY":-20,"source":1,"timestamp":278081376}
{"angleX":0,"angleY":-242,"inverted":true,"phase":2,"pixelX":0,"pixelY":-20,"source":1,"timestamp":278081384}
{"angleX":0,"angleY":-242,"inverted":true,"phase":2,"pixelX":0,"pixelY":-21,"source":1,"timestamp":278081391}
{"angleX":0,"angleY":-236,"inverted":true,"phase":2,"pixelX":0,"pixelY":-19,"source":1,"timestamp":278081398}
{"angleX":0,"angleY":-244,"inverted":true,"phase":2,"pixelX":0,"pixelY":-21,"source":1,"timestamp":278081405}
{"angleX":0,"angleY":-228,"inverted":true,"phase":2,"pixelX":0,"pixelY":-19,"source":1,"timestamp":278081412}
{"angleX":0,"angleY":-240,"inverted":true,"phase":2,"pixelX":0,"pixelY":-20,"source":1,"timestamp":278081420}
{"angleX":0,"angleY":-238,"inverted":true,"phase":2,"pixelX":0,"pixelY":-20,"source":1,"timestamp":278081427}
{"angleX":0,"angleY":-259,"inverted":true,"phase":2,"pixelX":0,"pixelY":-21,"source":1,"timestamp":278081434}
{"angleX":0,"angleY":-253,"inverted":true,"phase":2,"pixelX":0,"pixelY":-21,"source":1,"timestamp":278081441}
{"angleX":0,"angleY":-267,"inverted":true,"phase":2,"pixelX":0,"pixelY":-22,"source":1,"timestamp":278081448}
{"angleX":0,"angleY":-255,"inverted":true,"phase":2,"pixelX":0,"pixelY":-22,"source":1,"timestamp":278081456}
{"angleX":0,"angleY":-255,"inverted":true,"phase":2,"pixelX":0,"pixelY":-21,"source":1,"timestamp":278081463}
{"angleX":0,"angleY":-244,"inverted":true,"phase":2,"pixelX":0,"pixelY":-20,"source":1,"timestamp":278081470}
{"angleX":0,"angleY":-242,"inverted":true,"phase":2,"pixelX":0,"pixelY":-20,"source":1,"timestamp":278081477}
{"angleX":0,"angleY":-230,"inverted":true,"phase":2,"pixelX":0,"pixelY":-20,"source":1,"timestamp":278081484}
{"angleX":0,"angleY":-220,"inverted":true,"phase":2,"pixelX":0,"pixelY":-18,"source":1,"timestamp":278081491}
{"angleX":0,"angleY":0,"inverted":true,"phase":3,"pixelX":0,"pixelY":0,"source":0,"timestamp":278081519}
{"angleX":0,"angleY":0,"inverted":true,"phase":3,"pixelX":0,"pixelY":0,"source":0,"timestamp":278081519}
{"angleX":0,"angleY":0,"inverted":false,"phase":1,"pixelX":0,"pixelY":0,"source":0,"timestamp":278081895}
{"angleX":0,"angleY":0,"inverted":false,"phase":1,"pixelX":0,"pixelY":0,"source":0,"timestamp":278081895}
{"angleX":0,"angleY":-141,"inverted":true,"phase":2,"pixelX":0,"pixelY":-12,"source":1,"timestamp":278081895}
{"angleX":0,"angleY":-169,"inverted":true,"phase":2,"pixelX":0,"pixelY":-14,"source":1,"timestamp":278081902}
{"angleX":0,"angleY":-183,"inverted":true,"phase":2,"pixelX":0,"pixelY":-15,"source":1,"timestamp":278081909}
{"angleX":0,"angleY":-208,"inverted":true,"phase":2,"pixelX":0,"pixelY":-17,"source":1,"timestamp":278081916}
{"angleX":0,"angleY":-226,"inverted":true,"phase":2,"pixelX":0,"pixelY":-19,"source":1,"timestamp":278081924}
{"angleX":0,"angleY":-240,"inverted":true,"phase":2,"pixelX":0,"pixelY":-20,"source":1,"timestamp":278081931}
{"angleX":0,"angleY":-259,"inverted":true,"phase":2,"pixelX":0,"pixelY":-22,"source":1,"timestamp":278081938}
{"angleX":0,"angleY":-279,"inverted":true,"phase":2,"pixelX":0,"pixelY":-23,"source":1,"timestamp":278081945}
{"angleX":0,"angleY":-287,"inverted":true,"phase":2,"pixelX":0,"pixelY":-24,"source":1,"timestamp":278081952}
{"angleX":0,"angleY":-289,"inverted":true,"phase":2,"pixelX":0,"pixelY":-24,"source":1,"timestamp":278081960}
{"angleX":0,"angleY":-281,"inverted":true,"phase":2,"pixelX":0,"pixelY":-23,"source":1,"timestamp":278081967}
{"angleX":0,"angleY":-273,"inverted":true,"phase":2,"pixelX":0,"pixelY":-23,"source":1,"timestamp":278081974}
{"angleX":0,"angleY":-269,"inverted":true,"phase":2,"pixelX":0,"pixelY":-23,"source":1,"timestamp":278081981}
{"angleX":0,"angleY":-257,"inverted":true,"phase":2,"pixelX":0,"pixelY":-21,"source":1,"timestamp":278081988}
{"angleX":0,"angleY":-242,"inverted":true,"phase":2,"pixelX":0,"pixelY":-20,"source":1,"timestamp":278081995}
{"angleX":0,"angleY":0,"inverted":true,"phase":3,"pixelX":0,"pixelY":0,"source":0,"timestamp":278082038}
{"angleX":0,"angleY":0,"inverted":true,"phase":3,"pixelX":0,"pixelY":0,"source":0,"timestamp":278082038}
{"angleX":0,"angleY":0,"inverted":false,"phase":1,"pixelX":0,"pixelY":0,"source":0,"timestamp":278082442}
{"angleX":0,"angleY":0,"inverted":false,"phase":1,"pixelX":0,"pixelY":0,"source":0,"timestamp":278082442}
{"angleX":0,"angleY":161,"inverted":true,"phase":2,"pixelX":0,"pixelY":13,"source":1,"timestamp":278082442}
{"angleX":0,"angleY":193,"inverted":true,"phase":2,"pixelX":0,"pixelY":17,"source":1,"timestamp":278082449}
{"angleX":0,"angleY":216,"inverted":true,"phase":2,"pixelX":0,"pixelY":18,"source":1,"timestamp":278082456}
{"angleX":0,"angleY":246,"inverted":true,"phase":2,"pixelX":0,"pixelY":20,"source":1,"timestamp":278082464}
{"angleX":0,"angleY":267,"inverted":true,"phase":2,"pixelX":0,"pixelY":22,"source":1,"timestamp":278082471}
{"angleX":0,"angleY":283,"inverted":true,"phase":2,"pixelX":0,"pixelY":24,"source":1,"timestamp":278082478}
{"angleX":0,"angleY":285,"inverted":true,"phase":2,"pixelX":0,"pixelY":24,"source":1,"timestamp":278082485}
{"angleX":0,"angleY":285,"inverted":true,"phase":2,"pixelX":0,"pixelY":23,"source":1,"timestamp":278082492}
{"angleX":0,"angleY":271,"inverted":true,"phase":2,"pixelX":0,"pixelY":23,"source":1,"timestamp":278082500}
{"angleX":0,"angleY":255,"inverted":true,"phase":2,"pixelX":0,"pixelY":21,"source":1,"timestamp":278082507}
{"angleX":0,"angleY":222,"inverted":true,"phase":2,"pixelX":0,"pixelY":19,"source":1,"timestamp":278082514}
{"angleX":0,"angleY":0,"inverted":true,"phase":3,"pixelX":0,"pixelY":0,"source":0,"timestamp":278082527}
{"angleX":0,"angleY":0,"inverted":true,"phase":3,"pixelX":0,"pixelY":0,"source":0,"timestamp":278082527}
{"angleX":0,"angleY":0,"inverted":false,"phase":1,"pixelX":0,"pixelY":0,"source":0,"timestamp":278083054}
{"angleX":0,"angleY":0,"inverted":false,"phase":1,"pixelX":0,"pixelY":0,"source":0,"timestamp":278083054}
{"angleX":0,"angleY":149,"inverted":true,"phase":2,"pixelX":0,"pixelY":12,"source":1,"timestamp":278083054}
{"angleX":0,"angleY":165,"inverted":true,"phase":2,"pixelX":0,"pixelY":14,"source":1,"timestamp":278083061}
{"angleX":0,"angleY":214,"inverted":true,"phase":2,"pixelX":0,"pixelY":18,"source":1,"timestamp":278083069}
{"angleX":0,"angleY":246,"inverted":true,"phase":2,"pixelX":0,"pixelY":20,"source":1,"timestamp":278083076}
{"angleX":0,"angleY":287,"inverted":true,"phase":2,"pixelX":0,"pixelY":24,"source":1,"timestamp":278083083}
{"angleX":0,"angleY":320,"inverted":true,"phase":2,"pixelX":0,"pixelY":27,"source":1,"timestamp":278083090}
{"angleX":0,"angleY":342,"inverted":true,"phase":2,"pixelX":0,"pixelY":29,"source":1,"timestamp":278083097}
{"angleX":0,"angleY":344,"inverted":true,"phase":2,"pixelX":0,"pixelY":28,"source":1,"timestamp":278083105}
{"angleX":0,"angleY":336,"inverted":true,"phase":2,"pixelX":0,"pixelY":28,"source":1,"timestamp":278083112}
{"angleX":0,"angleY":332,"inverted":true,"phase":2,"pixelX":0,"pixelY":28,"source":1,"timestamp":278083119}
{"angleX":0,"angleY":312,"inverted":true,"phase":2,"pixelX":0,"pixelY":26,"source":1,"timestamp":278083126}
{"angleX":0,"angleY":308,"inverted":true,"phase":2,"pixelX":0,"pixelY":26,"source":1,"timestamp":278083133}
{"angleX":0,"angleY":277,"inverted":true,"phase":2,"pixelX":0,"pixelY":23,"source":1,"timestamp":278083140}
{"angleX":0,"angleY":265,"inverted":true,"phase":2,"pixelX":0,"pixelY":22,"source":1,"timestamp":278083148}
{"angleX":0,"angleY":0,"inverted":true,"phase":3,"pixelX":0,"pixelY":0,"source":0,"timestamp":278083183}
{"angleX":0,"angleY":0,"inverted":true,"phase":3,"pixelX":0,"pixelY":0,"source":0,"timestamp":278083183}
{"angleX":0,"angleY":0,"inverted":false,"phase":1,"pixelX":0,"pixelY":0,"source":0,"timestamp":278083637}
{"angleX":0,"angleY":0,"inverted":false,"phase":1,"pixelX":0,"pixelY":0,"source":0,"timestamp":278083637}
{"angleX":0,"angleY":134,"inverted":true,"phase":2,"pixelX":0,"pixelY":11,"source":1,"timestamp":278083637}
{"angleX":0,"angleY":169,"inverted":true,"phase":2,"pixelX":0,"pixelY":14,"source":1,"timestamp":278083645}
{"angleX":0,"angleY":214,"inverted":true,"phase":2,"pixelX":0,"pixelY":18,"source":1,"timestamp":278083652}
{"angleX":0,"angleY":261,"inverted":true,"phase":2,"pixelX":0,"pixelY":22,"source":1,"timestamp":278083659}
{"angleX":0,"angleY":320,"inverted":true,"phase":2,"pixelX":0,"pixelY":26,"source":1,"timestamp":278083666}
{"angleX":0,"angleY":358,"inverted":true,"phase":2,"pixelX":0,"pixelY":30,"source":1,"timestamp":278083673}
{"angleX":0,"angleY":383,"inverted":true,"phase":2,"pixelX":0,"pixelY":32,"source":1,"timestamp":278083681}
{"angleX":0,"angleY":379,"inverted":true,"phase":2,"pixelX":0,"pixelY":32,"source":1,"timestamp":278083688}
{"angleX":0,"angleY":381,"inverted":true,"phase":2,"pixelX":0,"pixelY":32,"source":1,"timestamp":278083695}
{"angleX":0,"angleY":365,"inverted":true,"phase":2,"pixelX":0,"pixelY":30,"source":1,"timestamp":278083702}
{"angleX":0,"angleY":338,"inverted":true,"phase":2,"pixelX":0,"pixelY":28,"source":1,"timestamp":278083709}
{"angleX":0,"angleY":314,"inverted":true,"phase":2,"pixelX":0,"pixelY":26,"source":1,"timestamp":278083717}
{"angleX":0,"angleY":0,"inverted":true,"phase":3,"pixelX":0,"pixelY":0,"source":0,"timestamp":278083744}
{"angleX":0,"angleY":0,"inverted":true,"phase":3,"pixelX":0,"pixelY":0,"source":0,"timestamp":278083744}
{"angleX":0,"angleY":0,"inverted":false,"phase":1,"pixelX":0,"pixelY":0,"source":0,"timestamp":278084509}
{"angleX":0,"angleY":0,"inverted":false,"phase":1,"pixelX":0,"pixelY":0,"source":0,"timestamp":278084509}
{"angleX":0,"angleY":-96,"inverted":true,"phase":2,"pixelX":0,"pixelY":-8,"source":1,"timestamp":278084509}
{"angleX":0,"angleY":-120,"inverted":true,"phase":2,"pixelX":0,"pixelY":-10,"source":1,"timestamp":278084516}
{"angleX":0,"angleY":-138,"inverted":true,"phase":2,"pixelX":0,"pixelY":-12,"source":1,"timestamp":278084523}
{"angleX":0,"angleY":-143,"inverted":true,"phase":2,"pixelX":0,"pixelY":-11,"source":1,"timestamp":278084530}
{"angleX":0,"angleY":-159,"inverted":true,"phase":2,"pixelX":0,"pixelY":-14,"source":1,"timestamp":278084538}
{"angleX":0,"angleY":-189,"inverted":true,"phase":2,"pixelX":0,"pixelY":-15,"source":1,"timestamp":278084545}
{"angleX":0,"angleY":-204,"inverted":true,"phase":2,"pixelX":0,"pixelY":-17,"source":1,"timestamp":278084552}
{"angleX":0,"angleY":-230,"inverted":true,"phase":2,"pixelX":0,"pixelY":-20,"source":1,"timestamp":278084559}
{"angleX":0,"angleY":-244,"inverted":true,"phase":2,"pixelX":0,"pixelY":-20,"source":1,"timestamp":278084566}
{"angleX":0,"angleY":-255,"inverted":true,"phase":2,"pixelX":0,"pixelY":-21,"source":1,"timestamp":278084574}
{"angleX":0,"angleY":-251,"inverted":true,"phase":2,"pixelX":0,"pixelY":-21,"source":1,"timestamp":278084581}
{"angleX":0,"angleY":-238,"inverted":true,"phase":2,"pixelX":0,"pixelY":-20,"source":1,"timestamp":278084588}
{"angleX":0,"angleY":-240,"inverted":true,"phase":2,"pixelX":0,"pixelY":-20,"source":1,"timestamp":278084595}
{"angleX":0,"angleY":-222,"inverted":true,"phase":2,"pixelX":0,"pixelY":-18,"source":1,"timestamp":278084602}
{"angleX":0,"angleY":-214,"inverted":true,"phase":2,"pixelX":0,"pixelY":-18,"source":1,"timestamp":278084610}
{"angleX":0,"angleY":-202,"inverted":true,"phase":2,"pixelX":0,"pixelY":-17,"source":1,"timestamp":278084617}
{"angleX":0,"angleY":-193,"inverted":true,"phase":2,"pixelX":0,"pixelY":-16,"source":1,"timestamp":278084624}
{"angleX":0,"angleY":0,"inverted":true,"phase":3,"pixelX":0,"pixelY":0,"source":0,"timestamp":278084637}
{"angleX":0,"angleY":0,"inverted":true,"phase":3,"pixelX":0,"pixelY":0,"source":0,"timestamp":278084637}
{"angleX":0,"angleY":0,"inverted":false,"phase":1,"pixelX":0,"pixelY":0,"source":0,"timestamp":278085128}
{"angleX":0,"angleY":0,"inverted":false,"phase":1,"pixelX":0,"pixelY":0,"source":0,"timestamp":278085128}
{"angleX":0,"angleY":-189,"inverted":true,"phase":2,"pixelX":0,"pixelY":-16,"source":1,"timestamp":278085128}
{"angleX":0,"angleY":-208,"inverted":true,"phase":2,"pixelX":0,"pixelY":-17,"source":1,"timestamp":278085136}
{"angleX":0,"angleY":-226,"inverted":true,"phase":2,"pixelX":0,"pixelY":-19,"source":1,"timestamp":278085143}
{"angleX":0,"angleY":-228,"inverted":true,"phase":2,"pixelX":0,"pixelY":-19,"source":1,"timestamp":278085150}
{"angleX":0,"angleY":-244,"inverted":true,"phase":2,"pixelX":0,"pixelY":-20,"source":1,"timestamp":278085157}
{"angleX":0,"angleY":-255,"inverted":true,"phase":2,"pixelX":0,"pixelY":-22,"source":1,"timestamp":278085164}
{"angleX":0,"angleY":-281,"inverted":true,"phase":2,"pixelX":0,"pixelY":-23,"source":1,"timestamp":278085172}
{"angleX":0,"angleY":-295,"inverted":true,"phase":2,"pixelX":0,"pixelY":-25,"source":1,"timestamp":278085179}
{"angleX":0,"angleY":-303,"inverted":true,"phase":2,"pixelX":0,"pixelY":-25,"source":1,"timestamp":278085186}
{"angleX":0,"angleY":-305,"inverted":true,"phase":2,"pixelX":0,"pixelY":-25,"source":1,"timestamp":278085193}
{"angleX":0,"angleY":-291,"inverted":true,"phase":2,"pixelX":0,"pixelY":-25,"source":1,"timestamp":278085200}
{"angleX":0,"angleY":-279,"inverted":true,"phase":2,"pixelX":0,"pixelY":-23,"source":1,"timestamp":278085208}
{"angleX":0,"angleY":-263,"inverted":true,"phase":2,"pixelX":0,"pixelY":-22,"source":1,"timestamp":278085215}
{"angleX":0,"angleY":-248,"inverted":true,"phase":2,"pixelX":0,"pixelY":-20,"source":1,"timestamp":278085222}
{"angleX":0,"angleY":-230,"inverted":true,"phase":2,"pixelX":0,"pixelY":-20,"source":1,"timestamp":278085229}
{"angleX":0,"angleY":0,"inverted":true,"phase":3,"pixelX":0,"pixelY":0,"source":0,"timestamp":278085235}
{"angleX":0,"angleY":0,"inverted":true,"phase":3,"pixelX":0,"pixelY":0,"source":0,"timestamp":278085235}
{"angleX":0,"angleY":0,"inverted":false,"phase":1,"pixelX":0,"pixelY":0,"source":0,"timestamp":278085682}
{"angleX":0,"angleY":0,"inverted":false,"phase":1,"pixelX":0,"pixelY":0,"source":0,"timestamp":278085682}
{"angleX":0,"angleY":-153,"inverted":true,"phase":2,"pixelX":0,"pixelY":-13,"source":1,"timestamp":278085682}
{"angleX":0,"angleY":-169,"inverted":true,"phase":2,"pixelX":0,"pixelY":-14,"source":1,"timestamp":278085690}
{"angleX":0,"angleY":-198,"inverted":true,"phase":2,"pixelX":0,"pixelY":-16,"source":1,"timestamp":278085697}
{"angleX":0,"angleY":-220,"inverted":true,"phase":2,"pixelX":0,"pixelY":-19,"source":1,"timestamp":278085704}
{"angleX":0,"angleY":-236,"inverted":true,"phase":2,"pixelX":0,"pixelY":-19,"source":1,"timestamp":278085711}
{"angleX":0,"angleY":-248,"inverted":true,"phase":2,"pixelX":0,"pixelY":-21,"source":1,"timestamp":278085719}
{"angleX":0,"angleY":-259,"inverted":true,"phase":2,"pixelX":0,"pixelY":-22,"source":1,"timestamp":278085726}
{"angleX":0,"angleY":-265,"inverted":true,"phase":2,"pixelX":0,"pixelY":-22,"source":1,"timestamp":278085733}
{"angleX":0,"angleY":-275,"inverted":true,"phase":2,"pixelX":0,"pixelY":-23,"source":1,"timestamp":278085740}
{"angleX":0,"angleY":-277,"inverted":true,"phase":2,"pixelX":0,"pixelY":-23,"source":1,"timestamp":278085747}
{"angleX":0,"angleY":-273,"inverted":true,"phase":2,"pixelX":0,"pixelY":-22,"source":1,"timestamp":278085754}
{"angleX":0,"angleY":-259,"inverted":true,"phase":2,"pixelX":0,"pixelY":-22,"source":1,"timestamp":278085762}
{"angleX":0,"angleY":-248,"inverted":true,"phase":2,"pixelX":0,"pixelY":-21,"source":1,"timestamp":278085769}
{"angleX":0,"angleY":-228,"inverted":true,"phase":2,"pixelX":0,"pixelY":-19,"source":1,"timestamp":278085776}
{"angleX":0,"angleY":-216,"inverted":true,"phase":2,"pixelX":0,"pixelY":-18,"source":1,"timestamp":278085783}
{"angleX":0,"angleY":-202,"inverted":true,"phase":2,"pixelX":0,"pixelY":-16,"source":1,"timestamp":278085790}
{"angleX":0,"angleY":-185,"inverted":true,"phase":2,"pixelX":0,"pixelY":-16,"source":1,"timestamp":278085798}
{"angleX":0,"angleY":-159,"inverted":true,"phase":2,"pixelX":0,"pixelY":-13,"source":1,"timestamp":278085805}
{"angleX":0,"angleY":0,"inverted":true,"phase":3,"pixelX":0,"pixelY":0,"source":0,"timestamp":278085818}
{"angleX":0,"angleY":0,"inverted":true,"phase":3,"pixelX":0,"pixelY":0,"source":0,"timestamp":278085818}
{"angleX":0,"angleY":0,"inverted":false,"phase":1,"pixelX":0,"pixelY":0,"source":0,"timestamp":278086215}
{"angleX":0,"angleY":0,"inverted":false,"phase":1,"pixelX":0,"pixelY":0,"source":0,"timestamp":278086215}
{"angleX":0,"angleY":173,"inverted":true,"phase":2,"pixelX":0,"pixelY":14,"source":1,"timestamp":278086215}
{"angleX":0,"angleY":198,"inverted":true,"phase":2,"pixelX":0,"pixelY":17,"source":1,"timestamp":278086222}
{"angleX":0,"angleY":222,"inverted":true,"phase":2,"pixelX":0,"pixelY":18,"source":1,"timestamp":278086230}
{"angleX":0,"angleY":259,"inverted":true,"phase":2,"pixelX":0,"pixelY":22,"source":1,"timestamp":278086237}
{"angleX":0,"angleY":269,"inverted":true,"phase":2,"pixelX":0,"pixelY":22,"source":1,"timestamp":278086244}
{"angleX":0,"angleY":285,"inverted":true,"phase":2,"pixelX":0,"pixelY":24,"source":1,"timestamp":278086251}
{"angleX":0,"angleY":285,"inverted":true,"phase":2,"pixelX":0,"pixelY":24,"source":1,"timestamp":278086258}
{"angleX":0,"angleY":277,"inverted":true,"phase":2,"pixelX":0,"pixelY":23,"source":1,"timestamp":278086265}
{"angleX":0,"angleY":251,"inverted":true,"phase":2,"pixelX":0,"pixelY":21,"source":1,"timestamp":278086273}
{"angleX":0,"angleY":0,"inverted":true,"phase":3,"pixelX":0,"pixelY":0,"source":0,"timestamp":278086286}
{"angleX":0,"angleY":0,"inverted":true,"phase":3,"pixelX":0,"pixelY":0,"source":0,"timestamp":278086286}
{"angleX":0,"angleY":0,"inverted":false,"phase":1,"pixelX":0,"pixelY":0,"source":0,"timestamp":278086719}
{"angleX":0,"angleY":0,"inverted":false,"phase":1,"pixelX":0,"pixelY":0,"source":0,"timestamp":278086719}
{"angleX":0,"angleY":147,"inverted":true,"phase":2,"pixelX":0,"pixelY":12,"source":1,"timestamp":278086719}
{"angleX":0,"angleY":173,"inverted":true,"phase":2,"pixelX":0,"pixelY":15,"source":1,"timestamp":278086726}
{"angleX":0,"angleY":214,"inverted":true,"phase":2,"pixelX":0,"pixelY":17,"source":1,"timestamp":278086733}
{"angleX":0,"angleY":244,"inverted":true,"phase":2,"pixelX":0,"pixelY":21,"source":1,"timestamp":278086741}
{"angleX":0,"angleY":283,"inverted":true,"phase":2,"pixelX":0,"pixelY":23,"source":1,"timestamp":278086748}
{"angleX":0,"angleY":318,"inverted":true,"phase":2,"pixelX":0,"pixelY":27,"source":1,"timestamp":278086755}
{"angleX":0,"angleY":348,"inverted":true,"phase":2,"pixelX":0,"pixelY":29,"source":1,"timestamp":278086762}
{"angleX":0,"angleY":375,"inverted":true,"phase":2,"pixelX":0,"pixelY":31,"source":1,"timestamp":278086769}
{"angleX":0,"angleY":387,"inverted":true,"phase":2,"pixelX":0,"pixelY":32,"source":1,"timestamp":278086776}
{"angleX":0,"angleY":393,"inverted":true,"phase":2,"pixelX":0,"pixelY":33,"source":1,"timestamp":278086784}
{"angleX":0,"angleY":387,"inverted":true,"phase":2,"pixelX":0,"pixelY":32,"source":1,"timestamp":278086791}
{"angleX":0,"angleY":373,"inverted":true,"phase":2,"pixelX":0,"pixelY":31,"source":1,"timestamp":278086798}
{"angleX":0,"angleY":334,"inverted":true,"phase":2,"pixelX":0,"pixelY":28,"source":1,"timestamp":278086805}
{"angleX":0,"angleY":0,"inverted":true,"phase":3,"pixelX":0,"pixelY":0,"source":0,"timestamp":278086811}
{"angleX":0,"angleY":0,"inverted":true,"phase":3,"pixelX":0,"pixelY":0,"source":0,"timestamp":278086811}
{"angleX":0,"angleY":0,"inverted":false,"phase":1,"pixelX":0,"pixelY":0,"source":0,"timestamp":278087237}
{"angleX":0,"angleY":0,"inverted":false,"phase":1,"pixelX":0,"pixelY":0,"source":0,"timestamp":278087237}
{"angleX":0,"angleY":145,"inverted":true,"phase":2,"pixelX":0,"pixelY":12,"source":1,"timestamp":278087237}
{"angleX":0,"angleY":181,"inverted":true,"phase":2,"pixelX":0,"pixelY":15,"source":1,"timestamp":278087244}
{"angleX":0,"angleY":214,"inverted":true,"phase":2,"pixelX":0,"pixelY":18,"source":1,"timestamp":278087251}
{"angleX":0,"angleY":242,"inverted":true,"phase":2,"pixelX":0,"pixelY":20,"source":1,"timestamp":278087259}
{"angleX":0,"angleY":279,"inverted":true,"phase":2,"pixelX":0,"pixelY":23,"source":1,"timestamp":278087266}
{"angleX":0,"angleY":299,"inverted":true,"phase":2,"pixelX":0,"pixelY":25,"source":1,"timestamp":278087273}
{"angleX":0,"angleY":326,"inverted":true,"phase":2,"pixelX":0,"pixelY":28,"source":1,"timestamp":278087281}
{"angleX":0,"angleY":326,"inverted":true,"phase":2,"pixelX":0,"pixelY":27,"source":1,"timestamp":278087287}
{"angleX":0,"angleY":318,"inverted":true,"phase":2,"pixelX":0,"pixelY":26,"source":1,"timestamp":278087295}
{"angleX":0,"angleY":318,"inverted":true,"phase":2,"pixelX":0,"pixelY":27,"source":1,"timestamp":278087302}
{"angleX":0,"angleY":299,"inverted":true,"phase":2,"pixelX":0,"pixelY":25,"source":1,"timestamp":278087309}
{"angleX":0,"angleY":289,"inverted":true,"phase":2,"pixelX":0,"pixelY":24,"source":1,"timestamp":278087316}
{"angleX":0,"angleY":0,"inverted":true,"phase":3,"pixelX":0,"pixelY":0,"source":0,"timestamp":278087329}
{"angleX":0,"angleY":0,"inverted":true,"phase":3,"pixelX":0,"pixelY":0,"source":0,"timestamp":278087329}
{"angleX":0,"angleY":0,"inverted":false,"phase":1,"pixelX":0,"pixelY":0,"source":0,"timestamp":278087669}
{"angleX":0,"angleY":0,"inverted":false,"phase":1,"pixelX":0,"pixelY":0,"source":0,"timestamp":278087669}
{"angleX":0,"angleY":-244,"inverted":true,"phase":2,"pixelX":0,"pixelY":-20,"source":1,"timestamp":278087669}
{"angleX":0,"angleY":-253,"inverted":true,"phase":2,"pixelX":0,"pixelY":-21,"source":1,"timestamp":278087676}
{"angleX":0,"angleY":-271,"inverted":true,"phase":2,"pixelX":0,"pixelY":-23,"source":1,"timestamp":278087683}
{"angleX":0,"angleY":-279,"inverted":true,"phase":2,"pixelX":0,"pixelY":-23,"source":1,"timestamp":278087690}
{"angleX":0,"angleY":-283,"inverted":true,"phase":2,"pixelX":0,"pixelY":-24,"source":1,"timestamp":278087698}
{"angleX":0,"angleY":-293,"inverted":true,"phase":2,"pixelX":0,"pixelY":-24,"source":1,"timestamp":278087705}
{"angleX":0,"angleY":-289,"inverted":true,"phase":2,"pixelX":0,"pixelY":-24,"source":1,"timestamp":278087712}
{"angleX":0,"angleY":-299,"inverted":true,"phase":2,"pixelX":0,"pixelY":-25,"source":1,"timestamp":278087719}
{"angleX":0,"angleY":-287,"inverted":true,"phase":2,"pixelX":0,"pixelY":-24,"source":1,"timestamp":278087726}
{"angleX":0,"angleY":-293,"inverted":true,"phase":2,"pixelX":0,"pixelY":-25,"source":1,"timestamp":278087733}
{"angleX":0,"angleY":-289,"inverted":true,"phase":2,"pixelX":0,"pixelY":-24,"source":1,"timestamp":278087741}
{"angleX":0,"angleY":-289,"inverted":true,"phase":2,"pixelX":0,"pixelY":-24,"source":1,"timestamp":278087748}
{"angleX":0,"angleY":-283,"inverted":true,"phase":2,"pixelX":0,"pixelY":-23,"source":1,"timestamp":278087755}
{"angleX":0,"angleY":-277,"inverted":true,"phase":2,"pixelX":0,"pixelY":-24,"source":1,"timestamp":278087762}
{"angleX":0,"angleY":0,"inverted":true,"phase":3,"pixelX":0,"pixelY":0,"source":0,"timestamp":278087776}
{"angleX":0,"angleY":0,"inverted":true,"phase":3,"pixelX":0,"pixelY":0,"source":0,"timestamp":278087776}
{"angleX":0,"angleY":0,"inverted":false,"phase":1,"pixelX":0,"pixelY":0,"source":0,"timestamp":278088209}
{"angleX":0,"angleY":0,"inverted":false,"phase":1,"pixelX":0,"pixelY":0,"source":0,"timestamp":278088209}
{"angleX":0,"angleY":-187,"inverted":true,"phase":2,"pixelX":0,"pixelY":-16,"source":1,"timestamp":278088209}
{"angleX":0,"angleY":-208,"inverted":true,"phase":2,"pixelX":0,"pixelY":-17,"source":1,"timestamp":278088216}
{"angleX":0,"angleY":-220,"inverted":true,"phase":2,"pixelX":0,"pixelY":-18,"source":1,"timestamp":278088223}
{"angleX":0,"angleY":-240,"inverted":true,"phase":2,"pixelX":0,"pixelY":-20,"source":1,"timestamp":278088230}
{"angleX":0,"angleY":-263,"inverted":true,"phase":2,"pixelX":0,"pixelY":-22,"source":1,"timestamp":278088237}
{"angleX":0,"angleY":-277,"inverted":true,"phase":2,"pixelX":0,"pixelY":-23,"source":1,"timestamp":278088245}
{"angleX":0,"angleY":-287,"inverted":true,"phase":2,"pixelX":0,"pixelY":-24,"source":1,"timestamp":278088252}
{"angleX":0,"angleY":-295,"inverted":true,"phase":2,"pixelX":0,"pixelY":-25,"source":1,"timestamp":278088259}
{"angleX":0,"angleY":-301,"inverted":true,"phase":2,"pixelX":0,"pixelY":-25,"source":1,"timestamp":278088266}
{"angleX":0,"angleY":-297,"inverted":true,"phase":2,"pixelX":0,"pixelY":-25,"source":1,"timestamp":278088273}
{"angleX":0,"angleY":-289,"inverted":true,"phase":2,"pixelX":0,"pixelY":-24,"source":1,"timestamp":278088281}
{"angleX":0,"angleY":-293,"inverted":true,"phase":2,"pixelX":0,"pixelY":-24,"source":1,"timestamp":278088288}
{"angleX":0,"angleY":-281,"inverted":true,"phase":2,"pixelX":0,"pixelY":-24,"source":1,"timestamp":278088295}
{"angleX":0,"angleY":-281,"inverted":true,"phase":2,"pixelX":0,"pixelY":-23,"source":1,"timestamp":278088302}
{"angleX":0,"angleY":-277,"inverted":true,"phase":2,"pixelX":0,"pixelY":-23,"source":1,"timestamp":278088309}
{"angleX":0,"angleY":-259,"inverted":true,"phase":2,"pixelX":0,"pixelY":-22,"source":1,"timestamp":278088316}
{"angleX":0,"angleY":0,"inverted":true,"phase":3,"pixelX":0,"pixelY":0,"source":0,"timestamp":278088337}
{"angleX":0,"angleY":0,"inverted":true,"phase":3,"pixelX":0,"pixelY":0,"source":0,"timestamp":278088337}
{"angleX":0,"angleY":0,"inverted":false,"phase":1,"pixelX":0,"pixelY":0,"source":0,"timestamp":278088691}
{"angleX":0,"angleY":0,"inverted":false,"phase":1,"pixelX":0,"pixelY":0,"source":0,"timestamp":278088691}
{"angleX":0,"angleY":167,"inverted":true,"phase":2,"pixelX":0,"pixelY":14,"source":1,"timestamp":278088691}
{"angleX":0,"angleY":200,"inverted":true,"phase":2,"pixelX":0,"pixelY":17,"source":1,"timestamp":278088698}
{"angleX":0,"angleY":228,"inverted":true,"phase":2,"pixelX":0,"pixelY":19,"source":1,"timestamp":278088705}
{"angleX":0,"angleY":271,"inverted":true,"phase":2,"pixelX":0,"pixelY":22,"source":1,"timestamp":278088713}
{"angleX":0,"angleY":279,"inverted":true,"phase":2,"pixelX":0,"pixelY":23,"source":1,"timestamp":278088720}
{"angleX":0,"angleY":299,"inverted":true,"phase":2,"pixelX":0,"pixelY":25,"source":1,"timestamp":278088727}
{"angleX":0,"angleY":308,"inverted":true,"phase":2,"pixelX":0,"pixelY":26,"source":1,"timestamp":278088734}
{"angleX":0,"angleY":293,"inverted":true,"phase":2,"pixelX":0,"pixelY":24,"source":1,"timestamp":278088741}
{"angleX":0,"angleY":297,"inverted":true,"phase":2,"pixelX":0,"pixelY":25,"source":1,"timestamp":278088748}
{"angleX":0,"angleY":277,"inverted":true,"phase":2,"pixelX":0,"pixelY":23,"source":1,"timestamp":278088756}
{"angleX":0,"angleY":269,"inverted":true,"phase":2,"pixelX":0,"pixelY":23,"source":1,"timestamp":278088763}
{"angleX":0,"angleY":240,"inverted":true,"phase":2,"pixelX":0,"pixelY":20,"source":1,"timestamp":278088770}
{"angleX":0,"angleY":242,"inverted":true,"phase":2,"pixelX":0,"pixelY":20,"source":1,"timestamp":278088777}
{"angleX":0,"angleY":0,"inverted":true,"phase":3,"pixelX":0,"pixelY":0,"source":0,"timestamp":278088790}
{"angleX":0,"angleY":0,"inverted":true,"phase":3,"pixelX":0,"pixelY":0,"source":0,"timestamp":278088790}
{"angleX":0,"angleY":0,"inverted":false,"phase":1,"pixelX":0,"pixelY":0,"source":0,"timestamp":278089173}
{"angleX":0,"angleY":0,"inverted":false,"phase":1,"pixelX":0,"pixelY":0,"source":0,"timestamp":278089173}
{"angleX":0,"angleY":169,"inverted":true,"phase":2,"pixelX":0,"pixelY":14,"source":1,"timestamp":278089173}
{"angleX":0,"angleY":206,"inverted":true,"phase":2,"pixelX":0,"pixelY":17,"source":1,"timestamp":278089181}
{"angleX":0,"angleY":244,"inverted":true,"phase":2,"pixelX":0,"pixelY":21,"source":1,"timestamp":278089188}
{"angleX":0,"angleY":269,"inverted":true,"phase":2,"pixelX":0,"pixelY":22,"source":1,"timestamp":278089195}
{"angleX":0,"angleY":310,"inverted":true,"phase":2,"pixelX":0,"pixelY":26,"source":1,"timestamp":278089202}
{"angleX":0,"angleY":324,"inverted":true,"phase":2,"pixelX":0,"pixelY":27,"source":1,"timestamp":278089209}
{"angleX":0,"angleY":336,"inverted":true,"phase":2,"pixelX":0,"pixelY":28,"source":1,"timestamp":278089216}
{"angleX":0,"angleY":352,"inverted":true,"phase":2,"pixelX":0,"pixelY":29,"source":1,"timestamp":278089224}
{"angleX":0,"angleY":344,"inverted":true,"phase":2,"pixelX":0,"pixelY":29,"source":1,"timestamp":278089231}
{"angleX":0,"angleY":344,"inverted":true,"phase":2,"pixelX":0,"pixelY":28,"source":1,"timestamp":278089238}
{"angleX":0,"angleY":332,"inverted":true,"phase":2,"pixelX":0,"pixelY":28,"source":1,"timestamp":278089245}
{"angleX":0,"angleY":320,"inverted":true,"phase":2,"pixelX":0,"pixelY":27,"source":1,"timestamp":278089252}
{"angleX":0,"angleY":0,"inverted":true,"phase":3,"pixelX":0,"pixelY":0,"source":0,"timestamp":278089280}
{"angleX":0,"angleY":0,"inverted":true,"phase":3,"pixelX":0,"pixelY":0,"source":0,"timestamp":278089280}
{"angleX":0,"angleY":0,"inverted":false,"phase":1,"pixelX":0,"pixelY":0,"source":0,"timestamp":278089641}
{"angleX":0,"angleY":0,"inverted":false,"phase":1,"pixelX":0,"pixelY":0,"source":0,"timestamp":278089641}
{"angleX":0,"angleY":134,"inverted":true,"phase":2,"pixelX":0,"pixelY":11,"source":1,"timestamp":278089641}
{"angleX":0,"angleY":161,"inverted":true,"phase":2,"pixelX":0,"pixelY":14,"source":1,"timestamp":278089648}
{"angleX":0,"angleY":191,"inverted":true,"phase":2,"pixelX":0,"pixelY":16,"source":1,"timestamp":278089656}
{"angleX":0,"angleY":212,"inverted":true,"phase":2,"pixelX":0,"pixelY":17,"source":1,"timestamp":278089663}
{"angleX":0,"angleY":236,"inverted":true,"phase":2,"pixelX":0,"pixelY":20,"source":1,"timestamp":278089670}
{"angleX":0,"angleY":257,"inverted":true,"phase":2,"pixelX":0,"pixelY":21,"source":1,"timestamp":278089677}
{"angleX":0,"angleY":289,"inverted":true,"phase":2,"pixelX":0,"pixelY":24,"source":1,"timestamp":278089684}
{"angleX":0,"angleY":305,"inverted":true,"phase":2,"pixelX":0,"pixelY":26,"source":1,"timestamp":278089691}
{"angleX":0,"angleY":314,"inverted":true,"phase":2,"pixelX":0,"pixelY":26,"source":1,"timestamp":278089699}
{"angleX":0,"angleY":318,"inverted":true,"phase":2,"pixelX":0,"pixelY":26,"source":1,"timestamp":278089706}
{"angleX":0,"angleY":312,"inverted":true,"phase":2,"pixelX":0,"pixelY":26,"source":1,"timestamp":278089713}
{"angleX":0,"angleY":308,"inverted":true,"phase":2,"pixelX":0,"pixelY":26,"source":1,"timestamp":278089720}
{"angleX":0,"angleY":308,"inverted":true,"phase":2,"pixelX":0,"pixelY":26,"source":1,"timestamp":278089727}
{"angleX":0,"angleY":291,"inverted":true,"phase":2,"pixelX":0,"pixelY":24,"source":1,"timestamp":278089735}
{"angleX":0,"angleY":297,"inverted":true,"phase":2,"pixelX":0,"pixelY":25,"source":1,"timestamp":278089742}
{"angleX":0,"angleY":267,"inverted":true,"phase":2,"pixelX":0,"pixelY":22,"source":1,"timestamp":278089749}
{"angleX":0,"angleY":0,"inverted":true,"phase":3,"pixelX":0,"pixelY":0,"source":0,"timestamp":278089777}
{"angleX":0,"angleY":0,"inverted":true,"phase":3,"pixelX":0,"pixelY":0,"source":0,"timestamp":278089777}
{"angleX":0,"angleY":0,"inverted":false,"phase":1,"pixelX":0,"pixelY":0,"source":0,"timestamp":278090195}
{"angleX":0,"angleY":0,"inverted":false,"phase":1,"pixelX":0,"pixelY":0,"source":0,"timestamp":278090195}
{"angleX":0,"angleY":-155,"inverted":true,"phase":2,"pixelX":0,"pixelY":-13,"source":1,"timestamp":278090195}
{"angleX":0,"angleY":-175,"inverted":true,"phase":2,"pixelX":0,"pixelY":-14,"source":1,"timestamp":278090203}
{"angleX":0,"angleY":-175,"inverted":true,"phase":2,"pixelX":0,"pixelY":-15,"source":1,"timestamp":278090210}
{"angleX":0,"angleY":-189,"inverted":true,"phase":2,"pixelX":0,"pixelY":-16,"source":1,"timestamp":278090217}
{"angleX":0,"angleY":-200,"inverted":true,"phase":2,"pixelX":0,"pixelY":-17,"source":1,"timestamp":278090224}
{"angleX":0,"angleY":-210,"inverted":true,"phase":2,"pixelX":0,"pixelY":-17,"source":1,"timestamp":278090231}
{"angleX":0,"angleY":-226,"inverted":true,"phase":2,"pixelX":0,"pixelY":-19,"source":1,"timestamp":278090239}
{"angleX":0,"angleY":-242,"inverted":true,"phase":2,"pixelX":0,"pixelY":-20,"source":1,"timestamp":278090246}
{"angleX":0,"angleY":-269,"inverted":true,"phase":2,"pixelX":0,"pixelY":-22,"source":1,"timestamp":278090253}
{"angleX":0,"angleY":-285,"inverted":true,"phase":2,"pixelX":0,"pixelY":-24,"source":1,"timestamp":278090260}
{"angleX":0,"angleY":-324,"inverted":true,"phase":2,"pixelX":0,"pixelY":-27,"source":1,"timestamp":278090267}
{"angleX":0,"angleY":-330,"inverted":true,"phase":2,"pixelX":0,"pixelY":-28,"source":1,"timestamp":278090275}
{"angleX":0,"angleY":-340,"inverted":true,"phase":2,"pixelX":0,"pixelY":-28,"source":1,"timestamp":278090282}
{"angleX":0,"angleY":-326,"inverted":true,"phase":2,"pixelX":0,"pixelY":-27,"source":1,"timestamp":278090289}
{"angleX":0,"angleY":-308,"inverted":true,"phase":2,"pixelX":0,"pixelY":-26,"source":1,"timestamp":278090296}
{"angleX":0,"angleY":0,"inverted":true,"phase":3,"pixelX":0,"pixelY":0,"source":0,"timestamp":278090309}
{"angleX":0,"angleY":0,"inverted":true,"phase":3,"pixelX":0,"pixelY":0,"source":0,"timestamp":278090309}
{"angleX":0,"angleY":0,"inverted":false,"phase":1,"pixelX":0,"pixelY":0,"source":0,"timestamp":278090822}
{"angleX":0,"angleY":0,"inverted":false,"phase":1,"pixelX":0,"pixelY":0,"source":0,"timestamp":278090822}
{"angleX":0,"angleY":-183,"inverted":true,"phase":2,"pixelX":0,"pixelY":-15,"source":1,"timestamp":278090822}
{"angleX":0,"angleY":-214,"inverted":true,"phase":2,"pixelX":0,"pixelY":-18,"source":1,"timestamp":278090829}
{"angleX":0,"angleY":-238,"inverted":true,"phase":2,"pixelX":0,"pixelY":-20,"source":1,"timestamp":278090836}
{"angleX":0,"angleY":-261,"inverted":true,"phase":2,"pixelX":0,"pixelY":-22,"source":1,"timestamp":278090843}
{"angleX":0,"angleY":-277,"inverted":true,"phase":2,"pixelX":0,"pixelY":-23,"source":1,"timestamp":278090851}
{"angleX":0,"angleY":-297,"inverted":true,"phase":2,"pixelX":0,"pixelY":-25,"source":1,"timestamp":278090858}
{"angleX":0,"angleY":-320,"inverted":true,"phase":2,"pixelX":0,"pixelY":-26,"source":1,"timestamp":278090865}
{"angleX":0,"angleY":-332,"inverted":true,"phase":2,"pixelX":0,"pixelY":-28,"source":1,"timestamp":278090872}
{"angleX":0,"angleY":-334,"inverted":true,"phase":2,"pixelX":0,"pixelY":-28,"source":1,"timestamp":278090879}
{"angleX":0,"angleY":-328,"inverted":true,"phase":2,"pixelX":0,"pixelY":-27,"source":1,"timestamp":278090887}
{"angleX":0,"angleY":-316,"inverted":true,"phase":2,"pixelX":0,"pixelY":-26,"source":1,"timestamp":278090894}
{"angleX":0,"angleY":-293,"inverted":true,"phase":2,"pixelX":0,"pixelY":-25,"source":1,"timestamp":278090901}
{"angleX":0,"angleY":-257,"inverted":true,"phase":2,"pixelX":0,"pixelY":-21,"source":1,"timestamp":278090908}
{"angleX":0,"angleY":0,"inverted":true,"phase":3,"pixelX":0,"pixelY":0,"source":0,"timestamp":278090914}
{"angleX":0,"angleY":0,"inverted":true,"phase":3,"pixelX":0,"pixelY":0,"source":0,"timestamp":278090914}
{"angleX":0,"angleY":0,"inverted":false,"phase":1,"pixelX":0,"pixelY":0,"source":0,"timestamp":278091304}
{"angleX":0,"angleY":0,"inverted":false,"phase":1,"pixelX":0,"pixelY":0,"source":0,"timestamp":278091304}
{"angleX":0,"angleY":-151,"inverted":true,"phase":2,"pixelX":0,"pixelY":-13,"source":1,"timestamp":278091304}
{"angleX":0,"angleY":-161,"inverted":true,"phase":2,"pixelX":0,"pixelY":-13,"source":1,"timestamp":278091311}
{"angleX":0,"angleY":-185,"inverted":true,"phase":2,"pixelX":0,"pixelY":-15,"source":1,"timestamp":278091319}
{"angleX":0,"angleY":-204,"inverted":true,"phase":2,"pixelX":0,"pixelY":-17,"source":1,"timestamp":278091326}
{"angleX":0,"angleY":-216,"inverted":true,"phase":2,"pixelX":0,"pixelY":-18,"source":1,"timestamp":278091333}
{"angleX":0,"angleY":-232,"inverted":true,"phase":2,"pixelX":0,"pixelY":-20,"source":1,"timestamp":278091340}
{"angleX":0,"angleY":-253,"inverted":true,"phase":2,"pixelX":0,"pixelY":-21,"source":1,"timestamp":278091347}
{"angleX":0,"angleY":-267,"inverted":true,"phase":2,"pixelX":0,"pixelY":-22,"source":1,"timestamp":278091355}
{"angleX":0,"angleY":-277,"inverted":true,"phase":2,"pixelX":0,"pixelY":-23,"source":1,"timestamp":278091362}
{"angleX":0,"angleY":-279,"inverted":true,"phase":2,"pixelX":0,"pixelY":-23,"source":1,"timestamp":278091369}
{"angleX":0,"angleY":-271,"inverted":true,"phase":2,"pixelX":0,"pixelY":-23,"source":1,"timestamp":278091376}
{"angleX":0,"angleY":-265,"inverted":true,"phase":2,"pixelX":0,"pixelY":-22,"source":1,"timestamp":278091383}
{"angleX":0,"angleY":-248,"inverted":true,"phase":2,"pixelX":0,"pixelY":-21,"source":1,"timestamp":278091390}
{"angleX":0,"angleY":-224,"inverted":true,"phase":2,"pixelX":0,"pixelY":-18,"source":1,"timestamp":278091398}
{"angleX":0,"angleY":-196,"inverted":true,"phase":2,"pixelX":0,"pixelY":-17,"source":1,"timestamp":278091405}
{"angleX":0,"angleY":0,"inverted":true,"phase":3,"pixelX":0,"pixelY":0,"source":0,"timestamp":278091432}
{"angleX":0,"angleY":0,"inverted":true,"phase":3,"pixelX":0,"pixelY":0,"source":0,"timestamp":278091432}
{"angleX":0,"angleY":0,"inverted":false,"phase":1,"pixelX":0,"pixelY":0,"source":0,"timestamp":278091736}
{"angleX":0,"angleY":0,"inverted":false,"phase":1,"pixelX":0,"pixelY":0,"source":0,"timestamp":278091736}
{"angleX":0,"angleY":114,"inverted":true,"phase":2,"pixelX":0,"pixelY":10,"source":1,"timestamp":278091736}
{"angleX":0,"angleY":138,"inverted":true,"phase":2,"pixelX":0,"pixelY":11,"source":1,"timestamp":278091743}
{"angleX":0,"angleY":155,"inverted":true,"phase":2,"pixelX":0,"pixelY":13,"source":1,"timestamp":278091750}
{"angleX":0,"angleY":181,"inverted":true,"phase":2,"pixelX":0,"pixelY":15,"source":1,"timestamp":278091758}
{"angleX":0,"angleY":210,"inverted":true,"phase":2,"pixelX":0,"pixelY":18,"source":1,"timestamp":278091765}
{"angleX":0,"angleY":222,"inverted":true,"phase":2,"pixelX":0,"pixelY":18,"source":1,"timestamp":278091772}
{"angleX":0,"angleY":238,"inverted":true,"phase":2,"pixelX":0,"pixelY":20,"source":1,"timestamp":278091779}
{"angleX":0,"angleY":248,"inverted":true,"phase":2,"pixelX":0,"pixelY":21,"source":1,"timestamp":278091786}
{"angleX":0,"angleY":248,"inverted":true,"phase":2,"pixelX":0,"pixelY":20,"source":1,"timestamp":278091794}
{"angleX":0,"angleY":251,"inverted":true,"phase":2,"pixelX":0,"pixelY":21,"source":1,"timestamp":278091801}
{"angleX":0,"angleY":248,"inverted":true,"phase":2,"pixelX":0,"pixelY":21,"source":1,"timestamp":278091808}
{"angleX":0,"angleY":251,"inverted":true,"phase":2,"pixelX":0,"pixelY":21,"source":1,"timestamp":278091815}
{"angleX":0,"angleY":246,"inverted":true,"phase":2,"pixelX":0,"pixelY":20,"source":1,"timestamp":278091822}
{"angleX":0,"angleY":255,"inverted":true,"phase":2,"pixelX":0,"pixelY":21,"source":1,"timestamp":278091829}
{"angleX":0,"angleY":242,"inverted":true,"phase":2,"pixelX":0,"pixelY":21,"source":1,"timestamp":278091837}
{"angleX":0,"angleY":244,"inverted":true,"phase":2,"pixelX":0,"pixelY":20,"source":1,"timestamp":278091844}
{"angleX":0,"angleY":236,"inverted":true,"phase":2,"pixelX":0,"pixelY":20,"source":1,"timestamp":278091851}
{"angleX":0,"angleY":246,"inverted":true,"phase":2,"pixelX":0,"pixelY":20,"source":1,"timestamp":278091858}
{"angleX":0,"angleY":0,"inverted":true,"phase":3,"pixelX":0,"pixelY":0,"source":0,"timestamp":278091879}
{"angleX":0,"angleY":0,"inverted":true,"phase":3,"pixelX":0,"pixelY":0,"source":0,"timestamp":278091879}
{"angleX":0,"angleY":0,"inverted":false,"phase":1,"pixelX":0,"pixelY":0,"source":0,"timestamp":278092312}
{"angleX":0,"angleY":0,"inverted":false,"phase":1,"pixelX":0,"pixelY":0,"source":0,"timestamp":278092312}
{"angleX":0,"angleY":134,"inverted":true,"phase":2,"pixelX":0,"pixelY":11,"source":1,"timestamp":278092312}
{"angleX":0,"angleY":147,"inverted":true,"phase":2,"pixelX":0,"pixelY":12,"source":1,"timestamp":278092319}
{"angleX":0,"angleY":163,"inverted":true,"phase":2,"pixelX":0,"pixelY":14,"source":1,"timestamp":278092326}
{"angleX":0,"angleY":185,"inverted":true,"phase":2,"pixelX":0,"pixelY":15,"source":1,"timestamp":278092334}
{"angleX":0,"angleY":193,"inverted":true,"phase":2,"pixelX":0,"pixelY":17,"source":1,"timestamp":278092341}
{"angleX":0,"angleY":198,"inverted":true,"phase":2,"pixelX":0,"pixelY":16,"source":1,"timestamp":278092348}
{"angleX":0,"angleY":206,"inverted":true,"phase":2,"pixelX":0,"pixelY":17,"source":1,"timestamp":278092355}
{"angleX":0,"angleY":200,"inverted":true,"phase":2,"pixelX":0,"pixelY":17,"source":1,"timestamp":278092362}
{"angleX":0,"angleY":189,"inverted":true,"phase":2,"pixelX":0,"pixelY":16,"source":1,"timestamp":278092370}
{"angleX":0,"angleY":185,"inverted":true,"phase":2,"pixelX":0,"pixelY":15,"source":1,"timestamp":278092377}
{"angleX":0,"angleY":175,"inverted":true,"phase":2,"pixelX":0,"pixelY":15,"source":1,"timestamp":278092384}
{"angleX":0,"angleY":157,"inverted":true,"phase":2,"pixelX":0,"pixelY":13,"source":1,"timestamp":278092391}
{"angleX":0,"angleY":141,"inverted":true,"phase":2,"pixelX":0,"pixelY":11,"source":1,"timestamp":278092398}
{"angleX":0,"angleY":128,"inverted":true,"phase":2,"pixelX":0,"pixelY":11,"source":1,"timestamp":278092406}
{"angleX":0,"angleY":110,"inverted":true,"phase":2,"pixelX":0,"pixelY":9,"source":1,"timestamp":278092413}
{"angleX":0,"angleY":94,"inverted":true,"phase":2,"pixelX":0,"pixelY":8,"source":1,"timestamp":278092420}
{"angleX":0,"angleY":75,"inverted":true,"phase":2,"pixelX":0,"pixelY":6,"source":1,"timestamp":278092427}
{"angleX":0,"angleY":69,"inverted":true,"phase":2,"pixelX":0,"pixelY":6,"source":1,"timestamp":278092434}
{"angleX":0,"angleY":63,"inverted":true,"phase":2,"pixelX":0,"pixelY":5,"source":1,"timestamp":278092442}
{"angleX":0,"angleY":63,"inverted":true,"phase":2,"pixelX":0,"pixelY":6,"source":1,"timestamp":278092449}
{"angleX":0,"angleY":0,"inverted":true,"phase":3,"pixelX":0,"pixelY":0,"source":0,"timestamp":278092476}
{"angleX":0,"angleY":0,"inverted":true,"phase":3,"pixelX":0,"pixelY":0,"source":0,"timestamp":278092476}
{"angleX":0,"angleY":0,"inverted":false,"phase":1,"pixelX":0,"pixelY":0,"source":0,"timestamp":278094393}
{"angleX":0,"angleY":0,"inverted":false,"phase":1,"pixelX":0,"pixelY":0,"source":0,"timestamp":278094393}
{"angleX":47,"angleY":-61,"inverted":true,"phase":2,"pixelX":4,"pixelY":-5,"source":1,"timestamp":278094393}
{"angleX":0,"angleY":0,"inverted":true,"phase":2,"pixelX":0,"pixelY":0,"source":1,"timestamp":278094393}
{"angleX":53,"angleY":-65,"inverted":true,"phase":2,"pixelX":4,"pixelY":-6,"source":1,"timestamp":278094400}
{"angleX":0,"angleY":0,"inverted":true,"phase":2,"pixelX":0,"pixelY":0,"source":1,"timestamp":278094400}
{"angleX":51,"angleY":-69,"inverted":true,"phase":2,"pixelX":5,"pixelY":-5,"source":1,"timestamp":278094408}
{"angleX":0,"angleY":0,"inverted":true,"phase":2,"pixelX":0,"pixelY":0,"source":1,"timestamp":278094408}
{"angleX":51,"angleY":-86,"inverted":true,"phase":2,"pixelX":4,"pixelY":-7,"source":1,"timestamp":278094415}
{"angleX":0,"angleY":0,"inverted":true,"phase":2,"pixelX":0,"pixelY":0,"source":1,"timestamp":278094415}
{"angleX":45,"angleY":-110,"inverted":true,"phase":2,"pixelX":4,"pixelY":-10,"source":1,"timestamp":278094422}
{"angleX":0,"angleY":0,"inverted":true,"phase":2,"pixelX":0,"pixelY":0,"source":1,"timestamp":278094422}
{"angleX":0,"angleY":-132,"inverted":true,"phase":2,"pixelX":0,"pixelY":-11,"source":1,"timestamp":278094429}
{"angleX":0,"angleY":-151,"inverted":true,"phase":2,"pixelX":0,"pixelY":-12,"source":1,"timestamp":278094436}
{"angleX":0,"angleY":-179,"inverted":true,"phase":2,"pixelX":0,"pixelY":-15,"source":1,"timestamp":278094443}
{"angleX":0,"angleY":-200,"inverted":true,"phase":2,"pixelX":0,"pixelY":-17,"source":1,"timestamp":278094451}
{"angleX":0,"angleY":-212,"inverted":true,"phase":2,"pixelX":0,"pixelY":-17,"source":1,"timestamp":278094458}
{"angleX":0,"angleY":-224,"inverted":true,"phase":2,"pixelX":0,"pixelY":-19,"source":1,"timestamp":278094465}
{"angleX":0,"angleY":-218,"inverted":true,"phase":2,"pixelX":0,"pixelY":-18,"source":1,"timestamp":278094472}
{"angleX":0,"angleY":-214,"inverted":true,"phase":2,"pixelX":0,"pixelY":-18,"source":1,"timestamp":278094479}
{"angleX":0,"angleY":-191,"inverted":true,"phase":2,"pixelX":0,"pixelY":-16,"source":1,"timestamp":278094487}
{"angleX":0,"angleY":-191,"inverted":true,"phase":2,"pixelX":0,"pixelY":-16,"source":1,"timestamp":278094494}
{"angleX":0,"angleY":0,"inverted":true,"phase":3,"pixelX":0,"pixelY":0,"source":0,"timestamp":278094507}
{"angleX":0,"angleY":0,"inverted":true,"phase":3,"pixelX":0,"pixelY":0,"source":0,"timestamp":278094507}
{"angleX":0,"angleY":0,"inverted":false,"phase":1,"pixelX":0,"pixelY":0,"source":0,"timestamp":278095084}
{"angleX":0,"angleY":0,"inverted":false,"phase":1,"pixelX":0,"pixelY":0,"source":0,"timestamp":278095084}
{"angleX":0,"angleY":-106,"inverted":true,"phase":2,"pixelX":0,"pixelY":-9,"source":1,"timestamp":278095084}
{"angleX":0,"angleY":-114,"inverted":true,"phase":2,"pixelX":0,"pixelY":-9,"source":1,"timestamp":278095091}
{"angleX":0,"angleY":-116,"inverted":true,"phase":2,"pixelX":0,"pixelY":-10,"source":1,"timestamp":278095099}
{"angleX":0,"angleY":-114,"inverted":true,"phase":2,"pixelX":0,"pixelY":-10,"source":1,"timestamp":278095106}
{"angleX":0,"angleY":-126,"inverted":true,"phase":2,"pixelX":0,"pixelY":-10,"source":1,"timestamp":278095113}
{"angleX":0,"angleY":-134,"inverted":true,"phase":2,"pixelX":0,"pixelY":-11,"source":1,"timestamp":278095120}
{"angleX":0,"angleY":-143,"inverted":true,"phase":2,"pixelX":0,"pixelY":-12,"source":1,"timestamp":278095128}
{"angleX":0,"angleY":-143,"inverted":true,"phase":2,"pixelX":0,"pixelY":-12,"source":1,"timestamp":278095134}
{"angleX":0,"angleY":-159,"inverted":true,"phase":2,"pixelX":0,"pixelY":-13,"source":1,"timestamp":278095142}
{"angleX":0,"angleY":-161,"inverted":true,"phase":2,"pixelX":0,"pixelY":-14,"source":1,"timestamp":278095149}
{"angleX":0,"angleY":-175,"inverted":true,"phase":2,"pixelX":0,"pixelY":-14,"source":1,"timestamp":278095156}
{"angleX":0,"angleY":-181,"inverted":true,"phase":2,"pixelX":0,"pixelY":-15,"source":1,"timestamp":278095163}
{"angleX":0,"angleY":-187,"inverted":true,"phase":2,"pixelX":0,"pixelY":-16,"source":1,"timestamp":278095170}
{"angleX":0,"angleY":-185,"inverted":true,"phase":2,"pixelX":0,"pixelY":-15,"source":1,"timestamp":278095178}
{"angleX":0,"angleY":-198,"inverted":true,"phase":2,"pixelX":0,"pixelY":-17,"source":1,"timestamp":278095185}
{"angleX":0,"angleY":-204,"inverted":true,"phase":2,"pixelX":0,"pixelY":-17,"source":1,"timestamp":278095192}
{"angleX":0,"angleY":-198,"inverted":true,"phase":2,"pixelX":0,"pixelY":-16,"source":1,"timestamp":278095199}
{"angleX":0,"angleY":-196,"inverted":true,"phase":2,"pixelX":0,"pixelY":-17,"source":1,"timestamp":278095206}
{"angleX":0,"angleY":-189,"inverted":true,"phase":2,"pixelX":0,"pixelY":-15,"source":1,"timestamp":278095214}
{"angleX":0,"angleY":-179,"inverted":true,"phase":2,"pixelX":0,"pixelY":-15,"source":1,"timestamp":278095221}
{"angleX":0,"angleY":-173,"inverted":true,"phase":2,"pixelX":0,"pixelY":-15,"source":1,"timestamp":278095228}
{"angleX":0,"angleY":-167,"inverted":true,"phase":2,"pixelX":0,"pixelY":-14,"source":1,"timestamp":278095235}
{"angleX":0,"angleY":-165,"inverted":true,"phase":2,"pixelX":0,"pixelY":-13,"source":1,"timestamp":278095242}
{"angleX":0,"angleY":-141,"inverted":true,"phase":2,"pixelX":0,"pixelY":-12,"source":1,"timestamp":278095250}
{"angleX":0,"angleY":0,"inverted":true,"phase":3,"pixelX":0,"pixelY":0,"source":0,"timestamp":278095256}
{"angleX":0,"angleY":0,"inverted":true,"phase":3,"pixelX":0,"pixelY":0,"source":0,"timestamp":278095256}
{"angleX":0,"angleY":0,"inverted":false,"phase":1,"pixelX":0,"pixelY":0,"source":0,"timestamp":278096006}
{"angleX":0,"angleY":0,"inverted":false,"phase":1,"pixelX":0,"pixelY":0,"source":0,"timestamp":278096006}
{"angleX":0,"angleY":-79,"inverted":true,"phase":2,"pixelX":0,"pixelY":-7,"source":1,"timestamp":278096006}
{"angleX":0,"angleY":-88,"inverted":true,"phase":2,"pixelX":0,"pixelY":-7,"source":1,"timestamp":278096013}
{"angleX":0,"angleY":-94,"inverted":true,"phase":2,"pixelX":0,"pixelY":-8,"source":1,"timestamp":278096020}
{"angleX":0,"angleY":-96,"inverted":true,"phase":2,"pixelX":0,"pixelY":-8,"source":1,"timestamp":278096027}
{"angleX":0,"angleY":-94,"inverted":true,"phase":2,"pixelX":0,"pixelY":-8,"source":1,"timestamp":278096034}
{"angleX":0,"angleY":-90,"inverted":true,"phase":2,"pixelX":0,"pixelY":-7,"source":1,"timestamp":278096041}
{"angleX":0,"angleY":-90,"inverted":true,"phase":2,"pixelX":0,"pixelY":-7,"source":1,"timestamp":278096049}
{"angleX":0,"angleY":-94,"inverted":true,"phase":2,"pixelX":0,"pixelY":-8,"source":1,"timestamp":278096056}
{"angleX":0,"angleY":-108,"inverted":true,"phase":2,"pixelX":0,"pixelY":-9,"source":1,"timestamp":278096063}
{"angleX":0,"angleY":-108,"inverted":true,"phase":2,"pixelX":0,"pixelY":-9,"source":1,"timestamp":278096070}
{"angleX":0,"angleY":-104,"inverted":true,"phase":2,"pixelX":0,"pixelY":-9,"source":1,"timestamp":278096077}
{"angleX":0,"angleY":-100,"inverted":true,"phase":2,"pixelX":0,"pixelY":-8,"source":1,"timestamp":278096085}
{"angleX":0,"angleY":-108,"inverted":true,"phase":2,"pixelX":0,"pixelY":-9,"source":1,"timestamp":278096092}
{"angleX":0,"angleY":-108,"inverted":true,"phase":2,"pixelX":0,"pixelY":-9,"source":1,"timestamp":278096099}
{"angleX":0,"angleY":-100,"inverted":true,"phase":2,"pixelX":0,"pixelY":-9,"source":1,"timestamp":278096106}
{"angleX":0,"angleY":-92,"inverted":true,"phase":2,"pixelX":0,"pixelY":-7,"source":1,"timestamp":278096114}
{"angleX":0,"angleY":-83,"inverted":true,"phase":2,"pixelX":0,"pixelY":-7,"source":1,"timestamp":278096121}
{"angleX":0,"angleY":-77,"inverted":true,"phase":2,"pixelX":0,"pixelY":-7,"source":1,"timestamp":278096128}
{"angleX":0,"angleY":-77,"inverted":true,"phase":2,"pixelX":0,"pixelY":-6,"source":1,"timestamp":278096135}
{"angleX":0,"angleY":-77,"inverted":true,"phase":2,"pixelX":0,"pixelY":-6,"source":1,"timestamp":278096142}
{"angleX":0,"angleY":-77,"inverted":true,"phase":2,"pixelX":0,"pixelY":-7,"source":1,"timestamp":278096149}
{"angleX":0,"angleY":-79,"inverted":true,"phase":2,"pixelX":0,"pixelY":-7,"source":1,"timestamp":278096157}
{"angleX":0,"angleY":-75,"inverted":true,"phase":2,"pixelX":0,"pixelY":-6,"source":1,"timestamp":278096164}
{"angleX":0,"angleY":-71,"inverted":true,"phase":2,"pixelX":0,"pixelY":-6,"source":1,"timestamp":278096171}
{"angleX":0,"angleY":-75,"inverted":true,"phase":2,"pixelX":0,"pixelY":-6,"source":1,"timestamp":278096178}
{"angleX":0,"angleY":-81,"inverted":true,"phase":2,"pixelX":0,"pixelY":-7,"source":1,"timestamp":278096185}
{"angleX":0,"angleY":-83,"inverted":true,"phase":2,"pixelX":0,"pixelY":-7,"source":1,"timestamp":278096193}
{"angleX":0,"angleY":-83,"inverted":true,"phase":2,"pixelX":0,"pixelY":-7,"source":1,"timestamp":278096200}
{"angleX":0,"angleY":-81,"inverted":true,"phase":2,"pixelX":0,"pixelY":-7,"source":1,"timestamp":278096207}
{"angleX":0,"angleY":-81,"inverted":true,"phase":2,"pixelX":0,"pixelY":-6,"source":1,"timestamp":278096214}
{"angleX":0,"angleY":-73,"inverted":true,"phase":2,"pixelX":0,"pixelY":-6,"source":1,"timestamp":278096221}
{"angleX":0,"angleY":-73,"inverted":true,"phase":2,"pixelX":0,"pixelY":-7,"source":1,"timestamp":278096228}
{"angleX":0,"angleY":-71,"inverted":true,"phase":2,"pixelX":0,"pixelY":-5,"source":1,"timestamp":278096236}
{"angleX":0,"angleY":-77,"inverted":true,"phase":2,"pixelX":0,"pixelY":-7,"source":1,"timestamp":278096243}
{"angleX":0,"angleY":-71,"inverted":true,"phase":2,"pixelX":0,"pixelY":-6,"source":1,"timestamp":278096250}
{"angleX":0,"angleY":-75,"inverted":true,"phase":2,"pixelX":0,"pixelY":-6,"source":1,"timestamp":278096257}
{"angleX":0,"angleY":-81,"inverted":true,"phase":2,"pixelX":0,"pixelY":-7,"source":1,"timestamp":278096264}
{"angleX":0,"angleY":-79,"inverted":true,"phase":2,"pixelX":0,"pixelY":-7,"source":1,"timestamp":278096272}
{"angleX":0,"angleY":-83,"inverted":true,"phase":2,"pixelX":0,"pixelY":-6,"source":1,"timestamp":278096279}
{"angleX":0,"angleY":-96,"inverted":true,"phase":2,"pixelX":0,"pixelY":-8,"source":1,"timestamp":278096286}
{"angleX":0,"angleY":-98,"inverted":true,"phase":2,"pixelX":0,"pixelY":-9,"source":1,"timestamp":278096293}
{"angleX":0,"angleY":-106,"inverted":true,"phase":2,"pixelX":0,"pixelY":-8,"source":1,"timestamp":278096300}
{"angleX":0,"angleY":-98,"inverted":true,"phase":2,"pixelX":0,"pixelY":-9,"source":1,"timestamp":278096308}
{"angleX":0,"angleY":-102,"inverted":true,"phase":2,"pixelX":0,"pixelY":-8,"source":1,"timestamp":278096315}
{"angleX":0,"angleY":-100,"inverted":true,"phase":2,"pixelX":0,"pixelY":-8,"source":1,"timestamp":278096322}
{"angleX":0,"angleY":-100,"inverted":true,"phase":2,"pixelX":0,"pixelY":-9,"source":1,"timestamp":278096329}
{"angleX":0,"angleY":-92,"inverted":true,"phase":2,"pixelX":0,"pixelY":-7,"source":1,"timestamp":278096336}
{"angleX":0,"angleY":-88,"inverted":true,"phase":2,"pixelX":0,"pixelY":-8,"source":1,"timestamp":278096344}
{"angleX":0,"angleY":-69,"inverted":true,"phase":2,"pixelX":0,"pixelY":-5,"source":1,"timestamp":278096351}
{"angleX":0,"angleY":0,"inverted":true,"phase":3,"pixelX":0,"pixelY":0,"source":0,"timestamp":278096386}
{"angleX":0,"angleY":0,"inverted":true,"phase":3,"pixelX":0,"pixelY":0,"source":0,"timestamp":278096386}
{"angleX":0,"angleY":0,"inverted":false,"phase":1,"pixelX":0,"pixelY":0,"source":0,"timestamp":278097532}
{"angleX":0,"angleY":0,"inverted":false,"phase":1,"pixelX":0,"pixelY":0,"source":0,"timestamp":278097532}
{"angleX":0,"angleY":110,"inverted":true,"phase":2,"pixelX":0,"pixelY":9,"source":1,"timestamp":278097532}
{"angleX":0,"angleY":116,"inverted":true,"phase":2,"pixelX":0,"pixelY":10,"source":1,"timestamp":278097539}
{"angleX":0,"angleY":128,"inverted":true,"phase":2,"pixelX":0,"pixelY":11,"source":1,"timestamp":278097546}
{"angleX":0,"angleY":138,"inverted":true,"phase":2,"pixelX":0,"pixelY":11,"source":1,"timestamp":278097553}
{"angleX":0,"angleY":151,"inverted":true,"phase":2,"pixelX":0,"pixelY":13,"source":1,"timestamp":278097560}
{"angleX":0,"angleY":159,"inverted":true,"phase":2,"pixelX":0,"pixelY":13,"source":1,"timestamp":278097568}
{"angleX":0,"angleY":163,"inverted":true,"phase":2,"pixelX":0,"pixelY":13,"source":1,"timestamp":278097575}
{"angleX":0,"angleY":169,"inverted":true,"phase":2,"pixelX":0,"pixelY":15,"source":1,"timestamp":278097582}
{"angleX":0,"angleY":183,"inverted":true,"phase":2,"pixelX":0,"pixelY":15,"source":1,"timestamp":278097589}
{"angleX":0,"angleY":187,"inverted":true,"phase":2,"pixelX":0,"pixelY":15,"source":1,"timestamp":278097596}
{"angleX":0,"angleY":200,"inverted":true,"phase":2,"pixelX":0,"pixelY":17,"source":1,"timestamp":278097604}
{"angleX":0,"angleY":214,"inverted":true,"phase":2,"pixelX":0,"pixelY":18,"source":1,"timestamp":278097611}
{"angleX":0,"angleY":232,"inverted":true,"phase":2,"pixelX":0,"pixelY":19,"source":1,"timestamp":278097618}
{"angleX":0,"angleY":242,"inverted":true,"phase":2,"pixelX":0,"pixelY":20,"source":1,"timestamp":278097625}
{"angleX":0,"angleY":259,"inverted":true,"phase":2,"pixelX":0,"pixelY":22,"source":1,"timestamp":278097632}
{"angleX":0,"angleY":248,"inverted":true,"phase":2,"pixelX":0,"pixelY":21,"source":1,"timestamp":278097640}
{"angleX":0,"angleY":242,"inverted":true,"phase":2,"pixelX":0,"pixelY":20,"source":1,"timestamp":278097647}
{"angleX":0,"angleY":246,"inverted":true,"phase":2,"pixelX":0,"pixelY":20,"source":1,"timestamp":278097654}
{"angleX":0,"angleY":0,"inverted":true,"phase":3,"pixelX":0,"pixelY":0,"source":0,"timestamp":278097667}
{"angleX":0,"angleY":0,"inverted":true,"phase":3,"pixelX":0,"pixelY":0,"source":0,"timestamp":278097667}
{"angleX":0,"angleY":0,"inverted":false,"phase":1,"pixelX":0,"pixelY":0,"source":0,"timestamp":278098158}
{"angleX":0,"angleY":0,"inverted":false,"phase":1,"pixelX":0,"pixelY":0,"source":0,"timestamp":278098158}
{"angleX":0,"angleY":112,"inverted":true,"phase":2,"pixelX":0,"pixelY":9,"source":1,"timestamp":278098158}
{"angleX":0,"angleY":120,"inverted":true,"phase":2,"pixelX":0,"pixelY":10,"source":1,"timestamp":278098165}
{"angleX":0,"angleY":126,"inverted":true,"phase":2,"pixelX":0,"pixelY":11,"source":1,"timestamp":278098173}
{"angleX":0,"angleY":149,"inverted":true,"phase":2,"pixelX":0,"pixelY":12,"source":1,"timestamp":278098180}
{"angleX":0,"angleY":163,"inverted":true,"phase":2,"pixelX":0,"pixelY":14,"source":1,"timestamp":278098187}
{"angleX":0,"angleY":161,"inverted":true,"phase":2,"pixelX":0,"pixelY":13,"source":1,"timestamp":278098194}
{"angleX":0,"angleY":169,"inverted":true,"phase":2,"pixelX":0,"pixelY":14,"source":1,"timestamp":278098201}
{"angleX":0,"angleY":179,"inverted":true,"phase":2,"pixelX":0,"pixelY":15,"source":1,"timestamp":278098208}
{"angleX":0,"angleY":181,"inverted":true,"phase":2,"pixelX":0,"pixelY":15,"source":1,"timestamp":278098216}
{"angleX":0,"angleY":179,"inverted":true,"phase":2,"pixelX":0,"pixelY":15,"source":1,"timestamp":278098223}
{"angleX":0,"angleY":185,"inverted":true,"phase":2,"pixelX":0,"pixelY":16,"source":1,"timestamp":278098230}
{"angleX":0,"angleY":193,"inverted":true,"phase":2,"pixelX":0,"pixelY":16,"source":1,"timestamp":278098237}
{"angleX":0,"angleY":198,"inverted":true,"phase":2,"pixelX":0,"pixelY":16,"source":1,"timestamp":278098244}
{"angleX":0,"angleY":206,"inverted":true,"phase":2,"pixelX":0,"pixelY":17,"source":1,"timestamp":278098252}
{"angleX":0,"angleY":212,"inverted":true,"phase":2,"pixelX":0,"pixelY":18,"source":1,"timestamp":278098259}
{"angleX":0,"angleY":228,"inverted":true,"phase":2,"pixelX":0,"pixelY":19,"source":1,"timestamp":278098266}
{"angleX":0,"angleY":234,"inverted":true,"phase":2,"pixelX":0,"pixelY":20,"source":1,"timestamp":278098273}
{"angleX":0,"angleY":253,"inverted":true,"phase":2,"pixelX":0,"pixelY":21,"source":1,"timestamp":278098280}
{"angleX":0,"angleY":261,"inverted":true,"phase":2,"pixelX":0,"pixelY":21,"source":1,"timestamp":278098288}
{"angleX":0,"angleY":253,"inverted":true,"phase":2,"pixelX":0,"pixelY":21,"source":1,"timestamp":278098295}
{"angleX":0,"angleY":259,"inverted":true,"phase":2,"pixelX":0,"pixelY":22,"source":1,"timestamp":278098302}
{"angleX":0,"angleY":240,"inverted":true,"phase":2,"pixelX":0,"pixelY":20,"source":1,"timestamp":278098309}
{"angleX":0,"angleY":224,"inverted":true,"phase":2,"pixelX":0,"pixelY":19,"source":1,"timestamp":278098316}
{"angleX":0,"angleY":204,"inverted":true,"phase":2,"pixelX":0,"pixelY":17,"source":1,"timestamp":278098324}
{"angleX":0,"angleY":181,"inverted":true,"phase":2,"pixelX":0,"pixelY":15,"source":1,"timestamp":278098330}
{"angleX":0,"angleY":0,"inverted":true,"phase":3,"pixelX":0,"pixelY":0,"source":0,"timestamp":278098337}
{"angleX":0,"angleY":0,"inverted":true,"phase":3,"pixelX":0,"pixelY":0,"source":0,"timestamp":278098337}
{"angleX":0,"angleY":0,"inverted":false,"phase":1,"pixelX":0,"pixelY":0,"source":0,"timestamp":278098979}
{"angleX":0,"angleY":0,"inverted":false,"phase":1,"pixelX":0,"pixelY":0,"source":0,"timestamp":278098979}
{"angleX":0,"angleY":138,"inverted":true,"phase":2,"pixelX":0,"pixelY":12,"source":1,"timestamp":278098979}
{"angleX":0,"angleY":175,"inverted":true,"phase":2,"pixelX":0,"pixelY":14,"source":1,"timestamp":278098986}
{"angleX":0,"angleY":200,"inverted":true,"phase":2,"pixelX":0,"pixelY":17,"source":1,"timestamp":278098993}
{"angleX":0,"angleY":234,"inverted":true,"phase":2,"pixelX":0,"pixelY":19,"source":1,"timestamp":278099000}
{"angleX":0,"angleY":267,"inverted":true,"phase":2,"pixelX":0,"pixelY":23,"source":1,"timestamp":278099008}
{"angleX":0,"angleY":289,"inverted":true,"phase":2,"pixelX":0,"pixelY":24,"source":1,"timestamp":278099015}
{"angleX":0,"angleY":299,"inverted":true,"phase":2,"pixelX":0,"pixelY":25,"source":1,"timestamp":278099022}
{"angleX":0,"angleY":316,"inverted":true,"phase":2,"pixelX":0,"pixelY":26,"source":1,"timestamp":278099029}
{"angleX":0,"angleY":314,"inverted":true,"phase":2,"pixelX":0,"pixelY":26,"source":1,"timestamp":278099036}
{"angleX":0,"angleY":318,"inverted":true,"phase":2,"pixelX":0,"pixelY":26,"source":1,"timestamp":278099043}
{"angleX":0,"angleY":322,"inverted":true,"phase":2,"pixelX":0,"pixelY":27,"source":1,"timestamp":278099051}
{"angleX":0,"angleY":310,"inverted":true,"phase":2,"pixelX":0,"pixelY":26,"source":1,"timestamp":278099058}
{"angleX":0,"angleY":332,"inverted":true,"phase":2,"pixelX":0,"pixelY":28,"source":1,"timestamp":278099065}
{"angleX":0,"angleY":322,"inverted":true,"phase":2,"pixelX":0,"pixelY":27,"source":1,"timestamp":278099072}
{"angleX":0,"angleY":0,"inverted":true,"phase":3,"pixelX":0,"pixelY":0,"source":0,"timestamp":278099100}
{"angleX":0,"angleY":0,"inverted":true,"phase":3,"pixelX":0,"pixelY":0,"source":0,"timestamp":278099100}
PASS: Projects trace-baseline contracts and actual Qt evidence
