Native input trace: Qt=6.9.2 platform=wayland injected=false
{"angleX":0,"angleY":0,"contentY":0,"deviceType":4,"inverted":false,"overViewport":false,"phase":1,"pixelX":0,"pixelY":0,"pointerX":936.73828125,"pointerY":76.8515625,"source":0,"timestamp":279174954}
{"angleX":0,"angleY":0,"contentY":0,"deviceType":4,"inverted":false,"overViewport":false,"phase":1,"pixelX":0,"pixelY":0,"pointerX":936.73828125,"pointerY":76.8515625,"source":0,"timestamp":279174954}
{"angleX":0,"angleY":-51,"contentY":0,"deviceType":4,"inverted":true,"overViewport":false,"phase":2,"pixelX":0,"pixelY":-4,"pointerX":936.73828125,"pointerY":76.8515625,"source":1,"timestamp":279174954}
{"angleX":0,"angleY":-51,"contentY":0,"deviceType":4,"inverted":true,"overViewport":false,"phase":2,"pixelX":0,"pixelY":-4,"pointerX":936.73828125,"pointerY":76.8515625,"source":1,"timestamp":279174961}
{"angleX":0,"angleY":-47,"contentY":0,"deviceType":4,"inverted":true,"overViewport":false,"phase":2,"pixelX":0,"pixelY":-4,"pointerX":936.73828125,"pointerY":76.8515625,"source":1,"timestamp":279174968}
{"angleX":0,"angleY":-43,"contentY":0,"deviceType":4,"inverted":true,"overViewport":false,"phase":2,"pixelX":0,"pixelY":-4,"pointerX":936.73828125,"pointerY":76.8515625,"source":1,"timestamp":279174976}
{"angleX":0,"angleY":-31,"contentY":0,"deviceType":4,"inverted":true,"overViewport":false,"phase":2,"pixelX":0,"pixelY":-2,"pointerX":936.73828125,"pointerY":76.8515625,"source":1,"timestamp":279174983}
{"angleX":0,"angleY":-24,"contentY":0,"deviceType":4,"inverted":true,"overViewport":false,"phase":2,"pixelX":0,"pixelY":-3,"pointerX":936.73828125,"pointerY":76.8515625,"source":1,"timestamp":279174990}
{"angleX":0,"angleY":-24,"contentY":0,"deviceType":4,"inverted":true,"overViewport":false,"phase":2,"pixelX":0,"pixelY":-2,"pointerX":936.73828125,"pointerY":76.8515625,"source":1,"timestamp":279174997}
{"angleX":0,"angleY":0,"contentY":0,"deviceType":4,"inverted":true,"overViewport":false,"phase":3,"pixelX":0,"pixelY":0,"pointerX":936.73828125,"pointerY":76.8515625,"source":0,"timestamp":279175003}
{"angleX":0,"angleY":0,"contentY":0,"deviceType":4,"inverted":true,"overViewport":false,"phase":3,"pixelX":0,"pixelY":0,"pointerX":936.73828125,"pointerY":76.8515625,"source":0,"timestamp":279175003}
{"coastSample":1,"contentY":0,"endTimestamp":279175003,"flicking":false,"velocity":0}
{"coastSample":2,"contentY":0,"endTimestamp":279175003,"flicking":false,"velocity":0}
{"coastSample":3,"contentY":0,"endTimestamp":279175003,"flicking":false,"velocity":0}
{"coastSample":4,"contentY":0,"endTimestamp":279175003,"flicking":false,"velocity":0}
{"coastSample":5,"contentY":0,"endTimestamp":279175003,"flicking":false,"velocity":0}
{"coastSample":6,"contentY":0,"endTimestamp":279175003,"flicking":false,"velocity":0}
{"coastSample":7,"contentY":0,"endTimestamp":279175003,"flicking":false,"velocity":0}
{"coastSample":8,"contentY":0,"endTimestamp":279175003,"flicking":false,"velocity":0}
{"coastSample":9,"contentY":0,"endTimestamp":279175003,"flicking":false,"velocity":0}
{"coastSample":10,"contentY":0,"endTimestamp":279175003,"flicking":false,"velocity":0}
{"coastSample":11,"contentY":0,"endTimestamp":279175003,"flicking":false,"velocity":0}
{"coastSample":12,"contentY":0,"endTimestamp":279175003,"flicking":false,"velocity":0}
{"coastSample":13,"contentY":0,"endTimestamp":279175003,"flicking":false,"velocity":0}
{"coastSample":14,"contentY":0,"endTimestamp":279175003,"flicking":false,"velocity":0}
{"coastSample":15,"contentY":0,"endTimestamp":279175003,"flicking":false,"velocity":0}
{"angleX":0,"angleY":0,"contentY":0,"deviceType":4,"inverted":false,"overViewport":false,"phase":1,"pixelX":0,"pixelY":0,"pointerX":936.73828125,"pointerY":76.8515625,"source":0,"timestamp":279175407}
{"angleX":0,"angleY":0,"contentY":0,"deviceType":4,"inverted":false,"overViewport":false,"phase":1,"pixelX":0,"pixelY":0,"pointerX":936.73828125,"pointerY":76.8515625,"source":0,"timestamp":279175407}
{"angleX":0,"angleY":-73,"contentY":0,"deviceType":4,"inverted":true,"overViewport":false,"phase":2,"pixelX":0,"pixelY":-6,"pointerX":936.73828125,"pointerY":76.8515625,"source":1,"timestamp":279175407}
{"angleX":0,"angleY":-73,"contentY":0,"deviceType":4,"inverted":true,"overViewport":false,"phase":2,"pixelX":0,"pixelY":-6,"pointerX":936.73828125,"pointerY":76.8515625,"source":1,"timestamp":279175415}
{"angleX":0,"angleY":-79,"contentY":0,"deviceType":4,"inverted":true,"overViewport":false,"phase":2,"pixelX":0,"pixelY":-7,"pointerX":936.73828125,"pointerY":76.8515625,"source":1,"timestamp":279175422}
{"angleX":0,"angleY":-94,"contentY":0,"deviceType":4,"inverted":true,"overViewport":false,"phase":2,"pixelX":0,"pixelY":-8,"pointerX":936.73828125,"pointerY":76.8515625,"source":1,"timestamp":279175429}
{"angleX":0,"angleY":-100,"contentY":0,"deviceType":4,"inverted":true,"overViewport":false,"phase":2,"pixelX":0,"pixelY":-8,"pointerX":936.73828125,"pointerY":76.8515625,"source":1,"timestamp":279175436}
{"angleX":0,"angleY":-112,"contentY":0,"deviceType":4,"inverted":true,"overViewport":false,"phase":2,"pixelX":0,"pixelY":-9,"pointerX":936.73828125,"pointerY":76.8515625,"source":1,"timestamp":279175444}
{"angleX":0,"angleY":-116,"contentY":0,"deviceType":4,"inverted":true,"overViewport":false,"phase":2,"pixelX":0,"pixelY":-10,"pointerX":936.73828125,"pointerY":76.8515625,"source":1,"timestamp":279175451}
{"angleX":0,"angleY":-106,"contentY":0,"deviceType":4,"inverted":true,"overViewport":false,"phase":2,"pixelX":0,"pixelY":-9,"pointerX":936.73828125,"pointerY":76.8515625,"source":1,"timestamp":279175458}
{"angleX":0,"angleY":-98,"contentY":0,"deviceType":4,"inverted":true,"overViewport":false,"phase":2,"pixelX":0,"pixelY":-8,"pointerX":936.73828125,"pointerY":76.8515625,"source":1,"timestamp":279175465}
{"angleX":0,"angleY":-106,"contentY":0,"deviceType":4,"inverted":true,"overViewport":false,"phase":2,"pixelX":0,"pixelY":-9,"pointerX":936.73828125,"pointerY":76.8515625,"source":1,"timestamp":279175472}
{"angleX":0,"angleY":-104,"contentY":0,"deviceType":4,"inverted":true,"overViewport":false,"phase":2,"pixelX":0,"pixelY":-8,"pointerX":936.73828125,"pointerY":76.8515625,"source":1,"timestamp":279175480}
{"angleX":0,"angleY":-94,"contentY":0,"deviceType":4,"inverted":true,"overViewport":false,"phase":2,"pixelX":0,"pixelY":-8,"pointerX":936.73828125,"pointerY":76.8515625,"source":1,"timestamp":279175487}
{"angleX":0,"angleY":-77,"contentY":0,"deviceType":4,"inverted":true,"overViewport":false,"phase":2,"pixelX":0,"pixelY":-7,"pointerX":936.73828125,"pointerY":76.8515625,"source":1,"timestamp":279175494}
{"angleX":0,"angleY":-65,"contentY":0,"deviceType":4,"inverted":true,"overViewport":false,"phase":2,"pixelX":0,"pixelY":-5,"pointerX":936.73828125,"pointerY":76.8515625,"source":1,"timestamp":279175501}
{"angleX":0,"angleY":-57,"contentY":0,"deviceType":4,"inverted":true,"overViewport":false,"phase":2,"pixelX":0,"pixelY":-5,"pointerX":936.73828125,"pointerY":76.8515625,"source":1,"timestamp":279175508}
{"angleX":0,"angleY":0,"contentY":0,"deviceType":4,"inverted":true,"overViewport":false,"phase":3,"pixelX":0,"pixelY":0,"pointerX":936.73828125,"pointerY":76.8515625,"source":0,"timestamp":279175529}
{"angleX":0,"angleY":0,"contentY":0,"deviceType":4,"inverted":true,"overViewport":false,"phase":3,"pixelX":0,"pixelY":0,"pointerX":936.73828125,"pointerY":76.8515625,"source":0,"timestamp":279175529}
{"coastSample":1,"contentY":0,"endTimestamp":279175529,"flicking":false,"velocity":0}
{"coastSample":2,"contentY":0,"endTimestamp":279175529,"flicking":false,"velocity":0}
{"coastSample":3,"contentY":0,"endTimestamp":279175529,"flicking":false,"velocity":0}
{"coastSample":4,"contentY":0,"endTimestamp":279175529,"flicking":false,"velocity":0}
{"coastSample":5,"contentY":0,"endTimestamp":279175529,"flicking":false,"velocity":0}
{"coastSample":6,"contentY":0,"endTimestamp":279175529,"flicking":false,"velocity":0}
{"coastSample":7,"contentY":0,"endTimestamp":279175529,"flicking":false,"velocity":0}
{"coastSample":8,"contentY":0,"endTimestamp":279175529,"flicking":false,"velocity":0}
{"coastSample":9,"contentY":0,"endTimestamp":279175529,"flicking":false,"velocity":0}
{"coastSample":10,"contentY":0,"endTimestamp":279175529,"flicking":false,"velocity":0}
{"coastSample":11,"contentY":0,"endTimestamp":279175529,"flicking":false,"velocity":0}
{"coastSample":12,"contentY":0,"endTimestamp":279175529,"flicking":false,"velocity":0}
{"coastSample":13,"contentY":0,"endTimestamp":279175529,"flicking":false,"velocity":0}
{"angleX":0,"angleY":0,"contentY":0,"deviceType":4,"inverted":false,"overViewport":false,"phase":1,"pixelX":0,"pixelY":0,"pointerX":936.73828125,"pointerY":76.8515625,"source":0,"timestamp":279175804}
{"angleX":0,"angleY":0,"contentY":0,"deviceType":4,"inverted":false,"overViewport":false,"phase":1,"pixelX":0,"pixelY":0,"pointerX":936.73828125,"pointerY":76.8515625,"source":0,"timestamp":279175804}
{"angleX":0,"angleY":110,"contentY":0,"deviceType":4,"inverted":true,"overViewport":false,"phase":2,"pixelX":0,"pixelY":9,"pointerX":936.73828125,"pointerY":76.8515625,"source":1,"timestamp":279175804}
{"angleX":0,"angleY":120,"contentY":0,"deviceType":4,"inverted":true,"overViewport":false,"phase":2,"pixelX":0,"pixelY":10,"pointerX":936.73828125,"pointerY":76.8515625,"source":1,"timestamp":279175811}
{"angleX":0,"angleY":132,"contentY":0,"deviceType":4,"inverted":true,"overViewport":false,"phase":2,"pixelX":0,"pixelY":11,"pointerX":936.73828125,"pointerY":76.8515625,"source":1,"timestamp":279175818}
{"angleX":0,"angleY":130,"contentY":0,"deviceType":4,"inverted":true,"overViewport":false,"phase":2,"pixelX":0,"pixelY":11,"pointerX":936.73828125,"pointerY":76.8515625,"source":1,"timestamp":279175825}
{"angleX":0,"angleY":122,"contentY":0,"deviceType":4,"inverted":true,"overViewport":false,"phase":2,"pixelX":0,"pixelY":10,"pointerX":936.73828125,"pointerY":76.8515625,"source":1,"timestamp":279175832}
{"angleX":0,"angleY":128,"contentY":0,"deviceType":4,"inverted":true,"overViewport":false,"phase":2,"pixelX":0,"pixelY":11,"pointerX":936.73828125,"pointerY":76.8515625,"source":1,"timestamp":279175839}
{"angleX":0,"angleY":114,"contentY":0,"deviceType":4,"inverted":true,"overViewport":false,"phase":2,"pixelX":0,"pixelY":9,"pointerX":936.73828125,"pointerY":76.8515625,"source":1,"timestamp":279175847}
{"angleX":0,"angleY":118,"contentY":0,"deviceType":4,"inverted":true,"overViewport":false,"phase":2,"pixelX":0,"pixelY":10,"pointerX":936.73828125,"pointerY":76.8515625,"source":1,"timestamp":279175854}
{"angleX":0,"angleY":0,"contentY":0,"deviceType":4,"inverted":true,"overViewport":false,"phase":3,"pixelX":0,"pixelY":0,"pointerX":936.73828125,"pointerY":76.8515625,"source":0,"timestamp":279175867}
{"angleX":0,"angleY":0,"contentY":0,"deviceType":4,"inverted":true,"overViewport":false,"phase":3,"pixelX":0,"pixelY":0,"pointerX":936.73828125,"pointerY":76.8515625,"source":0,"timestamp":279175867}
{"coastSample":1,"contentY":0,"endTimestamp":279175867,"flicking":false,"velocity":0}
{"coastSample":2,"contentY":0,"endTimestamp":279175867,"flicking":false,"velocity":0}
{"coastSample":3,"contentY":0,"endTimestamp":279175867,"flicking":false,"velocity":0}
{"coastSample":4,"contentY":0,"endTimestamp":279175867,"flicking":false,"velocity":0}
{"coastSample":5,"contentY":0,"endTimestamp":279175867,"flicking":false,"velocity":0}
{"coastSample":6,"contentY":0,"endTimestamp":279175867,"flicking":false,"velocity":0}
{"coastSample":7,"contentY":0,"endTimestamp":279175867,"flicking":false,"velocity":0}
{"coastSample":8,"contentY":0,"endTimestamp":279175867,"flicking":false,"velocity":0}
{"coastSample":9,"contentY":0,"endTimestamp":279175867,"flicking":false,"velocity":0}
{"coastSample":10,"contentY":0,"endTimestamp":279175867,"flicking":false,"velocity":0}
{"coastSample":11,"contentY":0,"endTimestamp":279175867,"flicking":false,"velocity":0}
{"coastSample":12,"contentY":0,"endTimestamp":279175867,"flicking":false,"velocity":0}
{"coastSample":13,"contentY":0,"endTimestamp":279175867,"flicking":false,"velocity":0}
{"coastSample":14,"contentY":0,"endTimestamp":279175867,"flicking":false,"velocity":0}
{"coastSample":15,"contentY":0,"endTimestamp":279175867,"flicking":false,"velocity":0}
{"angleX":0,"angleY":0,"contentY":0,"deviceType":4,"inverted":false,"overViewport":false,"phase":1,"pixelX":0,"pixelY":0,"pointerX":936.73828125,"pointerY":76.8515625,"source":0,"timestamp":279179587}
{"angleX":0,"angleY":0,"contentY":0,"deviceType":4,"inverted":false,"overViewport":false,"phase":1,"pixelX":0,"pixelY":0,"pointerX":936.73828125,"pointerY":76.8515625,"source":0,"timestamp":279179587}
{"angleX":0,"angleY":-47,"contentY":0,"deviceType":4,"inverted":true,"overViewport":false,"phase":2,"pixelX":0,"pixelY":-4,"pointerX":936.73828125,"pointerY":76.8515625,"source":1,"timestamp":279179587}
{"angleX":0,"angleY":-53,"contentY":0,"deviceType":4,"inverted":true,"overViewport":false,"phase":2,"pixelX":0,"pixelY":-4,"pointerX":936.73828125,"pointerY":76.8515625,"source":1,"timestamp":279179594}
{"angleX":0,"angleY":-59,"contentY":0,"deviceType":4,"inverted":true,"overViewport":false,"phase":2,"pixelX":0,"pixelY":-5,"pointerX":936.73828125,"pointerY":76.8515625,"source":1,"timestamp":279179601}
{"angleX":0,"angleY":-69,"contentY":0,"deviceType":4,"inverted":true,"overViewport":false,"phase":2,"pixelX":0,"pixelY":-6,"pointerX":936.73828125,"pointerY":76.8515625,"source":1,"timestamp":279179608}
{"angleX":0,"angleY":-75,"contentY":0,"deviceType":4,"inverted":true,"overViewport":false,"phase":2,"pixelX":0,"pixelY":-6,"pointerX":936.73828125,"pointerY":76.8515625,"source":1,"timestamp":279179616}
{"angleX":0,"angleY":-81,"contentY":0,"deviceType":4,"inverted":true,"overViewport":false,"phase":2,"pixelX":0,"pixelY":-7,"pointerX":936.73828125,"pointerY":76.8515625,"source":1,"timestamp":279179623}
{"angleX":0,"angleY":-104,"contentY":0,"deviceType":4,"inverted":true,"overViewport":false,"phase":2,"pixelX":0,"pixelY":-9,"pointerX":936.73828125,"pointerY":76.8515625,"source":1,"timestamp":279179630}
{"angleX":0,"angleY":-110,"contentY":0,"deviceType":4,"inverted":true,"overViewport":false,"phase":2,"pixelX":0,"pixelY":-9,"pointerX":936.73828125,"pointerY":76.8515625,"source":1,"timestamp":279179637}
{"angleX":0,"angleY":-120,"contentY":0,"deviceType":4,"inverted":true,"overViewport":false,"phase":2,"pixelX":0,"pixelY":-10,"pointerX":936.73828125,"pointerY":76.8515625,"source":1,"timestamp":279179644}
{"angleX":0,"angleY":-128,"contentY":0,"deviceType":4,"inverted":true,"overViewport":false,"phase":2,"pixelX":0,"pixelY":-11,"pointerX":936.73828125,"pointerY":76.8515625,"source":1,"timestamp":279179651}
{"angleX":0,"angleY":-134,"contentY":0,"deviceType":4,"inverted":true,"overViewport":false,"phase":2,"pixelX":0,"pixelY":-11,"pointerX":936.73828125,"pointerY":76.8515625,"source":1,"timestamp":279179659}
{"angleX":0,"angleY":-143,"contentY":0,"deviceType":4,"inverted":true,"overViewport":false,"phase":2,"pixelX":0,"pixelY":-12,"pointerX":936.73828125,"pointerY":76.8515625,"source":1,"timestamp":279179666}
{"angleX":0,"angleY":-147,"contentY":0,"deviceType":4,"inverted":true,"overViewport":false,"phase":2,"pixelX":0,"pixelY":-12,"pointerX":936.73828125,"pointerY":76.8515625,"source":1,"timestamp":279179673}
{"angleX":0,"angleY":-149,"contentY":0,"deviceType":4,"inverted":true,"overViewport":false,"phase":2,"pixelX":0,"pixelY":-12,"pointerX":936.73828125,"pointerY":76.8515625,"source":1,"timestamp":279179681}
{"angleX":0,"angleY":-159,"contentY":0,"deviceType":4,"inverted":true,"overViewport":false,"phase":2,"pixelX":0,"pixelY":-14,"pointerX":936.73828125,"pointerY":76.8515625,"source":1,"timestamp":279179687}
{"angleX":0,"angleY":-161,"contentY":0,"deviceType":4,"inverted":true,"overViewport":false,"phase":2,"pixelX":0,"pixelY":-13,"pointerX":936.73828125,"pointerY":76.8515625,"source":1,"timestamp":279179695}
{"angleX":0,"angleY":-167,"contentY":0,"deviceType":4,"inverted":true,"overViewport":false,"phase":2,"pixelX":0,"pixelY":-14,"pointerX":936.73828125,"pointerY":76.8515625,"source":1,"timestamp":279179702}
{"angleX":0,"angleY":-161,"contentY":0,"deviceType":4,"inverted":true,"overViewport":false,"phase":2,"pixelX":0,"pixelY":-13,"pointerX":936.73828125,"pointerY":76.8515625,"source":1,"timestamp":279179709}
{"angleX":0,"angleY":-163,"contentY":0,"deviceType":4,"inverted":true,"overViewport":false,"phase":2,"pixelX":0,"pixelY":-14,"pointerX":936.73828125,"pointerY":76.8515625,"source":1,"timestamp":279179716}
{"angleX":0,"angleY":-149,"contentY":0,"deviceType":4,"inverted":true,"overViewport":false,"phase":2,"pixelX":0,"pixelY":-12,"pointerX":936.73828125,"pointerY":76.8515625,"source":1,"timestamp":279179723}
{"angleX":0,"angleY":-153,"contentY":0,"deviceType":4,"inverted":true,"overViewport":false,"phase":2,"pixelX":0,"pixelY":-13,"pointerX":936.73828125,"pointerY":76.8515625,"source":1,"timestamp":279179731}
{"angleX":0,"angleY":-138,"contentY":0,"deviceType":4,"inverted":true,"overViewport":false,"phase":2,"pixelX":0,"pixelY":-11,"pointerX":936.73828125,"pointerY":76.8515625,"source":1,"timestamp":279179738}
{"angleX":0,"angleY":-120,"contentY":0,"deviceType":4,"inverted":true,"overViewport":false,"phase":2,"pixelX":0,"pixelY":-10,"pointerX":936.73828125,"pointerY":76.8515625,"source":1,"timestamp":279179745}
{"angleX":0,"angleY":0,"contentY":0,"deviceType":4,"inverted":true,"overViewport":false,"phase":3,"pixelX":0,"pixelY":0,"pointerX":936.73828125,"pointerY":76.8515625,"source":0,"timestamp":279179751}
{"angleX":0,"angleY":0,"contentY":0,"deviceType":4,"inverted":true,"overViewport":false,"phase":3,"pixelX":0,"pixelY":0,"pointerX":936.73828125,"pointerY":76.8515625,"source":0,"timestamp":279179751}
{"coastSample":1,"contentY":0,"endTimestamp":279179751,"flicking":false,"velocity":0}
{"coastSample":2,"contentY":0,"endTimestamp":279179751,"flicking":false,"velocity":0}
{"coastSample":3,"contentY":0,"endTimestamp":279179751,"flicking":false,"velocity":0}
{"coastSample":4,"contentY":0,"endTimestamp":279179751,"flicking":false,"velocity":0}
{"coastSample":5,"contentY":0,"endTimestamp":279179751,"flicking":false,"velocity":0}
{"coastSample":6,"contentY":0,"endTimestamp":279179751,"flicking":false,"velocity":0}
{"coastSample":7,"contentY":0,"endTimestamp":279179751,"flicking":false,"velocity":0}
{"coastSample":8,"contentY":0,"endTimestamp":279179751,"flicking":false,"velocity":0}
{"coastSample":9,"contentY":0,"endTimestamp":279179751,"flicking":false,"velocity":0}
{"coastSample":10,"contentY":0,"endTimestamp":279179751,"flicking":false,"velocity":0}
{"coastSample":11,"contentY":0,"endTimestamp":279179751,"flicking":false,"velocity":0}
{"coastSample":12,"contentY":0,"endTimestamp":279179751,"flicking":false,"velocity":0}
{"coastSample":13,"contentY":0,"endTimestamp":279179751,"flicking":false,"velocity":0}
{"angleX":0,"angleY":0,"contentY":0,"deviceType":4,"inverted":false,"overViewport":false,"phase":1,"pixelX":0,"pixelY":0,"pointerX":936.73828125,"pointerY":76.8515625,"source":0,"timestamp":279180026}
{"angleX":0,"angleY":0,"contentY":0,"deviceType":4,"inverted":false,"overViewport":false,"phase":1,"pixelX":0,"pixelY":0,"pointerX":936.73828125,"pointerY":76.8515625,"source":0,"timestamp":279180026}
{"angleX":0,"angleY":138,"contentY":0,"deviceType":4,"inverted":true,"overViewport":false,"phase":2,"pixelX":0,"pixelY":12,"pointerX":936.73828125,"pointerY":76.8515625,"source":1,"timestamp":279180026}
{"angleX":0,"angleY":157,"contentY":0,"deviceType":4,"inverted":true,"overViewport":false,"phase":2,"pixelX":0,"pixelY":13,"pointerX":936.73828125,"pointerY":76.8515625,"source":1,"timestamp":279180033}
{"angleX":0,"angleY":165,"contentY":0,"deviceType":4,"inverted":true,"overViewport":false,"phase":2,"pixelX":0,"pixelY":13,"pointerX":936.73828125,"pointerY":76.8515625,"source":1,"timestamp":279180040}
{"angleX":0,"angleY":179,"contentY":0,"deviceType":4,"inverted":true,"overViewport":false,"phase":2,"pixelX":0,"pixelY":15,"pointerX":936.73828125,"pointerY":76.8515625,"source":1,"timestamp":279180047}
{"angleX":0,"angleY":185,"contentY":0,"deviceType":4,"inverted":true,"overViewport":false,"phase":2,"pixelX":0,"pixelY":16,"pointerX":936.73828125,"pointerY":76.8515625,"source":1,"timestamp":279180055}
{"angleX":0,"angleY":187,"contentY":0,"deviceType":4,"inverted":true,"overViewport":false,"phase":2,"pixelX":0,"pixelY":15,"pointerX":936.73828125,"pointerY":76.8515625,"source":1,"timestamp":279180062}
{"angleX":0,"angleY":183,"contentY":0,"deviceType":4,"inverted":true,"overViewport":false,"phase":2,"pixelX":0,"pixelY":16,"pointerX":936.73828125,"pointerY":76.8515625,"source":1,"timestamp":279180069}
{"angleX":0,"angleY":20,"contentY":0,"deviceType":4,"inverted":true,"overViewport":false,"phase":2,"pixelX":0,"pixelY":1,"pointerX":936.73828125,"pointerY":76.8515625,"source":1,"timestamp":279180077}
{"angleX":0,"angleY":112,"contentY":0,"deviceType":4,"inverted":true,"overViewport":false,"phase":2,"pixelX":0,"pixelY":10,"pointerX":936.73828125,"pointerY":76.8515625,"source":1,"timestamp":279180083}
{"angleX":0,"angleY":149,"contentY":0,"deviceType":4,"inverted":true,"overViewport":false,"phase":2,"pixelX":0,"pixelY":12,"pointerX":936.73828125,"pointerY":76.8515625,"source":1,"timestamp":279180091}
{"angleX":0,"angleY":169,"contentY":0,"deviceType":4,"inverted":true,"overViewport":false,"phase":2,"pixelX":0,"pixelY":14,"pointerX":936.73828125,"pointerY":76.8515625,"source":1,"timestamp":279180098}
{"angleX":0,"angleY":183,"contentY":0,"deviceType":4,"inverted":true,"overViewport":false,"phase":2,"pixelX":0,"pixelY":15,"pointerX":936.73828125,"pointerY":76.8515625,"source":1,"timestamp":279180105}
{"angleX":0,"angleY":204,"contentY":0,"deviceType":4,"inverted":true,"overViewport":false,"phase":2,"pixelX":0,"pixelY":17,"pointerX":936.73828125,"pointerY":76.8515625,"source":1,"timestamp":279180112}
{"angleX":0,"angleY":210,"contentY":0,"deviceType":4,"inverted":true,"overViewport":false,"phase":2,"pixelX":0,"pixelY":18,"pointerX":936.73828125,"pointerY":76.8515625,"source":1,"timestamp":279180119}
{"angleX":0,"angleY":210,"contentY":0,"deviceType":4,"inverted":true,"overViewport":false,"phase":2,"pixelX":0,"pixelY":17,"pointerX":936.73828125,"pointerY":76.8515625,"source":1,"timestamp":279180127}
{"angleX":0,"angleY":210,"contentY":0,"deviceType":4,"inverted":true,"overViewport":false,"phase":2,"pixelX":0,"pixelY":18,"pointerX":936.73828125,"pointerY":76.8515625,"source":1,"timestamp":279180133}
{"angleX":0,"angleY":0,"contentY":0,"deviceType":4,"inverted":true,"overViewport":false,"phase":3,"pixelX":0,"pixelY":0,"pointerX":936.73828125,"pointerY":76.8515625,"source":0,"timestamp":279180140}
{"angleX":0,"angleY":0,"contentY":0,"deviceType":4,"inverted":true,"overViewport":false,"phase":3,"pixelX":0,"pixelY":0,"pointerX":936.73828125,"pointerY":76.8515625,"source":0,"timestamp":279180140}
{"coastSample":1,"contentY":0,"endTimestamp":279180140,"flicking":false,"velocity":0}
{"coastSample":2,"contentY":0,"endTimestamp":279180140,"flicking":false,"velocity":0}
{"coastSample":3,"contentY":0,"endTimestamp":279180140,"flicking":false,"velocity":0}
{"coastSample":4,"contentY":0,"endTimestamp":279180140,"flicking":false,"velocity":0}
{"coastSample":5,"contentY":0,"endTimestamp":279180140,"flicking":false,"velocity":0}
{"coastSample":6,"contentY":0,"endTimestamp":279180140,"flicking":false,"velocity":0}
{"coastSample":7,"contentY":0,"endTimestamp":279180140,"flicking":false,"velocity":0}
{"coastSample":8,"contentY":0,"endTimestamp":279180140,"flicking":false,"velocity":0}
{"coastSample":9,"contentY":0,"endTimestamp":279180140,"flicking":false,"velocity":0}
{"coastSample":10,"contentY":0,"endTimestamp":279180140,"flicking":false,"velocity":0}
{"coastSample":11,"contentY":0,"endTimestamp":279180140,"flicking":false,"velocity":0}
{"coastSample":12,"contentY":0,"endTimestamp":279180140,"flicking":false,"velocity":0}
{"angleX":0,"angleY":0,"contentY":0,"deviceType":4,"inverted":false,"overViewport":false,"phase":1,"pixelX":0,"pixelY":0,"pointerX":936.73828125,"pointerY":76.8515625,"source":0,"timestamp":279180400}
{"angleX":0,"angleY":0,"contentY":0,"deviceType":4,"inverted":false,"overViewport":false,"phase":1,"pixelX":0,"pixelY":0,"pointerX":936.73828125,"pointerY":76.8515625,"source":0,"timestamp":279180400}
{"angleX":0,"angleY":-198,"contentY":0,"deviceType":4,"inverted":true,"overViewport":false,"phase":2,"pixelX":0,"pixelY":-16,"pointerX":936.73828125,"pointerY":76.8515625,"source":1,"timestamp":279180400}
{"angleX":0,"angleY":-130,"contentY":0,"deviceType":4,"inverted":true,"overViewport":false,"phase":2,"pixelX":0,"pixelY":-11,"pointerX":936.73828125,"pointerY":76.8515625,"source":1,"timestamp":279180408}
{"angleX":0,"angleY":-187,"contentY":0,"deviceType":4,"inverted":true,"overViewport":false,"phase":2,"pixelX":0,"pixelY":-16,"pointerX":936.73828125,"pointerY":76.8515625,"source":1,"timestamp":279180415}
{"angleX":0,"angleY":-200,"contentY":0,"deviceType":4,"inverted":true,"overViewport":false,"phase":2,"pixelX":0,"pixelY":-17,"pointerX":936.73828125,"pointerY":76.8515625,"source":1,"timestamp":279180422}
{"angleX":0,"angleY":-193,"contentY":0,"deviceType":4,"inverted":true,"overViewport":false,"phase":2,"pixelX":0,"pixelY":-16,"pointerX":936.73828125,"pointerY":76.8515625,"source":1,"timestamp":279180429}
{"angleX":0,"angleY":-224,"contentY":0,"deviceType":4,"inverted":true,"overViewport":false,"phase":2,"pixelX":0,"pixelY":-18,"pointerX":936.73828125,"pointerY":76.8515625,"source":1,"timestamp":279180436}
{"angleX":0,"angleY":-238,"contentY":0,"deviceType":4,"inverted":true,"overViewport":false,"phase":2,"pixelX":0,"pixelY":-20,"pointerX":936.73828125,"pointerY":76.8515625,"source":1,"timestamp":279180443}
{"angleX":0,"angleY":-246,"contentY":0,"deviceType":4,"inverted":true,"overViewport":false,"phase":2,"pixelX":0,"pixelY":-21,"pointerX":936.73828125,"pointerY":76.8515625,"source":1,"timestamp":279180451}
{"angleX":0,"angleY":-246,"contentY":0,"deviceType":4,"inverted":true,"overViewport":false,"phase":2,"pixelX":0,"pixelY":-20,"pointerX":936.73828125,"pointerY":76.8515625,"source":1,"timestamp":279180458}
{"angleX":0,"angleY":-244,"contentY":0,"deviceType":4,"inverted":true,"overViewport":false,"phase":2,"pixelX":0,"pixelY":-21,"pointerX":936.73828125,"pointerY":76.8515625,"source":1,"timestamp":279180465}
{"angleX":0,"angleY":-244,"contentY":0,"deviceType":4,"inverted":true,"overViewport":false,"phase":2,"pixelX":0,"pixelY":-20,"pointerX":936.73828125,"pointerY":76.8515625,"source":1,"timestamp":279180472}
{"angleX":0,"angleY":-253,"contentY":0,"deviceType":4,"inverted":true,"overViewport":false,"phase":2,"pixelX":0,"pixelY":-21,"pointerX":936.73828125,"pointerY":76.8515625,"source":1,"timestamp":279180479}
{"angleX":0,"angleY":0,"contentY":0,"deviceType":4,"inverted":true,"overViewport":false,"phase":3,"pixelX":0,"pixelY":0,"pointerX":936.73828125,"pointerY":76.8515625,"source":0,"timestamp":279180493}
{"angleX":0,"angleY":0,"contentY":0,"deviceType":4,"inverted":true,"overViewport":false,"phase":3,"pixelX":0,"pixelY":0,"pointerX":936.73828125,"pointerY":76.8515625,"source":0,"timestamp":279180493}
{"coastSample":1,"contentY":0,"endTimestamp":279180493,"flicking":false,"velocity":0}
{"coastSample":2,"contentY":0,"endTimestamp":279180493,"flicking":false,"velocity":0}
{"coastSample":3,"contentY":0,"endTimestamp":279180493,"flicking":false,"velocity":0}
{"coastSample":4,"contentY":0,"endTimestamp":279180493,"flicking":false,"velocity":0}
{"coastSample":5,"contentY":0,"endTimestamp":279180493,"flicking":false,"velocity":0}
{"coastSample":6,"contentY":0,"endTimestamp":279180493,"flicking":false,"velocity":0}
{"coastSample":7,"contentY":0,"endTimestamp":279180493,"flicking":false,"velocity":0}
{"coastSample":8,"contentY":0,"endTimestamp":279180493,"flicking":false,"velocity":0}
{"coastSample":9,"contentY":0,"endTimestamp":279180493,"flicking":false,"velocity":0}
{"coastSample":10,"contentY":0,"endTimestamp":279180493,"flicking":false,"velocity":0}
{"angleX":0,"angleY":0,"contentY":0,"deviceType":4,"inverted":false,"overViewport":false,"phase":1,"pixelX":0,"pixelY":0,"pointerX":936.73828125,"pointerY":76.8515625,"source":0,"timestamp":279180710}
{"angleX":0,"angleY":0,"contentY":0,"deviceType":4,"inverted":false,"overViewport":false,"phase":1,"pixelX":0,"pixelY":0,"pointerX":936.73828125,"pointerY":76.8515625,"source":0,"timestamp":279180710}
{"angleX":0,"angleY":181,"contentY":0,"deviceType":4,"inverted":true,"overViewport":false,"phase":2,"pixelX":0,"pixelY":15,"pointerX":936.73828125,"pointerY":76.8515625,"source":1,"timestamp":279180710}
{"angleX":0,"angleY":210,"contentY":0,"deviceType":4,"inverted":true,"overViewport":false,"phase":2,"pixelX":0,"pixelY":18,"pointerX":936.73828125,"pointerY":76.8515625,"source":1,"timestamp":279180717}
{"angleX":0,"angleY":226,"contentY":0,"deviceType":4,"inverted":true,"overViewport":false,"phase":2,"pixelX":0,"pixelY":18,"pointerX":936.73828125,"pointerY":76.8515625,"source":1,"timestamp":279180724}
{"angleX":0,"angleY":238,"contentY":0,"deviceType":4,"inverted":true,"overViewport":false,"phase":2,"pixelX":0,"pixelY":20,"pointerX":936.73828125,"pointerY":76.8515625,"source":1,"timestamp":279180731}
{"angleX":0,"angleY":248,"contentY":0,"deviceType":4,"inverted":true,"overViewport":false,"phase":2,"pixelX":0,"pixelY":21,"pointerX":936.73828125,"pointerY":76.8515625,"source":1,"timestamp":279180738}
{"angleX":0,"angleY":255,"contentY":0,"deviceType":4,"inverted":true,"overViewport":false,"phase":2,"pixelX":0,"pixelY":21,"pointerX":936.73828125,"pointerY":76.8515625,"source":1,"timestamp":279180746}
{"angleX":0,"angleY":253,"contentY":0,"deviceType":4,"inverted":true,"overViewport":false,"phase":2,"pixelX":0,"pixelY":21,"pointerX":936.73828125,"pointerY":76.8515625,"source":1,"timestamp":279180753}
{"angleX":0,"angleY":255,"contentY":0,"deviceType":4,"inverted":true,"overViewport":false,"phase":2,"pixelX":0,"pixelY":21,"pointerX":936.73828125,"pointerY":76.8515625,"source":1,"timestamp":279180760}
{"angleX":0,"angleY":261,"contentY":0,"deviceType":4,"inverted":true,"overViewport":false,"phase":2,"pixelX":0,"pixelY":22,"pointerX":936.73828125,"pointerY":76.8515625,"source":1,"timestamp":279180768}
{"angleX":0,"angleY":248,"contentY":0,"deviceType":4,"inverted":true,"overViewport":false,"phase":2,"pixelX":0,"pixelY":21,"pointerX":936.73828125,"pointerY":76.8515625,"source":1,"timestamp":279180775}
{"angleX":0,"angleY":244,"contentY":0,"deviceType":4,"inverted":true,"overViewport":false,"phase":2,"pixelX":0,"pixelY":20,"pointerX":936.73828125,"pointerY":76.8515625,"source":1,"timestamp":279180782}
{"angleX":0,"angleY":251,"contentY":0,"deviceType":4,"inverted":true,"overViewport":false,"phase":2,"pixelX":0,"pixelY":21,"pointerX":936.73828125,"pointerY":76.8515625,"source":1,"timestamp":279180789}
{"angleX":0,"angleY":230,"contentY":0,"deviceType":4,"inverted":true,"overViewport":false,"phase":2,"pixelX":0,"pixelY":19,"pointerX":936.73828125,"pointerY":76.8515625,"source":1,"timestamp":279180796}
{"angleX":0,"angleY":0,"contentY":0,"deviceType":4,"inverted":true,"overViewport":false,"phase":3,"pixelX":0,"pixelY":0,"pointerX":936.73828125,"pointerY":76.8515625,"source":0,"timestamp":279180809}
{"angleX":0,"angleY":0,"contentY":0,"deviceType":4,"inverted":true,"overViewport":false,"phase":3,"pixelX":0,"pixelY":0,"pointerX":936.73828125,"pointerY":76.8515625,"source":0,"timestamp":279180809}
{"coastSample":1,"contentY":0,"endTimestamp":279180809,"flicking":false,"velocity":0}
{"coastSample":2,"contentY":0,"endTimestamp":279180809,"flicking":false,"velocity":0}
{"coastSample":3,"contentY":0,"endTimestamp":279180809,"flicking":false,"velocity":0}
{"coastSample":4,"contentY":0,"endTimestamp":279180809,"flicking":false,"velocity":0}
{"coastSample":5,"contentY":0,"endTimestamp":279180809,"flicking":false,"velocity":0}
{"coastSample":6,"contentY":0,"endTimestamp":279180809,"flicking":false,"velocity":0}
{"coastSample":7,"contentY":0,"endTimestamp":279180809,"flicking":false,"velocity":0}
{"coastSample":8,"contentY":0,"endTimestamp":279180809,"flicking":false,"velocity":0}
{"coastSample":9,"contentY":0,"endTimestamp":279180809,"flicking":false,"velocity":0}
{"coastSample":10,"contentY":0,"endTimestamp":279180809,"flicking":false,"velocity":0}
{"coastSample":11,"contentY":0,"endTimestamp":279180809,"flicking":false,"velocity":0}
{"coastSample":12,"contentY":0,"endTimestamp":279180809,"flicking":false,"velocity":0}
{"coastSample":13,"contentY":0,"endTimestamp":279180809,"flicking":false,"velocity":0}
{"coastSample":14,"contentY":0,"endTimestamp":279180809,"flicking":false,"velocity":0}
{"coastSample":15,"contentY":0,"endTimestamp":279180809,"flicking":false,"velocity":0}
{"angleX":0,"angleY":0,"contentY":0,"deviceType":4,"inverted":false,"overViewport":true,"phase":1,"pixelX":0,"pixelY":0,"pointerX":750.40234375,"pointerY":442.890625,"source":0,"timestamp":279195408}
{"angleX":0,"angleY":0,"contentY":0,"deviceType":4,"inverted":false,"overViewport":true,"phase":1,"pixelX":0,"pixelY":0,"pointerX":750.40234375,"pointerY":442.890625,"source":0,"timestamp":279195408}
{"angleX":0,"angleY":-98,"contentY":0,"deviceType":4,"inverted":true,"overViewport":true,"phase":2,"pixelX":0,"pixelY":-8,"pointerX":750.40234375,"pointerY":442.890625,"source":1,"timestamp":279195408}
{"angleX":0,"angleY":-114,"contentY":0,"deviceType":4,"inverted":true,"overViewport":true,"phase":2,"pixelX":0,"pixelY":-10,"pointerX":750.40234375,"pointerY":442.890625,"source":1,"timestamp":279195415}
{"angleX":0,"angleY":-138,"contentY":0,"deviceType":4,"inverted":true,"overViewport":true,"phase":2,"pixelX":0,"pixelY":-11,"pointerX":750.40234375,"pointerY":442.890625,"source":1,"timestamp":279195422}
{"angleX":0,"angleY":-159,"contentY":0,"deviceType":4,"inverted":true,"overViewport":true,"phase":2,"pixelX":0,"pixelY":-13,"pointerX":750.40234375,"pointerY":442.890625,"source":1,"timestamp":279195429}
{"angleX":0,"angleY":-169,"contentY":13,"deviceType":4,"inverted":true,"overViewport":true,"phase":2,"pixelX":0,"pixelY":-15,"pointerX":750.40234375,"pointerY":442.890625,"source":1,"timestamp":279195437}
{"angleX":0,"angleY":-173,"contentY":28,"deviceType":4,"inverted":true,"overViewport":true,"phase":2,"pixelX":0,"pixelY":-14,"pointerX":750.40234375,"pointerY":442.890625,"source":1,"timestamp":279195444}
{"angleX":0,"angleY":-161,"contentY":42,"deviceType":4,"inverted":true,"overViewport":true,"phase":2,"pixelX":0,"pixelY":-13,"pointerX":750.40234375,"pointerY":442.890625,"source":1,"timestamp":279195451}
{"angleX":0,"angleY":-147,"contentY":55,"deviceType":4,"inverted":true,"overViewport":true,"phase":2,"pixelX":0,"pixelY":-13,"pointerX":750.40234375,"pointerY":442.890625,"source":1,"timestamp":279195458}
{"angleX":0,"angleY":-124,"contentY":68,"deviceType":4,"inverted":true,"overViewport":true,"phase":2,"pixelX":0,"pixelY":-10,"pointerX":750.40234375,"pointerY":442.890625,"source":1,"timestamp":279195465}
{"angleX":0,"angleY":-100,"contentY":78,"deviceType":4,"inverted":true,"overViewport":true,"phase":2,"pixelX":0,"pixelY":-8,"pointerX":750.40234375,"pointerY":442.890625,"source":1,"timestamp":279195473}
{"angleX":0,"angleY":-86,"contentY":86,"deviceType":4,"inverted":true,"overViewport":true,"phase":2,"pixelX":0,"pixelY":-7,"pointerX":750.40234375,"pointerY":442.890625,"source":1,"timestamp":279195480}
{"angleX":0,"angleY":-69,"contentY":93,"deviceType":4,"inverted":true,"overViewport":true,"phase":2,"pixelX":0,"pixelY":-6,"pointerX":750.40234375,"pointerY":442.890625,"source":1,"timestamp":279195487}
{"angleX":0,"angleY":-63,"contentY":99,"deviceType":4,"inverted":true,"overViewport":true,"phase":2,"pixelX":0,"pixelY":-5,"pointerX":750.40234375,"pointerY":442.890625,"source":1,"timestamp":279195494}
{"angleX":0,"angleY":-43,"contentY":104,"deviceType":4,"inverted":true,"overViewport":true,"phase":2,"pixelX":0,"pixelY":-4,"pointerX":750.40234375,"pointerY":442.890625,"source":1,"timestamp":279195501}
{"angleX":0,"angleY":-29,"contentY":108,"deviceType":4,"inverted":true,"overViewport":true,"phase":2,"pixelX":0,"pixelY":-2,"pointerX":750.40234375,"pointerY":442.890625,"source":1,"timestamp":279195508}
{"angleX":0,"angleY":0,"contentY":110,"deviceType":4,"inverted":true,"overViewport":true,"phase":3,"pixelX":0,"pixelY":0,"pointerX":750.40234375,"pointerY":442.890625,"source":0,"timestamp":279195515}
{"angleX":0,"angleY":0,"contentY":110,"deviceType":4,"inverted":true,"overViewport":true,"phase":3,"pixelX":0,"pixelY":0,"pointerX":750.40234375,"pointerY":442.890625,"source":0,"timestamp":279195515}
{"coastSample":1,"contentY":124.1398705823793,"endTimestamp":279195515,"flicking":true,"velocity":575.6750871080148}
{"coastSample":2,"contentY":134.1783536585366,"endTimestamp":279195515,"flicking":true,"velocity":548.7027127924335}
{"coastSample":3,"contentY":146.8077712792434,"endTimestamp":279195515,"flicking":true,"velocity":512.7395470383268}
{"coastSample":4,"contentY":155.71341463414635,"endTimestamp":279195515,"flicking":true,"velocity":485.7671727227503}
{"coastSample":5,"contentY":164.5871054214369,"endTimestamp":279195515,"flicking":true,"velocity":458.0455657872936}
{"coastSample":6,"contentY":175.02276993114322,"endTimestamp":279195515,"flicking":true,"velocity":421.33316741330873}
{"coastSample":7,"contentY":184.59531846275098,"endTimestamp":279195515,"flicking":true,"velocity":385.3700016592067}
{"coastSample":8,"contentY":189.0579242367679,"endTimestamp":279195515,"flicking":true,"velocity":367.3884187821509}
{"coastSample":9,"contentY":195.34724728305957,"endTimestamp":279195515,"flicking":true,"velocity":340.4160444665649}
{"coastSample":10,"contentY":203.27699311431888,"endTimestamp":279195515,"flicking":true,"velocity":303.7036460925801}
{"coastSample":11,"contentY":208.40650406504068,"endTimestamp":279195515,"flicking":true,"velocity":275.9820391571329}
{"coastSample":12,"contentY":214.49062551850008,"endTimestamp":279195515,"flicking":true,"velocity":240.0188734030214}
{"coastSample":13,"contentY":218.4872967479675,"endTimestamp":279195515,"flicking":true,"velocity":213.0464990874401}
{"coastSample":14,"contentY":223.06096523975444,"endTimestamp":279195515,"flicking":true,"velocity":177.08333333333334}
{"coastSample":15,"contentY":226.0696630786461,"endTimestamp":279195515,"flicking":true,"velocity":148.61249377800334}
{"angleX":0,"angleY":0,"contentY":233,"deviceType":4,"inverted":false,"overViewport":true,"phase":1,"pixelX":0,"pixelY":0,"pointerX":750.40234375,"pointerY":442.890625,"source":0,"timestamp":279196078}
{"angleX":0,"angleY":0,"contentY":233,"deviceType":4,"inverted":false,"overViewport":true,"phase":1,"pixelX":0,"pixelY":0,"pointerX":750.40234375,"pointerY":442.890625,"source":0,"timestamp":279196078}
{"angleX":0,"angleY":-83,"contentY":233,"deviceType":4,"inverted":true,"overViewport":true,"phase":2,"pixelX":0,"pixelY":-7,"pointerX":750.40234375,"pointerY":442.890625,"source":1,"timestamp":279196078}
{"angleX":0,"angleY":-94,"contentY":233,"deviceType":4,"inverted":true,"overViewport":true,"phase":2,"pixelX":0,"pixelY":-8,"pointerX":750.40234375,"pointerY":442.890625,"source":1,"timestamp":279196085}
{"angleX":0,"angleY":-112,"contentY":233,"deviceType":4,"inverted":true,"overViewport":true,"phase":2,"pixelX":0,"pixelY":-9,"pointerX":750.40234375,"pointerY":442.890625,"source":1,"timestamp":279196092}
{"angleX":0,"angleY":-118,"contentY":233,"deviceType":4,"inverted":true,"overViewport":true,"phase":2,"pixelX":0,"pixelY":-10,"pointerX":750.40234375,"pointerY":442.890625,"source":1,"timestamp":279196099}
{"angleX":0,"angleY":-134,"contentY":243,"deviceType":4,"inverted":true,"overViewport":true,"phase":2,"pixelX":0,"pixelY":-11,"pointerX":750.40234375,"pointerY":442.890625,"source":1,"timestamp":279196106}
{"angleX":0,"angleY":-149,"contentY":254,"deviceType":4,"inverted":true,"overViewport":true,"phase":2,"pixelX":0,"pixelY":-13,"pointerX":750.40234375,"pointerY":442.890625,"source":1,"timestamp":279196114}
{"angleX":0,"angleY":-149,"contentY":267,"deviceType":4,"inverted":true,"overViewport":true,"phase":2,"pixelX":0,"pixelY":-12,"pointerX":750.40234375,"pointerY":442.890625,"source":1,"timestamp":279196121}
{"angleX":0,"angleY":-138,"contentY":279,"deviceType":4,"inverted":true,"overViewport":true,"phase":2,"pixelX":0,"pixelY":-11,"pointerX":750.40234375,"pointerY":442.890625,"source":1,"timestamp":279196128}
{"angleX":0,"angleY":-124,"contentY":290,"deviceType":4,"inverted":true,"overViewport":true,"phase":2,"pixelX":0,"pixelY":-11,"pointerX":750.40234375,"pointerY":442.890625,"source":1,"timestamp":279196135}
{"angleX":0,"angleY":-108,"contentY":301,"deviceType":4,"inverted":true,"overViewport":true,"phase":2,"pixelX":0,"pixelY":-9,"pointerX":750.40234375,"pointerY":442.890625,"source":1,"timestamp":279196142}
{"angleX":0,"angleY":0,"contentY":310,"deviceType":4,"inverted":true,"overViewport":true,"phase":3,"pixelX":0,"pixelY":0,"pointerX":750.40234375,"pointerY":442.890625,"source":0,"timestamp":279196156}
{"angleX":0,"angleY":0,"contentY":310,"deviceType":4,"inverted":true,"overViewport":true,"phase":3,"pixelX":0,"pixelY":0,"pointerX":750.40234375,"pointerY":442.890625,"source":0,"timestamp":279196156}
{"coastSample":1,"contentY":337.26532376784706,"endTimestamp":279196156,"flicking":true,"velocity":1500.75749173187}
{"coastSample":2,"contentY":372.444540513834,"endTimestamp":279196156,"flicking":true,"velocity":1444.8266213600127}
{"coastSample":3,"contentY":397.9480418649673,"endTimestamp":279196156,"flicking":true,"velocity":1402.8784685811027}
{"coastSample":4,"contentY":430.778162055336,"endTimestamp":279196156,"flicking":true,"velocity":1346.9475982092451}
{"coastSample":5,"contentY":455.8166838499234,"endTimestamp":279196156,"flicking":true,"velocity":1303.8342189642628}
{"coastSample":6,"contentY":478.76134788154394,"endTimestamp":279196156,"flicking":true,"velocity":1260.7208397192928}
{"coastSample":7,"contentY":500.9509451631443,"endTimestamp":279196156,"flicking":true,"velocity":1218.7726869403832}
{"coastSample":8,"contentY":529.3625265941357,"endTimestamp":279196156,"flicking":true,"velocity":1162.841816568535}
{"coastSample":9,"contentY":549.7903014590223,"endTimestamp":279196156,"flicking":true,"velocity":1120.8936637896159}
{"coastSample":10,"contentY":576.9095925425506,"endTimestamp":279196156,"flicking":true,"velocity":1063.7975669516695}
{"coastSample":11,"contentY":595.5335968379446,"endTimestamp":279196156,"flicking":true,"velocity":1020.6841877066873}
{"coastSample":12,"contentY":619.1910542873276,"endTimestamp":279196156,"flicking":true,"velocity":964.7533173348393}
{"coastSample":13,"contentY":630.5164051786724,"endTimestamp":279196156,"flicking":true,"velocity":936.7878821489247}
{"coastSample":14,"contentY":646.8752092240059,"endTimestamp":279196156,"flicking":true,"velocity":894.8397293700054}
{"coastSample":15,"contentY":662.4789465193192,"endTimestamp":279196156,"flicking":true,"velocity":852.8915765911051}
{"angleX":0,"angleY":0,"contentY":815.0216156126481,"deviceType":4,"inverted":false,"overViewport":true,"phase":1,"pixelX":0,"pixelY":0,"pointerX":750.40234375,"pointerY":442.890625,"source":0,"timestamp":279196798}
{"angleX":0,"angleY":0,"contentY":815.0216156126481,"deviceType":4,"inverted":false,"overViewport":true,"phase":1,"pixelX":0,"pixelY":0,"pointerX":750.40234375,"pointerY":442.890625,"source":0,"timestamp":279196798}
{"angleX":0,"angleY":193,"contentY":815.0216156126481,"deviceType":4,"inverted":true,"overViewport":true,"phase":2,"pixelX":0,"pixelY":16,"pointerX":750.40234375,"pointerY":442.890625,"source":1,"timestamp":279196798}
{"angleX":0,"angleY":222,"contentY":815.0216156126481,"deviceType":4,"inverted":true,"overViewport":true,"phase":2,"pixelX":0,"pixelY":19,"pointerX":750.40234375,"pointerY":442.890625,"source":1,"timestamp":279196805}
{"angleX":0,"angleY":248,"contentY":815.0216156126481,"deviceType":4,"inverted":true,"overViewport":true,"phase":2,"pixelX":0,"pixelY":20,"pointerX":750.40234375,"pointerY":442.890625,"source":1,"timestamp":279196812}
{"angleX":0,"angleY":285,"contentY":776.0216156126481,"deviceType":4,"inverted":true,"overViewport":true,"phase":2,"pixelX":0,"pixelY":24,"pointerX":750.40234375,"pointerY":442.890625,"source":1,"timestamp":279196819}
{"angleX":0,"angleY":320,"contentY":752.0216156126481,"deviceType":4,"inverted":true,"overViewport":true,"phase":2,"pixelX":0,"pixelY":27,"pointerX":750.40234375,"pointerY":442.890625,"source":1,"timestamp":279196826}
{"angleX":0,"angleY":352,"contentY":725.0216156126481,"deviceType":4,"inverted":true,"overViewport":true,"phase":2,"pixelX":0,"pixelY":29,"pointerX":750.40234375,"pointerY":442.890625,"source":1,"timestamp":279196833}
{"angleX":0,"angleY":379,"contentY":696.0216156126481,"deviceType":4,"inverted":true,"overViewport":true,"phase":2,"pixelX":0,"pixelY":32,"pointerX":750.40234375,"pointerY":442.890625,"source":1,"timestamp":279196841}
{"angleX":0,"angleY":420,"contentY":664.0216156126481,"deviceType":4,"inverted":true,"overViewport":true,"phase":2,"pixelX":0,"pixelY":35,"pointerX":750.40234375,"pointerY":442.890625,"source":1,"timestamp":279196848}
{"angleX":0,"angleY":428,"contentY":629.0216156126481,"deviceType":4,"inverted":true,"overViewport":true,"phase":2,"pixelX":0,"pixelY":35,"pointerX":750.40234375,"pointerY":442.890625,"source":1,"timestamp":279196855}
{"angleX":0,"angleY":436,"contentY":594.0216156126481,"deviceType":4,"inverted":true,"overViewport":true,"phase":2,"pixelX":0,"pixelY":37,"pointerX":750.40234375,"pointerY":442.890625,"source":1,"timestamp":279196862}
{"angleX":0,"angleY":413,"contentY":557.0216156126481,"deviceType":4,"inverted":true,"overViewport":true,"phase":2,"pixelX":0,"pixelY":34,"pointerX":750.40234375,"pointerY":442.890625,"source":1,"timestamp":279196869}
{"angleX":0,"angleY":0,"contentY":523.0216156126481,"deviceType":4,"inverted":true,"overViewport":true,"phase":3,"pixelX":0,"pixelY":0,"pointerX":750.40234375,"pointerY":442.890625,"source":0,"timestamp":279196883}
{"angleX":0,"angleY":0,"contentY":523,"deviceType":4,"inverted":true,"overViewport":true,"phase":3,"pixelX":0,"pixelY":0,"pointerX":750.40234375,"pointerY":442.890625,"source":0,"timestamp":279196883}
{"coastSample":1,"contentY":409.1249073243064,"endTimestamp":279196883,"flicking":true,"velocity":-4526.606459983611}
{"coastSample":2,"contentY":309.2139150115113,"endTimestamp":279196883,"flicking":true,"velocity":-3944.768944862839}
{"coastSample":3,"contentY":243.44461164006708,"endTimestamp":279196883,"flicking":true,"velocity":-3508.3908085222697}
{"coastSample":4,"contentY":167.97079496234437,"endTimestamp":279196883,"flicking":true,"velocity":-2926.5532934014877}
{"coastSample":5,"contentY":118.124049464432,"endTimestamp":279196883,"flicking":true,"velocity":-2465.931927264213}
{"coastSample":6,"contentY":91.15113515530481,"endTimestamp":279196883,"flicking":true,"velocity":-2175.0131697038455}
{"coastSample":7,"contentY":47.67838180922462,"endTimestamp":279196883,"flicking":true,"velocity":-1593.175654583045}
{"coastSample":8,"contentY":24.237757662816534,"endTimestamp":279196883,"flicking":true,"velocity":-1156.7975182424846}
{"coastSample":9,"contentY":5.202179951808603,"endTimestamp":279196883,"flicking":true,"velocity":-574.9600031217028}
{"coastSample":10,"contentY":0.03570696921212857,"endTimestamp":279196883,"flicking":true,"velocity":-126.4602518827717}
{"coastSample":11,"contentY":0,"endTimestamp":279196883,"flicking":false,"velocity":0}
{"coastSample":12,"contentY":0,"endTimestamp":279196883,"flicking":false,"velocity":0}
{"coastSample":13,"contentY":0,"endTimestamp":279196883,"flicking":false,"velocity":0}
{"coastSample":14,"contentY":0,"endTimestamp":279196883,"flicking":false,"velocity":0}
{"coastSample":15,"contentY":0,"endTimestamp":279196883,"flicking":false,"velocity":0}
{"angleX":0,"angleY":0,"contentY":0,"deviceType":4,"inverted":false,"overViewport":true,"phase":1,"pixelX":0,"pixelY":0,"pointerX":750.40234375,"pointerY":442.890625,"source":0,"timestamp":279197504}
{"angleX":0,"angleY":0,"contentY":0,"deviceType":4,"inverted":false,"overViewport":true,"phase":1,"pixelX":0,"pixelY":0,"pointerX":750.40234375,"pointerY":442.890625,"source":0,"timestamp":279197504}
{"angleX":0,"angleY":-128,"contentY":0,"deviceType":4,"inverted":true,"overViewport":true,"phase":2,"pixelX":0,"pixelY":-11,"pointerX":750.40234375,"pointerY":442.890625,"source":1,"timestamp":279197504}
{"angleX":0,"angleY":-155,"contentY":0,"deviceType":4,"inverted":true,"overViewport":true,"phase":2,"pixelX":0,"pixelY":-13,"pointerX":750.40234375,"pointerY":442.890625,"source":1,"timestamp":279197511}
{"angleX":0,"angleY":-189,"contentY":0,"deviceType":4,"inverted":true,"overViewport":true,"phase":2,"pixelX":0,"pixelY":-15,"pointerX":750.40234375,"pointerY":442.890625,"source":1,"timestamp":279197518}
{"angleX":0,"angleY":-224,"contentY":0,"deviceType":4,"inverted":true,"overViewport":true,"phase":2,"pixelX":0,"pixelY":-19,"pointerX":750.40234375,"pointerY":442.890625,"source":1,"timestamp":279197525}
{"angleX":0,"angleY":-255,"contentY":19,"deviceType":4,"inverted":true,"overViewport":true,"phase":2,"pixelX":0,"pixelY":-21,"pointerX":750.40234375,"pointerY":442.890625,"source":1,"timestamp":279197532}
{"angleX":0,"angleY":-293,"contentY":40,"deviceType":4,"inverted":true,"overViewport":true,"phase":2,"pixelX":0,"pixelY":-25,"pointerX":750.40234375,"pointerY":442.890625,"source":1,"timestamp":279197539}
{"angleX":0,"angleY":-322,"contentY":65,"deviceType":4,"inverted":true,"overViewport":true,"phase":2,"pixelX":0,"pixelY":-27,"pointerX":750.40234375,"pointerY":442.890625,"source":1,"timestamp":279197547}
{"angleX":0,"angleY":-342,"contentY":92,"deviceType":4,"inverted":true,"overViewport":true,"phase":2,"pixelX":0,"pixelY":-28,"pointerX":750.40234375,"pointerY":442.890625,"source":1,"timestamp":279197554}
{"angleX":0,"angleY":-362,"contentY":120,"deviceType":4,"inverted":true,"overViewport":true,"phase":2,"pixelX":0,"pixelY":-30,"pointerX":750.40234375,"pointerY":442.890625,"source":1,"timestamp":279197561}
{"angleX":0,"angleY":-371,"contentY":150,"deviceType":4,"inverted":true,"overViewport":true,"phase":2,"pixelX":0,"pixelY":-31,"pointerX":750.40234375,"pointerY":442.890625,"source":1,"timestamp":279197568}
{"angleX":0,"angleY":-375,"contentY":181,"deviceType":4,"inverted":true,"overViewport":true,"phase":2,"pixelX":0,"pixelY":-31,"pointerX":750.40234375,"pointerY":442.890625,"source":1,"timestamp":279197575}
{"angleX":0,"angleY":-354,"contentY":212,"deviceType":4,"inverted":true,"overViewport":true,"phase":2,"pixelX":0,"pixelY":-30,"pointerX":750.40234375,"pointerY":442.890625,"source":1,"timestamp":279197582}
{"angleX":0,"angleY":0,"contentY":242,"deviceType":4,"inverted":true,"overViewport":true,"phase":3,"pixelX":0,"pixelY":0,"pointerX":750.40234375,"pointerY":442.890625,"source":0,"timestamp":279197603}
{"angleX":0,"angleY":0,"contentY":242,"deviceType":4,"inverted":true,"overViewport":true,"phase":3,"pixelX":0,"pixelY":0,"pointerX":750.40234375,"pointerY":442.890625,"source":0,"timestamp":279197603}
{"coastSample":1,"contentY":365.2725503093223,"endTimestamp":279197603,"flicking":true,"velocity":3910.6387328450487}
{"coastSample":2,"contentY":453.17449157363296,"endTimestamp":279197603,"flicking":true,"velocity":3513.7461779136743}
{"coastSample":3,"contentY":531.5510115195905,"endTimestamp":279197603,"flicking":true,"velocity":3116.8536229823003}
{"coastSample":4,"contentY":603.0641910509848,"endTimestamp":279197603,"flicking":true,"velocity":2711.692473156518}
{"coastSample":5,"contentY":648.1537878653203,"endTimestamp":279197603,"flicking":true,"velocity":2405.7544620635554}
{"coastSample":6,"contentY":687.8853351880822,"endTimestamp":279197603,"flicking":true,"velocity":2108.085045865039}
{"coastSample":7,"contentY":711.3963392412713,"endTimestamp":279197603,"flicking":true,"velocity":1909.6387683993423}
{"coastSample":8,"contentY":751.274281358885,"endTimestamp":279197603,"flicking":true,"velocity":1512.746213467949}
{"coastSample":9,"contentY":774.931680206926,"endTimestamp":279197603,"flicking":true,"velocity":1215.0767972694325}
{"coastSample":10,"contentY":798.9004390954988,"endTimestamp":279197603,"flicking":true,"velocity":801.6470525492423}
{"coastSample":11,"contentY":809.7580530470027,"endTimestamp":279197603,"flicking":true,"velocity":503.97763635070686}
{"coastSample":12,"contentY":815.9001279954491,"endTimestamp":279197603,"flicking":true,"velocity":107.08508141937045}
{"coastSample":13,"contentY":816,"endTimestamp":279197603,"flicking":false,"velocity":0}
{"coastSample":14,"contentY":816,"endTimestamp":279197603,"flicking":false,"velocity":0}
{"coastSample":15,"contentY":816,"endTimestamp":279197603,"flicking":false,"velocity":0}
{"angleX":0,"angleY":0,"contentY":816,"deviceType":4,"inverted":false,"overViewport":true,"phase":1,"pixelX":0,"pixelY":0,"pointerX":750.40234375,"pointerY":442.890625,"source":0,"timestamp":279198281}
{"angleX":0,"angleY":0,"contentY":816,"deviceType":4,"inverted":false,"overViewport":true,"phase":1,"pixelX":0,"pixelY":0,"pointerX":750.40234375,"pointerY":442.890625,"source":0,"timestamp":279198281}
{"angleX":0,"angleY":116,"contentY":816,"deviceType":4,"inverted":true,"overViewport":true,"phase":2,"pixelX":0,"pixelY":10,"pointerX":750.40234375,"pointerY":442.890625,"source":1,"timestamp":279198281}
{"angleX":0,"angleY":134,"contentY":816,"deviceType":4,"inverted":true,"overViewport":true,"phase":2,"pixelX":0,"pixelY":11,"pointerX":750.40234375,"pointerY":442.890625,"source":1,"timestamp":279198288}
{"angleX":0,"angleY":143,"contentY":816,"deviceType":4,"inverted":true,"overViewport":true,"phase":2,"pixelX":0,"pixelY":12,"pointerX":750.40234375,"pointerY":442.890625,"source":1,"timestamp":279198295}
{"angleX":0,"angleY":141,"contentY":816,"deviceType":4,"inverted":true,"overViewport":true,"phase":2,"pixelX":0,"pixelY":11,"pointerX":750.40234375,"pointerY":442.890625,"source":1,"timestamp":279198303}
{"angleX":0,"angleY":136,"contentY":805,"deviceType":4,"inverted":true,"overViewport":true,"phase":2,"pixelX":0,"pixelY":12,"pointerX":750.40234375,"pointerY":442.890625,"source":1,"timestamp":279198310}
{"angleX":0,"angleY":138,"contentY":793,"deviceType":4,"inverted":true,"overViewport":true,"phase":2,"pixelX":0,"pixelY":11,"pointerX":750.40234375,"pointerY":442.890625,"source":1,"timestamp":279198317}
{"angleX":0,"angleY":0,"contentY":782,"deviceType":4,"inverted":true,"overViewport":true,"phase":3,"pixelX":0,"pixelY":0,"pointerX":750.40234375,"pointerY":442.890625,"source":0,"timestamp":279198330}
{"angleX":0,"angleY":0,"contentY":782,"deviceType":4,"inverted":true,"overViewport":true,"phase":3,"pixelX":0,"pixelY":0,"pointerX":750.40234375,"pointerY":442.890625,"source":0,"timestamp":279198330}
{"coastSample":1,"contentY":734.9183296535326,"endTimestamp":279198330,"flicking":true,"velocity":-1549.900220788042}
{"coastSample":2,"contentY":707.3709239130435,"endTimestamp":279198330,"flicking":true,"velocity":-1520.6670346467301}
{"coastSample":3,"contentY":671.4595788043479,"endTimestamp":279198330,"flicking":true,"velocity":-1481.689453125}
{"coastSample":4,"contentY":645.1399668817935,"endTimestamp":279198330,"flicking":true,"velocity":-1452.456266983688}
{"coastSample":5,"contentY":609.4578857421875,"endTimestamp":279198330,"flicking":true,"velocity":-1411.854619565209}
{"coastSample":6,"contentY":584.3953008237092,"endTimestamp":279198330,"flicking":true,"velocity":-1382.6214334239164}
{"coastSample":7,"contentY":559.8589132557745,"endTimestamp":279198330,"flicking":true,"velocity":-1353.3882472826047}
{"coastSample":8,"contentY":527.962259043818,"endTimestamp":279198330,"flicking":true,"velocity":-1314.4106657608556}
{"coastSample":9,"contentY":504.65366529381794,"endTimestamp":279198330,"flicking":true,"velocity":-1285.1774796195532}
{"coastSample":10,"contentY":488.1469301970109,"endTimestamp":279198330,"flicking":true,"velocity":-1264.876655910322}
{"coastSample":11,"contentY":458.39404296875,"endTimestamp":279198330,"flicking":true,"velocity":-1225.0870414402186}
{"coastSample":12,"contentY":436.69327445652175,"endTimestamp":279198330,"flicking":true,"velocity":-1195.8538552989164}
{"coastSample":13,"contentY":415.518703294837,"endTimestamp":279198330,"flicking":true,"velocity":-1166.6206691576047}
{"coastSample":14,"contentY":388.1044709578805,"endTimestamp":279198330,"flicking":true,"velocity":-1127.6430876358652}
{"coastSample":15,"contentY":367.06496794327444,"endTimestamp":279198330,"flicking":true,"velocity":-1096.7858355978233}
{"angleX":0,"angleY":0,"contentY":0,"deviceType":4,"inverted":false,"overViewport":true,"phase":1,"pixelX":0,"pixelY":0,"pointerX":750.40234375,"pointerY":442.890625,"source":0,"timestamp":279199598}
{"angleX":0,"angleY":0,"contentY":0,"deviceType":4,"inverted":false,"overViewport":true,"phase":1,"pixelX":0,"pixelY":0,"pointerX":750.40234375,"pointerY":442.890625,"source":0,"timestamp":279199598}
{"angleX":0,"angleY":-26,"contentY":0,"deviceType":4,"inverted":true,"overViewport":true,"phase":2,"pixelX":0,"pixelY":-2,"pointerX":750.40234375,"pointerY":442.890625,"source":1,"timestamp":279199598}
{"angleX":0,"angleY":-24,"contentY":0,"deviceType":4,"inverted":true,"overViewport":true,"phase":2,"pixelX":0,"pixelY":-2,"pointerX":750.40234375,"pointerY":442.890625,"source":1,"timestamp":279199605}
{"angleX":0,"angleY":-22,"contentY":0,"deviceType":4,"inverted":true,"overViewport":true,"phase":2,"pixelX":0,"pixelY":-2,"pointerX":750.40234375,"pointerY":442.890625,"source":1,"timestamp":279199613}
{"angleX":0,"angleY":-22,"contentY":0,"deviceType":4,"inverted":true,"overViewport":true,"phase":2,"pixelX":0,"pixelY":-2,"pointerX":750.40234375,"pointerY":442.890625,"source":1,"timestamp":279199620}
{"angleX":0,"angleY":-26,"contentY":2,"deviceType":4,"inverted":true,"overViewport":true,"phase":2,"pixelX":0,"pixelY":-2,"pointerX":750.40234375,"pointerY":442.890625,"source":1,"timestamp":279199627}
{"angleX":0,"angleY":-26,"contentY":4,"deviceType":4,"inverted":true,"overViewport":true,"phase":2,"pixelX":0,"pixelY":-2,"pointerX":750.40234375,"pointerY":442.890625,"source":1,"timestamp":279199634}
{"angleX":0,"angleY":-35,"contentY":6,"deviceType":4,"inverted":true,"overViewport":true,"phase":2,"pixelX":0,"pixelY":-3,"pointerX":750.40234375,"pointerY":442.890625,"source":1,"timestamp":279199641}
{"angleX":0,"angleY":-37,"contentY":9,"deviceType":4,"inverted":true,"overViewport":true,"phase":2,"pixelX":0,"pixelY":-3,"pointerX":750.40234375,"pointerY":442.890625,"source":1,"timestamp":279199649}
{"angleX":0,"angleY":-37,"contentY":12,"deviceType":4,"inverted":true,"overViewport":true,"phase":2,"pixelX":0,"pixelY":-3,"pointerX":750.40234375,"pointerY":442.890625,"source":1,"timestamp":279199656}
{"angleX":0,"angleY":-35,"contentY":15,"deviceType":4,"inverted":true,"overViewport":true,"phase":2,"pixelX":0,"pixelY":-3,"pointerX":750.40234375,"pointerY":442.890625,"source":1,"timestamp":279199663}
{"angleX":0,"angleY":-35,"contentY":18,"deviceType":4,"inverted":true,"overViewport":true,"phase":2,"pixelX":0,"pixelY":-3,"pointerX":750.40234375,"pointerY":442.890625,"source":1,"timestamp":279199670}
{"angleX":0,"angleY":-35,"contentY":21,"deviceType":4,"inverted":true,"overViewport":true,"phase":2,"pixelX":0,"pixelY":-3,"pointerX":750.40234375,"pointerY":442.890625,"source":1,"timestamp":279199677}
{"angleX":0,"angleY":-35,"contentY":24,"deviceType":4,"inverted":true,"overViewport":true,"phase":2,"pixelX":0,"pixelY":-3,"pointerX":750.40234375,"pointerY":442.890625,"source":1,"timestamp":279199685}
{"angleX":0,"angleY":-35,"contentY":27,"deviceType":4,"inverted":true,"overViewport":true,"phase":2,"pixelX":0,"pixelY":-3,"pointerX":750.40234375,"pointerY":442.890625,"source":1,"timestamp":279199692}
{"angleX":0,"angleY":-33,"contentY":30,"deviceType":4,"inverted":true,"overViewport":true,"phase":2,"pixelX":0,"pixelY":-3,"pointerX":750.40234375,"pointerY":442.890625,"source":1,"timestamp":279199699}
{"angleX":0,"angleY":-33,"contentY":33,"deviceType":4,"inverted":true,"overViewport":true,"phase":2,"pixelX":0,"pixelY":-2,"pointerX":750.40234375,"pointerY":442.890625,"source":1,"timestamp":279199706}
{"angleX":0,"angleY":-37,"contentY":35,"deviceType":4,"inverted":true,"overViewport":true,"phase":2,"pixelX":0,"pixelY":-3,"pointerX":750.40234375,"pointerY":442.890625,"source":1,"timestamp":279199713}
{"angleX":0,"angleY":-43,"contentY":38,"deviceType":4,"inverted":true,"overViewport":true,"phase":2,"pixelX":0,"pixelY":-4,"pointerX":750.40234375,"pointerY":442.890625,"source":1,"timestamp":279199720}
{"angleX":0,"angleY":-41,"contentY":42,"deviceType":4,"inverted":true,"overViewport":true,"phase":2,"pixelX":0,"pixelY":-3,"pointerX":750.40234375,"pointerY":442.890625,"source":1,"timestamp":279199728}
{"angleX":0,"angleY":-43,"contentY":45,"deviceType":4,"inverted":true,"overViewport":true,"phase":2,"pixelX":0,"pixelY":-4,"pointerX":750.40234375,"pointerY":442.890625,"source":1,"timestamp":279199735}
{"angleX":0,"angleY":-45,"contentY":49,"deviceType":4,"inverted":true,"overViewport":true,"phase":2,"pixelX":0,"pixelY":-4,"pointerX":750.40234375,"pointerY":442.890625,"source":1,"timestamp":279199742}
{"angleX":0,"angleY":-41,"contentY":53,"deviceType":4,"inverted":true,"overViewport":true,"phase":2,"pixelX":0,"pixelY":-3,"pointerX":750.40234375,"pointerY":442.890625,"source":1,"timestamp":279199749}
{"angleX":0,"angleY":-47,"contentY":56,"deviceType":4,"inverted":true,"overViewport":true,"phase":2,"pixelX":0,"pixelY":-4,"pointerX":750.40234375,"pointerY":442.890625,"source":1,"timestamp":279199756}
{"angleX":0,"angleY":-43,"contentY":60,"deviceType":4,"inverted":true,"overViewport":true,"phase":2,"pixelX":0,"pixelY":-3,"pointerX":750.40234375,"pointerY":442.890625,"source":1,"timestamp":279199764}
{"angleX":0,"angleY":-49,"contentY":63,"deviceType":4,"inverted":true,"overViewport":true,"phase":2,"pixelX":0,"pixelY":-4,"pointerX":750.40234375,"pointerY":442.890625,"source":1,"timestamp":279199771}
{"angleX":0,"angleY":-53,"contentY":67,"deviceType":4,"inverted":true,"overViewport":true,"phase":2,"pixelX":0,"pixelY":-5,"pointerX":750.40234375,"pointerY":442.890625,"source":1,"timestamp":279199778}
{"angleX":0,"angleY":-63,"contentY":72,"deviceType":4,"inverted":true,"overViewport":true,"phase":2,"pixelX":0,"pixelY":-5,"pointerX":750.40234375,"pointerY":442.890625,"source":1,"timestamp":279199785}
{"angleX":0,"angleY":-57,"contentY":77,"deviceType":4,"inverted":true,"overViewport":true,"phase":2,"pixelX":0,"pixelY":-5,"pointerX":750.40234375,"pointerY":442.890625,"source":1,"timestamp":279199792}
{"angleX":0,"angleY":0,"contentY":82,"deviceType":4,"inverted":true,"overViewport":true,"phase":3,"pixelX":0,"pixelY":0,"pointerX":750.40234375,"pointerY":442.890625,"source":0,"timestamp":279199813}
{"angleX":0,"angleY":0,"contentY":82,"deviceType":4,"inverted":true,"overViewport":true,"phase":3,"pixelX":0,"pixelY":0,"pointerX":750.40234375,"pointerY":442.890625,"source":0,"timestamp":279199813}
{"coastSample":1,"contentY":101.67999699879952,"endTimestamp":279199813,"flicking":true,"velocity":637.9426770708297}
{"coastSample":2,"contentY":116.44890456182472,"endTimestamp":279199813,"flicking":true,"velocity":601.8282312925152}
{"coastSample":3,"contentY":126.95678271308523,"endTimestamp":279199813,"flicking":true,"velocity":574.7423969587828}
{"coastSample":4,"contentY":136.97711584633853,"endTimestamp":279199813,"flicking":true,"velocity":547.6565626250505}
{"coastSample":5,"contentY":150.0854320895025,"endTimestamp":279199813,"flicking":true,"velocity":510.0373482726468}
{"coastSample":6,"contentY":161.78461176137122,"endTimestamp":279199813,"flicking":true,"velocity":473.9229024943323}
{"coastSample":7,"contentY":167.3091715853008,"endTimestamp":279199813,"flicking":true,"velocity":455.8656796051773}
{"coastSample":8,"contentY":175.18972380618914,"endTimestamp":279199813,"flicking":true,"velocity":428.77984527144025}
{"coastSample":9,"contentY":184.93872340602908,"endTimestamp":279199813,"flicking":true,"velocity":392.66539949313045}
{"coastSample":10,"contentY":192.0419834600507,"endTimestamp":279199813,"flicking":true,"velocity":364.0747965852995}
{"coastSample":11,"contentY":198.27029978658132,"endTimestamp":279199813,"flicking":true,"velocity":336.98896225156716}
{"coastSample":12,"contentY":205.81631819394426,"endTimestamp":279199813,"flicking":true,"velocity":300.87451647325736}
{"coastSample":13,"contentY":212.49558990262773,"endTimestamp":279199813,"flicking":true,"velocity":264.76007069494284}
{"coastSample":14,"contentY":215.51019574496468,"endTimestamp":279199813,"flicking":true,"velocity":246.70284780579266}
{"coastSample":15,"contentY":219.84016731692677,"endTimestamp":279199813,"flicking":true,"velocity":218.11224489795697}
{"angleX":0,"angleY":0,"contentY":235,"deviceType":4,"inverted":false,"overViewport":true,"phase":1,"pixelX":0,"pixelY":0,"pointerX":750.40234375,"pointerY":442.890625,"source":0,"timestamp":279200433}
{"angleX":0,"angleY":0,"contentY":235,"deviceType":4,"inverted":false,"overViewport":true,"phase":1,"pixelX":0,"pixelY":0,"pointerX":750.40234375,"pointerY":442.890625,"source":0,"timestamp":279200433}
{"angleX":0,"angleY":-24,"contentY":235,"deviceType":4,"inverted":true,"overViewport":true,"phase":2,"pixelX":0,"pixelY":-2,"pointerX":750.40234375,"pointerY":442.890625,"source":1,"timestamp":279200433}
{"angleX":0,"angleY":-33,"contentY":235,"deviceType":4,"inverted":true,"overViewport":true,"phase":2,"pixelX":0,"pixelY":-3,"pointerX":750.40234375,"pointerY":442.890625,"source":1,"timestamp":279200440}
{"angleX":0,"angleY":-31,"contentY":235,"deviceType":4,"inverted":true,"overViewport":true,"phase":2,"pixelX":0,"pixelY":-2,"pointerX":750.40234375,"pointerY":442.890625,"source":1,"timestamp":279200447}
{"angleX":0,"angleY":-35,"contentY":235,"deviceType":4,"inverted":true,"overViewport":true,"phase":2,"pixelX":0,"pixelY":-3,"pointerX":750.40234375,"pointerY":442.890625,"source":1,"timestamp":279200455}
{"angleX":0,"angleY":-35,"contentY":238,"deviceType":4,"inverted":true,"overViewport":true,"phase":2,"pixelX":0,"pixelY":-3,"pointerX":750.40234375,"pointerY":442.890625,"source":1,"timestamp":279200462}
{"angleX":0,"angleY":-39,"contentY":241,"deviceType":4,"inverted":true,"overViewport":true,"phase":2,"pixelX":0,"pixelY":-3,"pointerX":750.40234375,"pointerY":442.890625,"source":1,"timestamp":279200469}
{"angleX":0,"angleY":-47,"contentY":244,"deviceType":4,"inverted":true,"overViewport":true,"phase":2,"pixelX":0,"pixelY":-4,"pointerX":750.40234375,"pointerY":442.890625,"source":1,"timestamp":279200476}
{"angleX":0,"angleY":-51,"contentY":248,"deviceType":4,"inverted":true,"overViewport":true,"phase":2,"pixelX":0,"pixelY":-4,"pointerX":750.40234375,"pointerY":442.890625,"source":1,"timestamp":279200483}
{"angleX":0,"angleY":-57,"contentY":252,"deviceType":4,"inverted":true,"overViewport":true,"phase":2,"pixelX":0,"pixelY":-5,"pointerX":750.40234375,"pointerY":442.890625,"source":1,"timestamp":279200491}
{"angleX":0,"angleY":-59,"contentY":257,"deviceType":4,"inverted":true,"overViewport":true,"phase":2,"pixelX":0,"pixelY":-5,"pointerX":750.40234375,"pointerY":442.890625,"source":1,"timestamp":279200498}
{"angleX":0,"angleY":-57,"contentY":262,"deviceType":4,"inverted":true,"overViewport":true,"phase":2,"pixelX":0,"pixelY":-5,"pointerX":750.40234375,"pointerY":442.890625,"source":1,"timestamp":279200505}
{"angleX":0,"angleY":-63,"contentY":267,"deviceType":4,"inverted":true,"overViewport":true,"phase":2,"pixelX":0,"pixelY":-5,"pointerX":750.40234375,"pointerY":442.890625,"source":1,"timestamp":279200512}
{"angleX":0,"angleY":-59,"contentY":272,"deviceType":4,"inverted":true,"overViewport":true,"phase":2,"pixelX":0,"pixelY":-5,"pointerX":750.40234375,"pointerY":442.890625,"source":1,"timestamp":279200520}
{"angleX":0,"angleY":-51,"contentY":277,"deviceType":4,"inverted":true,"overViewport":true,"phase":2,"pixelX":0,"pixelY":-4,"pointerX":750.40234375,"pointerY":442.890625,"source":1,"timestamp":279200527}
{"angleX":0,"angleY":-49,"contentY":281,"deviceType":4,"inverted":true,"overViewport":true,"phase":2,"pixelX":0,"pixelY":-4,"pointerX":750.40234375,"pointerY":442.890625,"source":1,"timestamp":279200534}
{"angleX":0,"angleY":-51,"contentY":285,"deviceType":4,"inverted":true,"overViewport":true,"phase":2,"pixelX":0,"pixelY":-5,"pointerX":750.40234375,"pointerY":442.890625,"source":1,"timestamp":279200541}
{"angleX":0,"angleY":-39,"contentY":290,"deviceType":4,"inverted":true,"overViewport":true,"phase":2,"pixelX":0,"pixelY":-3,"pointerX":750.40234375,"pointerY":442.890625,"source":1,"timestamp":279200548}
{"angleX":0,"angleY":-37,"contentY":293,"deviceType":4,"inverted":true,"overViewport":true,"phase":2,"pixelX":0,"pixelY":-3,"pointerX":750.40234375,"pointerY":442.890625,"source":1,"timestamp":279200555}
{"angleX":0,"angleY":-35,"contentY":296,"deviceType":4,"inverted":true,"overViewport":true,"phase":2,"pixelX":0,"pixelY":-3,"pointerX":750.40234375,"pointerY":442.890625,"source":1,"timestamp":279200563}
{"angleX":0,"angleY":-26,"contentY":299,"deviceType":4,"inverted":true,"overViewport":true,"phase":2,"pixelX":0,"pixelY":-2,"pointerX":750.40234375,"pointerY":442.890625,"source":1,"timestamp":279200570}
{"angleX":0,"angleY":-31,"contentY":301,"deviceType":4,"inverted":true,"overViewport":true,"phase":2,"pixelX":0,"pixelY":-3,"pointerX":750.40234375,"pointerY":442.890625,"source":1,"timestamp":279200577}
{"angleX":0,"angleY":-22,"contentY":304,"deviceType":4,"inverted":true,"overViewport":true,"phase":2,"pixelX":0,"pixelY":-1,"pointerX":750.40234375,"pointerY":442.890625,"source":1,"timestamp":279200584}
{"angleX":0,"angleY":-24,"contentY":305,"deviceType":4,"inverted":true,"overViewport":true,"phase":2,"pixelX":0,"pixelY":-2,"pointerX":750.40234375,"pointerY":442.890625,"source":1,"timestamp":279200591}
{"angleX":0,"angleY":-18,"contentY":307,"deviceType":4,"inverted":true,"overViewport":true,"phase":2,"pixelX":0,"pixelY":-2,"pointerX":750.40234375,"pointerY":442.890625,"source":1,"timestamp":279200606}
{"angleX":0,"angleY":-18,"contentY":309,"deviceType":4,"inverted":true,"overViewport":true,"phase":2,"pixelX":0,"pixelY":-1,"pointerX":750.40234375,"pointerY":442.890625,"source":1,"timestamp":279200613}
{"angleX":0,"angleY":-20,"contentY":310,"deviceType":4,"inverted":true,"overViewport":true,"phase":2,"pixelX":0,"pixelY":-2,"pointerX":750.40234375,"pointerY":442.890625,"source":1,"timestamp":279200620}
{"angleX":0,"angleY":-14,"contentY":312,"deviceType":4,"inverted":true,"overViewport":true,"phase":2,"pixelX":0,"pixelY":-1,"pointerX":750.40234375,"pointerY":442.890625,"source":1,"timestamp":279200627}
{"angleX":0,"angleY":-10,"contentY":313,"deviceType":4,"inverted":true,"overViewport":true,"phase":2,"pixelX":0,"pixelY":-1,"pointerX":750.40234375,"pointerY":442.890625,"source":1,"timestamp":279200635}
{"angleX":0,"angleY":-10,"contentY":314,"deviceType":4,"inverted":true,"overViewport":true,"phase":2,"pixelX":0,"pixelY":-1,"pointerX":750.40234375,"pointerY":442.890625,"source":1,"timestamp":279200642}
{"angleX":0,"angleY":-8,"contentY":315,"deviceType":4,"inverted":true,"overViewport":true,"phase":2,"pixelX":0,"pixelY":-1,"pointerX":750.40234375,"pointerY":442.890625,"source":1,"timestamp":279200649}
{"angleX":0,"angleY":-12,"contentY":316,"deviceType":4,"inverted":true,"overViewport":true,"phase":2,"pixelX":0,"pixelY":-1,"pointerX":750.40234375,"pointerY":442.890625,"source":1,"timestamp":279200656}
{"angleX":0,"angleY":-14,"contentY":317,"deviceType":4,"inverted":true,"overViewport":true,"phase":2,"pixelX":0,"pixelY":-1,"pointerX":750.40234375,"pointerY":442.890625,"source":1,"timestamp":279200663}
{"angleX":0,"angleY":-14,"contentY":318,"deviceType":4,"inverted":true,"overViewport":true,"phase":2,"pixelX":0,"pixelY":-1,"pointerX":750.40234375,"pointerY":442.890625,"source":1,"timestamp":279200671}
{"angleX":0,"angleY":-18,"contentY":319,"deviceType":4,"inverted":true,"overViewport":true,"phase":2,"pixelX":0,"pixelY":-2,"pointerX":750.40234375,"pointerY":442.890625,"source":1,"timestamp":279200678}
{"angleX":0,"angleY":-14,"contentY":321,"deviceType":4,"inverted":true,"overViewport":true,"phase":2,"pixelX":0,"pixelY":-1,"pointerX":750.40234375,"pointerY":442.890625,"source":1,"timestamp":279200685}
{"angleX":0,"angleY":-14,"contentY":322,"deviceType":4,"inverted":true,"overViewport":true,"phase":2,"pixelX":0,"pixelY":-1,"pointerX":750.40234375,"pointerY":442.890625,"source":1,"timestamp":279200692}
{"angleX":0,"angleY":-18,"contentY":323,"deviceType":4,"inverted":true,"overViewport":true,"phase":2,"pixelX":0,"pixelY":-2,"pointerX":750.40234375,"pointerY":442.890625,"source":1,"timestamp":279200699}
{"angleX":0,"angleY":-14,"contentY":325,"deviceType":4,"inverted":true,"overViewport":true,"phase":2,"pixelX":0,"pixelY":-1,"pointerX":750.40234375,"pointerY":442.890625,"source":1,"timestamp":279200707}
{"angleX":0,"angleY":-20,"contentY":326,"deviceType":4,"inverted":true,"overViewport":true,"phase":2,"pixelX":0,"pixelY":-1,"pointerX":750.40234375,"pointerY":442.890625,"source":1,"timestamp":279200714}
{"angleX":0,"angleY":-12,"contentY":327,"deviceType":4,"inverted":true,"overViewport":true,"phase":2,"pixelX":0,"pixelY":-1,"pointerX":750.40234375,"pointerY":442.890625,"source":1,"timestamp":279200721}
{"angleX":0,"angleY":-12,"contentY":328,"deviceType":4,"inverted":true,"overViewport":true,"phase":2,"pixelX":0,"pixelY":-1,"pointerX":750.40234375,"pointerY":442.890625,"source":1,"timestamp":279200728}
{"angleX":0,"angleY":-8,"contentY":329,"deviceType":4,"inverted":true,"overViewport":true,"phase":2,"pixelX":0,"pixelY":-1,"pointerX":750.40234375,"pointerY":442.890625,"source":1,"timestamp":279200735}
{"angleX":0,"angleY":-10,"contentY":330,"deviceType":4,"inverted":true,"overViewport":true,"phase":2,"pixelX":0,"pixelY":-1,"pointerX":750.40234375,"pointerY":442.890625,"source":1,"timestamp":279200743}
{"angleX":0,"angleY":-4,"contentY":331,"deviceType":4,"inverted":true,"overViewport":true,"phase":2,"pixelX":0,"pixelY":0,"pointerX":750.40234375,"pointerY":442.890625,"source":1,"timestamp":279200750}
{"angleX":0,"angleY":-4,"contentY":331.3109893267374,"deviceType":4,"inverted":true,"overViewport":true,"phase":2,"pixelX":0,"pixelY":-1,"pointerX":750.40234375,"pointerY":442.890625,"source":1,"timestamp":279200757}
{"angleX":0,"angleY":-4,"contentY":332,"deviceType":4,"inverted":true,"overViewport":true,"phase":2,"pixelX":0,"pixelY":0,"pointerX":750.40234375,"pointerY":442.890625,"source":1,"timestamp":279200764}
{"angleX":0,"angleY":-2,"contentY":332.8174070975796,"deviceType":4,"inverted":true,"overViewport":true,"phase":2,"pixelX":0,"pixelY":0,"pointerX":750.40234375,"pointerY":442.890625,"source":1,"timestamp":279200778}
{"angleX":0,"angleY":0,"contentY":333.93433825930276,"deviceType":4,"inverted":true,"overViewport":true,"phase":3,"pixelX":0,"pixelY":0,"pointerX":750.40234375,"pointerY":442.890625,"source":0,"timestamp":279200900}
{"angleX":0,"angleY":0,"contentY":334,"deviceType":4,"inverted":true,"overViewport":true,"phase":3,"pixelX":0,"pixelY":0,"pointerX":750.40234375,"pointerY":442.890625,"source":0,"timestamp":279200900}
{"coastSample":1,"contentY":334,"endTimestamp":279200900,"flicking":false,"velocity":0}
{"coastSample":2,"contentY":334,"endTimestamp":279200900,"flicking":false,"velocity":0}
{"coastSample":3,"contentY":334,"endTimestamp":279200900,"flicking":false,"velocity":0}
{"coastSample":4,"contentY":334,"endTimestamp":279200900,"flicking":false,"velocity":0}
{"coastSample":5,"contentY":334,"endTimestamp":279200900,"flicking":false,"velocity":0}
{"coastSample":6,"contentY":334,"endTimestamp":279200900,"flicking":false,"velocity":0}
{"coastSample":7,"contentY":334,"endTimestamp":279200900,"flicking":false,"velocity":0}
{"coastSample":8,"contentY":334,"endTimestamp":279200900,"flicking":false,"velocity":0}
{"coastSample":9,"contentY":334,"endTimestamp":279200900,"flicking":false,"velocity":0}
{"coastSample":10,"contentY":334,"endTimestamp":279200900,"flicking":false,"velocity":0}
{"coastSample":11,"contentY":334,"endTimestamp":279200900,"flicking":false,"velocity":0}
{"coastSample":12,"contentY":334,"endTimestamp":279200900,"flicking":false,"velocity":0}
{"coastSample":13,"contentY":334,"endTimestamp":279200900,"flicking":false,"velocity":0}
{"coastSample":14,"contentY":334,"endTimestamp":279200900,"flicking":false,"velocity":0}
{"coastSample":15,"contentY":334,"endTimestamp":279200900,"flicking":false,"velocity":0}
{"angleX":0,"angleY":0,"contentY":334,"deviceType":4,"inverted":false,"overViewport":true,"phase":1,"pixelX":0,"pixelY":0,"pointerX":750.40234375,"pointerY":442.890625,"source":0,"timestamp":279201232}
{"angleX":0,"angleY":0,"contentY":334,"deviceType":4,"inverted":false,"overViewport":true,"phase":1,"pixelX":0,"pixelY":0,"pointerX":750.40234375,"pointerY":442.890625,"source":0,"timestamp":279201232}
{"angleX":0,"angleY":-43,"contentY":334,"deviceType":4,"inverted":true,"overViewport":true,"phase":2,"pixelX":0,"pixelY":-4,"pointerX":750.40234375,"pointerY":442.890625,"source":1,"timestamp":279201232}
{"angleX":0,"angleY":-47,"contentY":334,"deviceType":4,"inverted":true,"overViewport":true,"phase":2,"pixelX":0,"pixelY":-3,"pointerX":750.40234375,"pointerY":442.890625,"source":1,"timestamp":279201239}
{"angleX":0,"angleY":-49,"contentY":334,"deviceType":4,"inverted":true,"overViewport":true,"phase":2,"pixelX":0,"pixelY":-5,"pointerX":750.40234375,"pointerY":442.890625,"source":1,"timestamp":279201246}
{"angleX":0,"angleY":-53,"contentY":334,"deviceType":4,"inverted":true,"overViewport":true,"phase":2,"pixelX":0,"pixelY":-4,"pointerX":750.40234375,"pointerY":442.890625,"source":1,"timestamp":279201254}
{"angleX":0,"angleY":-55,"contentY":338,"deviceType":4,"inverted":true,"overViewport":true,"phase":2,"pixelX":0,"pixelY":-5,"pointerX":750.40234375,"pointerY":442.890625,"source":1,"timestamp":279201261}
{"angleX":0,"angleY":-59,"contentY":343,"deviceType":4,"inverted":true,"overViewport":true,"phase":2,"pixelX":0,"pixelY":-4,"pointerX":750.40234375,"pointerY":442.890625,"source":1,"timestamp":279201268}
{"angleX":0,"angleY":-59,"contentY":347,"deviceType":4,"inverted":true,"overViewport":true,"phase":2,"pixelX":0,"pixelY":-5,"pointerX":750.40234375,"pointerY":442.890625,"source":1,"timestamp":279201275}
{"angleX":0,"angleY":-55,"contentY":352,"deviceType":4,"inverted":true,"overViewport":true,"phase":2,"pixelX":0,"pixelY":-5,"pointerX":750.40234375,"pointerY":442.890625,"source":1,"timestamp":279201282}
{"angleX":0,"angleY":-55,"contentY":357,"deviceType":4,"inverted":true,"overViewport":true,"phase":2,"pixelX":0,"pixelY":-5,"pointerX":750.40234375,"pointerY":442.890625,"source":1,"timestamp":279201290}
{"angleX":0,"angleY":-55,"contentY":362,"deviceType":4,"inverted":true,"overViewport":true,"phase":2,"pixelX":0,"pixelY":-4,"pointerX":750.40234375,"pointerY":442.890625,"source":1,"timestamp":279201297}
{"angleX":0,"angleY":-59,"contentY":366,"deviceType":4,"inverted":true,"overViewport":true,"phase":2,"pixelX":0,"pixelY":-5,"pointerX":750.40234375,"pointerY":442.890625,"source":1,"timestamp":279201304}
{"angleX":0,"angleY":-67,"contentY":371,"deviceType":4,"inverted":true,"overViewport":true,"phase":2,"pixelX":0,"pixelY":-6,"pointerX":750.40234375,"pointerY":442.890625,"source":1,"timestamp":279201311}
{"angleX":0,"angleY":-71,"contentY":377,"deviceType":4,"inverted":true,"overViewport":true,"phase":2,"pixelX":0,"pixelY":-6,"pointerX":750.40234375,"pointerY":442.890625,"source":1,"timestamp":279201318}
{"angleX":0,"angleY":-73,"contentY":383,"deviceType":4,"inverted":true,"overViewport":true,"phase":2,"pixelX":0,"pixelY":-6,"pointerX":750.40234375,"pointerY":442.890625,"source":1,"timestamp":279201326}
{"angleX":0,"angleY":-75,"contentY":389,"deviceType":4,"inverted":true,"overViewport":true,"phase":2,"pixelX":0,"pixelY":-6,"pointerX":750.40234375,"pointerY":442.890625,"source":1,"timestamp":279201333}
{"angleX":0,"angleY":-75,"contentY":395,"deviceType":4,"inverted":true,"overViewport":true,"phase":2,"pixelX":0,"pixelY":-6,"pointerX":750.40234375,"pointerY":442.890625,"source":1,"timestamp":279201340}
{"angleX":0,"angleY":-69,"contentY":401,"deviceType":4,"inverted":true,"overViewport":true,"phase":2,"pixelX":0,"pixelY":-6,"pointerX":750.40234375,"pointerY":442.890625,"source":1,"timestamp":279201347}
{"angleX":0,"angleY":-57,"contentY":407,"deviceType":4,"inverted":true,"overViewport":true,"phase":2,"pixelX":0,"pixelY":-5,"pointerX":750.40234375,"pointerY":442.890625,"source":1,"timestamp":279201354}
{"angleX":0,"angleY":-53,"contentY":412,"deviceType":4,"inverted":true,"overViewport":true,"phase":2,"pixelX":0,"pixelY":-4,"pointerX":750.40234375,"pointerY":442.890625,"source":1,"timestamp":279201361}
{"angleX":0,"angleY":-45,"contentY":416,"deviceType":4,"inverted":true,"overViewport":true,"phase":2,"pixelX":0,"pixelY":-4,"pointerX":750.40234375,"pointerY":442.890625,"source":1,"timestamp":279201369}
{"angleX":0,"angleY":-41,"contentY":420,"deviceType":4,"inverted":true,"overViewport":true,"phase":2,"pixelX":0,"pixelY":-3,"pointerX":750.40234375,"pointerY":442.890625,"source":1,"timestamp":279201376}
{"angleX":0,"angleY":-35,"contentY":423,"deviceType":4,"inverted":true,"overViewport":true,"phase":2,"pixelX":0,"pixelY":-3,"pointerX":750.40234375,"pointerY":442.890625,"source":1,"timestamp":279201383}
{"angleX":0,"angleY":-33,"contentY":426,"deviceType":4,"inverted":true,"overViewport":true,"phase":2,"pixelX":0,"pixelY":-3,"pointerX":750.40234375,"pointerY":442.890625,"source":1,"timestamp":279201390}
{"angleX":0,"angleY":-37,"contentY":429,"deviceType":4,"inverted":true,"overViewport":true,"phase":2,"pixelX":0,"pixelY":-3,"pointerX":750.40234375,"pointerY":442.890625,"source":1,"timestamp":279201397}
{"angleX":0,"angleY":0,"contentY":432,"deviceType":4,"inverted":true,"overViewport":true,"phase":3,"pixelX":0,"pixelY":0,"pointerX":750.40234375,"pointerY":442.890625,"source":0,"timestamp":279201404}
{"angleX":0,"angleY":0,"contentY":432,"deviceType":4,"inverted":true,"overViewport":true,"phase":3,"pixelX":0,"pixelY":0,"pointerX":750.40234375,"pointerY":442.890625,"source":0,"timestamp":279201404}
{"coastSample":1,"contentY":444.1796587487454,"endTimestamp":279201404,"flicking":true,"velocity":387.9223820675766}
{"coastSample":2,"contentY":450.8370692539311,"endTimestamp":279201404,"flicking":true,"velocity":360.8230177316803}
{"coastSample":3,"contentY":458.9548343927735,"endTimestamp":279201404,"flicking":true,"velocity":324.6905319504852}
{"coastSample":4,"contentY":464.47407159585146,"endTimestamp":279201404,"flicking":true,"velocity":297.59116761458887}
{"coastSample":5,"contentY":469.77074272331885,"endTimestamp":279201404,"flicking":true,"velocity":268.9862830378047}
{"coastSample":6,"contentY":474.2873034459686,"endTimestamp":279201404,"flicking":true,"velocity":241.88691870190837}
{"coastSample":7,"contentY":477.02735028437604,"endTimestamp":279201404,"flicking":true,"velocity":223.82067581131082}
{"coastSample":8,"contentY":481.85705921712946,"endTimestamp":279201404,"flicking":true,"velocity":187.68819003010626}
{"coastSample":9,"contentY":484.9102542656407,"endTimestamp":279201404,"flicking":true,"velocity":160.58882569420993}
{"coastSample":10,"contentY":488.34158581465374,"endTimestamp":279201404,"flicking":true,"velocity":123.70357979256953}
{"coastSample":11,"contentY":490.2295081967213,"endTimestamp":279201404,"flicking":true,"velocity":95.85145533623063}
{"coastSample":12,"contentY":491.98795583807293,"endTimestamp":279201404,"flicking":true,"velocity":59.71896955503553}
{"coastSample":13,"contentY":492.7377049180328,"endTimestamp":279201404,"flicking":true,"velocity":32.6196052191392}
{"coastSample":14,"contentY":492.99966543994645,"endTimestamp":279201404,"flicking":true,"velocity":5.520240883233403}
{"coastSample":15,"contentY":493,"endTimestamp":279201404,"flicking":false,"velocity":0}
{"angleX":0,"angleY":0,"contentY":493,"deviceType":4,"inverted":false,"overViewport":true,"phase":1,"pixelX":0,"pixelY":0,"pointerX":750.40234375,"pointerY":442.890625,"source":0,"timestamp":279202046}
{"angleX":0,"angleY":0,"contentY":493,"deviceType":4,"inverted":false,"overViewport":true,"phase":1,"pixelX":0,"pixelY":0,"pointerX":750.40234375,"pointerY":442.890625,"source":0,"timestamp":279202046}
{"angleX":0,"angleY":-79,"contentY":493,"deviceType":4,"inverted":true,"overViewport":true,"phase":2,"pixelX":0,"pixelY":-7,"pointerX":750.40234375,"pointerY":442.890625,"source":1,"timestamp":279202046}
{"angleX":0,"angleY":-88,"contentY":493,"deviceType":4,"inverted":true,"overViewport":true,"phase":2,"pixelX":0,"pixelY":-7,"pointerX":750.40234375,"pointerY":442.890625,"source":1,"timestamp":279202053}
{"angleX":0,"angleY":-94,"contentY":493,"deviceType":4,"inverted":true,"overViewport":true,"phase":2,"pixelX":0,"pixelY":-8,"pointerX":750.40234375,"pointerY":442.890625,"source":1,"timestamp":279202061}
{"angleX":0,"angleY":-100,"contentY":493,"deviceType":4,"inverted":true,"overViewport":true,"phase":2,"pixelX":0,"pixelY":-8,"pointerX":750.40234375,"pointerY":442.890625,"source":1,"timestamp":279202068}
{"angleX":0,"angleY":-106,"contentY":501,"deviceType":4,"inverted":true,"overViewport":true,"phase":2,"pixelX":0,"pixelY":-9,"pointerX":750.40234375,"pointerY":442.890625,"source":1,"timestamp":279202075}
{"angleX":0,"angleY":-116,"contentY":510,"deviceType":4,"inverted":true,"overViewport":true,"phase":2,"pixelX":0,"pixelY":-10,"pointerX":750.40234375,"pointerY":442.890625,"source":1,"timestamp":279202082}
{"angleX":0,"angleY":-126,"contentY":520,"deviceType":4,"inverted":true,"overViewport":true,"phase":2,"pixelX":0,"pixelY":-10,"pointerX":750.40234375,"pointerY":442.890625,"source":1,"timestamp":279202089}
{"angleX":0,"angleY":-132,"contentY":530,"deviceType":4,"inverted":true,"overViewport":true,"phase":2,"pixelX":0,"pixelY":-11,"pointerX":750.40234375,"pointerY":442.890625,"source":1,"timestamp":279202096}
{"angleX":0,"angleY":-141,"contentY":541,"deviceType":4,"inverted":true,"overViewport":true,"phase":2,"pixelX":0,"pixelY":-12,"pointerX":750.40234375,"pointerY":442.890625,"source":1,"timestamp":279202104}
{"angleX":0,"angleY":-136,"contentY":553,"deviceType":4,"inverted":true,"overViewport":true,"phase":2,"pixelX":0,"pixelY":-11,"pointerX":750.40234375,"pointerY":442.890625,"source":1,"timestamp":279202111}
{"angleX":0,"angleY":-128,"contentY":564,"deviceType":4,"inverted":true,"overViewport":true,"phase":2,"pixelX":0,"pixelY":-11,"pointerX":750.40234375,"pointerY":442.890625,"source":1,"timestamp":279202118}
{"angleX":0,"angleY":-122,"contentY":575,"deviceType":4,"inverted":true,"overViewport":true,"phase":2,"pixelX":0,"pixelY":-10,"pointerX":750.40234375,"pointerY":442.890625,"source":1,"timestamp":279202125}
{"angleX":0,"angleY":-108,"contentY":585,"deviceType":4,"inverted":true,"overViewport":true,"phase":2,"pixelX":0,"pixelY":-9,"pointerX":750.40234375,"pointerY":442.890625,"source":1,"timestamp":279202132}
{"angleX":0,"angleY":-98,"contentY":594,"deviceType":4,"inverted":true,"overViewport":true,"phase":2,"pixelX":0,"pixelY":-8,"pointerX":750.40234375,"pointerY":442.890625,"source":1,"timestamp":279202140}
{"angleX":0,"angleY":0,"contentY":602,"deviceType":4,"inverted":true,"overViewport":true,"phase":3,"pixelX":0,"pixelY":0,"pointerX":750.40234375,"pointerY":442.890625,"source":0,"timestamp":279202153}
{"angleX":0,"angleY":0,"contentY":602,"deviceType":4,"inverted":true,"overViewport":true,"phase":3,"pixelX":0,"pixelY":0,"pointerX":750.40234375,"pointerY":442.890625,"source":0,"timestamp":279202153}
{"coastSample":1,"contentY":639.8069270932672,"endTimestamp":279202153,"flicking":true,"velocity":1211.2727684531706}
{"coastSample":2,"contentY":667.4087294964716,"endTimestamp":279202153,"flicking":true,"velocity":1113.3564991417302}
{"coastSample":3,"contentY":686.5679000572192,"endTimestamp":279202153,"flicking":true,"velocity":1039.9192971581215}
{"coastSample":4,"contentY":704.405200982262,"endTimestamp":279202153,"flicking":true,"velocity":966.4820951745128}
{"coastSample":5,"contentY":721.7993977088499,"endTimestamp":279202153,"flicking":true,"velocity":888.9650486362749}
{"coastSample":6,"contentY":741.6658148364486,"endTimestamp":279202153,"flicking":true,"velocity":791.0487793248157}
{"coastSample":7,"contentY":750.7177769764448,"endTimestamp":279202153,"flicking":true,"velocity":742.0906446690955}
{"coastSample":8,"contentY":763.1941621566851,"endTimestamp":279202153,"flicking":true,"velocity":668.6534426854868}
{"coastSample":9,"contentY":777.7731007414648,"endTimestamp":279202153,"flicking":true,"velocity":570.7371733740084}
{"coastSample":10,"contentY":790.4605903108907,"endTimestamp":279202153,"flicking":true,"velocity":468.74105950792}
{"coastSample":11,"contentY":798.0166829582299,"endTimestamp":279202153,"flicking":true,"velocity":395.30385752429237}
{"coastSample":12,"contentY":806.0352314991417,"endTimestamp":279202153,"flicking":true,"velocity":297.387588212852}
{"coastSample":13,"contentY":810.5069616631699,"endTimestamp":279202153,"flicking":true,"velocity":223.95038622926222}
{"coastSample":14,"contentY":812.7537430860194,"endTimestamp":279202153,"flicking":true,"velocity":174.99225157352308}
{"coastSample":15,"contentY":815.1096327841884,"endTimestamp":279202153,"flicking":true,"velocity":99.51512731260793}
{"angleX":0,"angleY":0,"contentY":816,"deviceType":4,"inverted":false,"overViewport":true,"phase":1,"pixelX":0,"pixelY":0,"pointerX":750.40234375,"pointerY":442.890625,"source":0,"timestamp":279202932}
{"angleX":0,"angleY":0,"contentY":816,"deviceType":4,"inverted":false,"overViewport":true,"phase":1,"pixelX":0,"pixelY":0,"pointerX":750.40234375,"pointerY":442.890625,"source":0,"timestamp":279202932}
{"angleX":0,"angleY":234,"contentY":816,"deviceType":4,"inverted":true,"overViewport":true,"phase":2,"pixelX":0,"pixelY":20,"pointerX":750.40234375,"pointerY":442.890625,"source":1,"timestamp":279202932}
{"angleX":0,"angleY":224,"contentY":816,"deviceType":4,"inverted":true,"overViewport":true,"phase":2,"pixelX":0,"pixelY":18,"pointerX":750.40234375,"pointerY":442.890625,"source":1,"timestamp":279202939}
{"angleX":0,"angleY":232,"contentY":816,"deviceType":4,"inverted":true,"overViewport":true,"phase":2,"pixelX":0,"pixelY":20,"pointerX":750.40234375,"pointerY":442.890625,"source":1,"timestamp":279202947}
{"angleX":0,"angleY":230,"contentY":816,"deviceType":4,"inverted":true,"overViewport":true,"phase":2,"pixelX":0,"pixelY":19,"pointerX":750.40234375,"pointerY":442.890625,"source":1,"timestamp":279202954}
{"angleX":0,"angleY":216,"contentY":797,"deviceType":4,"inverted":true,"overViewport":true,"phase":2,"pixelX":0,"pixelY":18,"pointerX":750.40234375,"pointerY":442.890625,"source":1,"timestamp":279202961}
{"angleX":0,"angleY":0,"contentY":779,"deviceType":4,"inverted":true,"overViewport":true,"phase":3,"pixelX":0,"pixelY":0,"pointerX":750.40234375,"pointerY":442.890625,"source":0,"timestamp":279202989}
{"angleX":0,"angleY":0,"contentY":779,"deviceType":4,"inverted":true,"overViewport":true,"phase":3,"pixelX":0,"pixelY":0,"pointerX":750.40234375,"pointerY":442.890625,"source":0,"timestamp":279202989}
{"coastSample":1,"contentY":733.0899770932122,"endTimestamp":279202989,"flicking":true,"velocity":-2524.7375707343167}
{"coastSample":2,"contentY":674.0454308408215,"endTimestamp":279202989,"flicking":true,"velocity":-2421.460541052113}
{"coastSample":3,"contentY":631.3886343690236,"endTimestamp":279202989,"flicking":true,"velocity":-2344.0027687904417}
{"coastSample":4,"contentY":590.1260777979355,"endTimestamp":279202989,"flicking":true,"velocity":-2266.5449965287885}
{"coastSample":5,"contentY":550.2577611275575,"endTimestamp":279202989,"flicking":true,"velocity":-2189.087224267117}
{"coastSample":6,"contentY":497.19807422929057,"endTimestamp":279202989,"flicking":true,"velocity":-2081.5069850147834}
{"coastSample":7,"contentY":448.7910620341686,"endTimestamp":279202989,"flicking":true,"velocity":-1978.2299553325704}
{"coastSample":8,"contentY":425.51704920374755,"endTimestamp":279202989,"flicking":true,"velocity":-1926.5914404914781}
{"coastSample":9,"contentY":391.76789654204106,"endTimestamp":279202989,"flicking":true,"velocity":-1849.133668229797}
{"coastSample":10,"contentY":359.41298378104443,"endTimestamp":279202989,"flicking":true,"velocity":-1771.675895968144}
{"coastSample":11,"contentY":316.7885800902517,"endTimestamp":279202989,"flicking":true,"velocity":-1664.0956567158391}
{"coastSample":12,"contentY":287.7643515365067,"endTimestamp":279202989,"flicking":true,"velocity":-1586.637884454158}
{"coastSample":13,"contentY":251.2341977548399,"endTimestamp":279202989,"flicking":true,"velocity":-1483.360854771945}
{"coastSample":14,"contentY":225.46319563608483,"endTimestamp":279202989,"flicking":true,"velocity":-1405.903082510292}
{"coastSample":15,"contentY":191.9831122817386,"endTimestamp":279202989,"flicking":true,"velocity":-1300.4744480430188}
{"angleX":0,"angleY":0,"contentY":0,"deviceType":4,"inverted":false,"overViewport":true,"phase":1,"pixelX":0,"pixelY":0,"pointerX":750.40234375,"pointerY":442.890625,"source":0,"timestamp":279203847}
{"angleX":0,"angleY":0,"contentY":0,"deviceType":4,"inverted":false,"overViewport":true,"phase":1,"pixelX":0,"pixelY":0,"pointerX":750.40234375,"pointerY":442.890625,"source":0,"timestamp":279203847}
{"angleX":0,"angleY":202,"contentY":0,"deviceType":4,"inverted":true,"overViewport":true,"phase":2,"pixelX":0,"pixelY":17,"pointerX":750.40234375,"pointerY":442.890625,"source":1,"timestamp":279203847}
{"angleX":0,"angleY":240,"contentY":0,"deviceType":4,"inverted":true,"overViewport":true,"phase":2,"pixelX":0,"pixelY":20,"pointerX":750.40234375,"pointerY":442.890625,"source":1,"timestamp":279203855}
{"angleX":0,"angleY":281,"contentY":0,"deviceType":4,"inverted":true,"overViewport":true,"phase":2,"pixelX":0,"pixelY":23,"pointerX":750.40234375,"pointerY":442.890625,"source":1,"timestamp":279203862}
{"angleX":0,"angleY":299,"contentY":0,"deviceType":4,"inverted":true,"overViewport":true,"phase":2,"pixelX":0,"pixelY":25,"pointerX":750.40234375,"pointerY":442.890625,"source":1,"timestamp":279203869}
{"angleX":0,"angleY":308,"contentY":0,"deviceType":4,"inverted":true,"overViewport":true,"phase":2,"pixelX":0,"pixelY":26,"pointerX":750.40234375,"pointerY":442.890625,"source":1,"timestamp":279203876}
{"angleX":0,"angleY":322,"contentY":0,"deviceType":4,"inverted":true,"overViewport":true,"phase":2,"pixelX":0,"pixelY":27,"pointerX":750.40234375,"pointerY":442.890625,"source":1,"timestamp":279203883}
{"angleX":0,"angleY":318,"contentY":0,"deviceType":4,"inverted":true,"overViewport":true,"phase":2,"pixelX":0,"pixelY":26,"pointerX":750.40234375,"pointerY":442.890625,"source":1,"timestamp":279203891}
{"angleX":0,"angleY":310,"contentY":0,"deviceType":4,"inverted":true,"overViewport":true,"phase":2,"pixelX":0,"pixelY":26,"pointerX":750.40234375,"pointerY":442.890625,"source":1,"timestamp":279203898}
{"angleX":0,"angleY":291,"contentY":0,"deviceType":4,"inverted":true,"overViewport":true,"phase":2,"pixelX":0,"pixelY":24,"pointerX":750.40234375,"pointerY":442.890625,"source":1,"timestamp":279203905}
{"angleX":0,"angleY":285,"contentY":0,"deviceType":4,"inverted":true,"overViewport":true,"phase":2,"pixelX":0,"pixelY":24,"pointerX":750.40234375,"pointerY":442.890625,"source":1,"timestamp":279203912}
{"angleX":0,"angleY":255,"contentY":0,"deviceType":4,"inverted":true,"overViewport":true,"phase":2,"pixelX":0,"pixelY":21,"pointerX":750.40234375,"pointerY":442.890625,"source":1,"timestamp":279203919}
{"angleX":0,"angleY":246,"contentY":0,"deviceType":4,"inverted":true,"overViewport":true,"phase":2,"pixelX":0,"pixelY":21,"pointerX":750.40234375,"pointerY":442.890625,"source":1,"timestamp":279203927}
{"angleX":0,"angleY":238,"contentY":0,"deviceType":4,"inverted":true,"overViewport":true,"phase":2,"pixelX":0,"pixelY":20,"pointerX":750.40234375,"pointerY":442.890625,"source":1,"timestamp":279203934}
{"angleX":0,"angleY":0,"contentY":0,"deviceType":4,"inverted":true,"overViewport":true,"phase":3,"pixelX":0,"pixelY":0,"pointerX":750.40234375,"pointerY":442.890625,"source":0,"timestamp":279203969}
{"angleX":0,"angleY":0,"contentY":0,"deviceType":4,"inverted":true,"overViewport":true,"phase":3,"pixelX":0,"pixelY":0,"pointerX":750.40234375,"pointerY":442.890625,"source":0,"timestamp":279203969}
{"coastSample":1,"contentY":0,"endTimestamp":279203969,"flicking":false,"velocity":0}
{"coastSample":2,"contentY":0,"endTimestamp":279203969,"flicking":false,"velocity":0}
{"coastSample":3,"contentY":0,"endTimestamp":279203969,"flicking":false,"velocity":0}
{"coastSample":4,"contentY":0,"endTimestamp":279203969,"flicking":false,"velocity":0}
{"coastSample":5,"contentY":0,"endTimestamp":279203969,"flicking":false,"velocity":0}
{"coastSample":6,"contentY":0,"endTimestamp":279203969,"flicking":false,"velocity":0}
{"coastSample":7,"contentY":0,"endTimestamp":279203969,"flicking":false,"velocity":0}
{"coastSample":8,"contentY":0,"endTimestamp":279203969,"flicking":false,"velocity":0}
{"coastSample":9,"contentY":0,"endTimestamp":279203969,"flicking":false,"velocity":0}
{"coastSample":10,"contentY":0,"endTimestamp":279203969,"flicking":false,"velocity":0}
{"coastSample":11,"contentY":0,"endTimestamp":279203969,"flicking":false,"velocity":0}
{"coastSample":12,"contentY":0,"endTimestamp":279203969,"flicking":false,"velocity":0}
{"coastSample":13,"contentY":0,"endTimestamp":279203969,"flicking":false,"velocity":0}
{"coastSample":14,"contentY":0,"endTimestamp":279203969,"flicking":false,"velocity":0}
{"angleX":0,"angleY":0,"contentY":0,"deviceType":4,"inverted":false,"overViewport":true,"phase":1,"pixelX":0,"pixelY":0,"pointerX":750.40234375,"pointerY":442.890625,"source":0,"timestamp":279204265}
{"angleX":0,"angleY":0,"contentY":0,"deviceType":4,"inverted":false,"overViewport":true,"phase":1,"pixelX":0,"pixelY":0,"pointerX":750.40234375,"pointerY":442.890625,"source":0,"timestamp":279204265}
{"angleX":0,"angleY":-179,"contentY":0,"deviceType":4,"inverted":true,"overViewport":true,"phase":2,"pixelX":0,"pixelY":-15,"pointerX":750.40234375,"pointerY":442.890625,"source":1,"timestamp":279204265}
{"angleX":0,"angleY":-198,"contentY":0,"deviceType":4,"inverted":true,"overViewport":true,"phase":2,"pixelX":0,"pixelY":-16,"pointerX":750.40234375,"pointerY":442.890625,"source":1,"timestamp":279204272}
{"angleX":0,"angleY":-206,"contentY":0,"deviceType":4,"inverted":true,"overViewport":true,"phase":2,"pixelX":0,"pixelY":-18,"pointerX":750.40234375,"pointerY":442.890625,"source":1,"timestamp":279204280}
{"angleX":0,"angleY":-228,"contentY":0,"deviceType":4,"inverted":true,"overViewport":true,"phase":2,"pixelX":0,"pixelY":-19,"pointerX":750.40234375,"pointerY":442.890625,"source":1,"timestamp":279204287}
{"angleX":0,"angleY":-240,"contentY":19,"deviceType":4,"inverted":true,"overViewport":true,"phase":2,"pixelX":0,"pixelY":-20,"pointerX":750.40234375,"pointerY":442.890625,"source":1,"timestamp":279204294}
{"angleX":0,"angleY":-255,"contentY":39,"deviceType":4,"inverted":true,"overViewport":true,"phase":2,"pixelX":0,"pixelY":-21,"pointerX":750.40234375,"pointerY":442.890625,"source":1,"timestamp":279204301}
{"angleX":0,"angleY":-283,"contentY":60,"deviceType":4,"inverted":true,"overViewport":true,"phase":2,"pixelX":0,"pixelY":-23,"pointerX":750.40234375,"pointerY":442.890625,"source":1,"timestamp":279204308}
{"angleX":0,"angleY":-312,"contentY":83,"deviceType":4,"inverted":true,"overViewport":true,"phase":2,"pixelX":0,"pixelY":-26,"pointerX":750.40234375,"pointerY":442.890625,"source":1,"timestamp":279204316}
{"angleX":0,"angleY":-346,"contentY":109,"deviceType":4,"inverted":true,"overViewport":true,"phase":2,"pixelX":0,"pixelY":-29,"pointerX":750.40234375,"pointerY":442.890625,"source":1,"timestamp":279204323}
{"angleX":0,"angleY":-373,"contentY":138,"deviceType":4,"inverted":true,"overViewport":true,"phase":2,"pixelX":0,"pixelY":-31,"pointerX":750.40234375,"pointerY":442.890625,"source":1,"timestamp":279204330}
{"angleX":0,"angleY":-393,"contentY":169,"deviceType":4,"inverted":true,"overViewport":true,"phase":2,"pixelX":0,"pixelY":-33,"pointerX":750.40234375,"pointerY":442.890625,"source":1,"timestamp":279204337}
{"angleX":0,"angleY":0,"contentY":202,"deviceType":4,"inverted":true,"overViewport":true,"phase":3,"pixelX":0,"pixelY":0,"pointerX":750.40234375,"pointerY":442.890625,"source":0,"timestamp":279204343}
{"angleX":0,"angleY":0,"contentY":202,"deviceType":4,"inverted":true,"overViewport":true,"phase":3,"pixelX":0,"pixelY":0,"pointerX":750.40234375,"pointerY":442.890625,"source":0,"timestamp":279204343}
{"coastSample":1,"contentY":319.7554675295403,"endTimestamp":279204343,"flicking":true,"velocity":3758.185194629552}
{"coastSample":2,"contentY":384.3968540184804,"endTimestamp":279204343,"flicking":true,"velocity":3507.6896100968897}
{"coastSample":3,"contentY":463.5714929701522,"endTimestamp":279204343,"flicking":true,"velocity":3173.695497386651}
{"coastSample":4,"contentY":517.69206490872,"endTimestamp":279204343,"flicking":true,"velocity":2923.1999128539787}
{"coastSample":5,"contentY":585.3794494519357,"endTimestamp":279204343,"flicking":true,"velocity":2575.2893787808184}
{"coastSample":6,"contentY":614.7799484901095,"endTimestamp":279204343,"flicking":true,"velocity":2408.292322425685}
{"coastSample":7,"contentY":655.1232632793804,"endTimestamp":279204343,"flicking":true,"velocity":2157.796737893041}
{"coastSample":8,"contentY":701.9004732981599,"endTimestamp":279204343,"flicking":true,"velocity":1823.8026251828123}
{"coastSample":9,"contentY":740.6618246118938,"endTimestamp":279204343,"flicking":true,"velocity":1489.8085124725828}
{"coastSample":10,"contentY":765.6630362751778,"endTimestamp":279204343,"flicking":true,"velocity":1225.39650657698}
{"coastSample":11,"contentY":784.7142263791714,"endTimestamp":279204343,"flicking":true,"velocity":974.9009220442986}
{"coastSample":12,"contentY":799.2564959615768,"endTimestamp":279204343,"flicking":true,"velocity":724.4053375116172}
{"coastSample":13,"contentY":809.289845022394,"endTimestamp":279204343,"flicking":true,"velocity":473.9097529789357}
{"coastSample":14,"contentY":815.6537674032359,"endTimestamp":279204343,"flicking":true,"velocity":139.91564026876327}
{"coastSample":15,"contentY":816,"endTimestamp":279204343,"flicking":false,"velocity":0}
{"angleX":0,"angleY":0,"contentY":816,"deviceType":4,"inverted":false,"overViewport":true,"phase":1,"pixelX":0,"pixelY":0,"pointerX":750.40234375,"pointerY":442.890625,"source":0,"timestamp":279204979}
{"angleX":0,"angleY":0,"contentY":816,"deviceType":4,"inverted":false,"overViewport":true,"phase":1,"pixelX":0,"pixelY":0,"pointerX":750.40234375,"pointerY":442.890625,"source":0,"timestamp":279204979}
{"angleX":0,"angleY":330,"contentY":816,"deviceType":4,"inverted":true,"overViewport":true,"phase":2,"pixelX":0,"pixelY":27,"pointerX":750.40234375,"pointerY":442.890625,"source":1,"timestamp":279204979}
{"angleX":0,"angleY":356,"contentY":816,"deviceType":4,"inverted":true,"overViewport":true,"phase":2,"pixelX":0,"pixelY":30,"pointerX":750.40234375,"pointerY":442.890625,"source":1,"timestamp":279204986}
{"angleX":0,"angleY":369,"contentY":816,"deviceType":4,"inverted":true,"overViewport":true,"phase":2,"pixelX":0,"pixelY":31,"pointerX":750.40234375,"pointerY":442.890625,"source":1,"timestamp":279204993}
{"angleX":0,"angleY":371,"contentY":816,"deviceType":4,"inverted":true,"overViewport":true,"phase":2,"pixelX":0,"pixelY":31,"pointerX":750.40234375,"pointerY":442.890625,"source":1,"timestamp":279205000}
{"angleX":0,"angleY":377,"contentY":785,"deviceType":4,"inverted":true,"overViewport":true,"phase":2,"pixelX":0,"pixelY":31,"pointerX":750.40234375,"pointerY":442.890625,"source":1,"timestamp":279205008}
{"angleX":0,"angleY":383,"contentY":754,"deviceType":4,"inverted":true,"overViewport":true,"phase":2,"pixelX":0,"pixelY":32,"pointerX":750.40234375,"pointerY":442.890625,"source":1,"timestamp":279205015}
{"angleX":0,"angleY":383,"contentY":722,"deviceType":4,"inverted":true,"overViewport":true,"phase":2,"pixelX":0,"pixelY":32,"pointerX":750.40234375,"pointerY":442.890625,"source":1,"timestamp":279205022}
{"angleX":0,"angleY":405,"contentY":690,"deviceType":4,"inverted":true,"overViewport":true,"phase":2,"pixelX":0,"pixelY":34,"pointerX":750.40234375,"pointerY":442.890625,"source":1,"timestamp":279205029}
{"angleX":0,"angleY":417,"contentY":656,"deviceType":4,"inverted":true,"overViewport":true,"phase":2,"pixelX":0,"pixelY":35,"pointerX":750.40234375,"pointerY":442.890625,"source":1,"timestamp":279205037}
{"angleX":0,"angleY":436,"contentY":621,"deviceType":4,"inverted":true,"overViewport":true,"phase":2,"pixelX":0,"pixelY":36,"pointerX":750.40234375,"pointerY":442.890625,"source":1,"timestamp":279205044}
{"angleX":0,"angleY":430,"contentY":585,"deviceType":4,"inverted":true,"overViewport":true,"phase":2,"pixelX":0,"pixelY":36,"pointerX":750.40234375,"pointerY":442.890625,"source":1,"timestamp":279205051}
{"angleX":0,"angleY":417,"contentY":549,"deviceType":4,"inverted":true,"overViewport":true,"phase":2,"pixelX":0,"pixelY":34,"pointerX":750.40234375,"pointerY":442.890625,"source":1,"timestamp":279205058}
{"angleX":0,"angleY":393,"contentY":515,"deviceType":4,"inverted":true,"overViewport":true,"phase":2,"pixelX":0,"pixelY":33,"pointerX":750.40234375,"pointerY":442.890625,"source":1,"timestamp":279205065}
{"angleX":0,"angleY":365,"contentY":482,"deviceType":4,"inverted":true,"overViewport":true,"phase":2,"pixelX":0,"pixelY":31,"pointerX":750.40234375,"pointerY":442.890625,"source":1,"timestamp":279205072}
{"angleX":0,"angleY":312,"contentY":451,"deviceType":4,"inverted":true,"overViewport":true,"phase":2,"pixelX":0,"pixelY":26,"pointerX":750.40234375,"pointerY":442.890625,"source":1,"timestamp":279205080}
{"angleX":0,"angleY":0,"contentY":425,"deviceType":4,"inverted":true,"overViewport":true,"phase":3,"pixelX":0,"pixelY":0,"pointerX":750.40234375,"pointerY":442.890625,"source":0,"timestamp":279205100}
{"angleX":0,"angleY":0,"contentY":425,"deviceType":4,"inverted":true,"overViewport":true,"phase":3,"pixelX":0,"pixelY":0,"pointerX":750.40234375,"pointerY":442.890625,"source":0,"timestamp":279205100}
{"coastSample":1,"contentY":305.47081801470586,"endTimestamp":279205100,"flicking":true,"velocity":-3721.7509191176528}
{"coastSample":2,"contentY":243.20529411764707,"endTimestamp":279205100,"flicking":true,"velocity":-3327.9181985294076}
{"coastSample":3,"contentY":171.21191176470586,"endTimestamp":279205100,"flicking":true,"velocity":-2802.8079044117694}
{"coastSample":4,"contentY":111.82117647058823,"endTimestamp":279205100,"flicking":true,"velocity":-2277.6976102941167}
{"coastSample":5,"contentY":73.74132582720591,"endTimestamp":279205100,"flicking":true,"velocity":-1861.9852941176398}
{"coastSample":6,"contentY":44.951583180147054,"endTimestamp":279205100,"flicking":true,"velocity":-1468.152573529418}
{"coastSample":7,"contentY":23.250829503676414,"endTimestamp":279205100,"flicking":true,"velocity":-1074.319852941187}
{"coastSample":8,"contentY":5.343807444852871,"endTimestamp":279205100,"flicking":true,"velocity":-549.2095588235486}
{"coastSample":9,"contentY":0,"endTimestamp":279205100,"flicking":false,"velocity":0}
{"coastSample":10,"contentY":0,"endTimestamp":279205100,"flicking":false,"velocity":0}
{"coastSample":11,"contentY":0,"endTimestamp":279205100,"flicking":false,"velocity":0}
{"coastSample":12,"contentY":0,"endTimestamp":279205100,"flicking":false,"velocity":0}
{"coastSample":13,"contentY":0,"endTimestamp":279205100,"flicking":false,"velocity":0}
{"coastSample":14,"contentY":0,"endTimestamp":279205100,"flicking":false,"velocity":0}
{"coastSample":15,"contentY":0,"endTimestamp":279205100,"flicking":false,"velocity":0}
{"angleX":0,"angleY":0,"contentY":0,"deviceType":4,"inverted":false,"overViewport":true,"phase":1,"pixelX":0,"pixelY":0,"pointerX":750.40234375,"pointerY":442.890625,"source":0,"timestamp":279205973}
{"angleX":0,"angleY":0,"contentY":0,"deviceType":4,"inverted":false,"overViewport":true,"phase":1,"pixelX":0,"pixelY":0,"pointerX":750.40234375,"pointerY":442.890625,"source":0,"timestamp":279205973}
{"angleX":0,"angleY":-134,"contentY":0,"deviceType":4,"inverted":true,"overViewport":true,"phase":2,"pixelX":0,"pixelY":-11,"pointerX":750.40234375,"pointerY":442.890625,"source":1,"timestamp":279205973}
{"angleX":0,"angleY":-145,"contentY":0,"deviceType":4,"inverted":true,"overViewport":true,"phase":2,"pixelX":0,"pixelY":-12,"pointerX":750.40234375,"pointerY":442.890625,"source":1,"timestamp":279205981}
{"angleX":0,"angleY":-159,"contentY":0,"deviceType":4,"inverted":true,"overViewport":true,"phase":2,"pixelX":0,"pixelY":-13,"pointerX":750.40234375,"pointerY":442.890625,"source":1,"timestamp":279205988}
{"angleX":0,"angleY":-181,"contentY":0,"deviceType":4,"inverted":true,"overViewport":true,"phase":2,"pixelX":0,"pixelY":-16,"pointerX":750.40234375,"pointerY":442.890625,"source":1,"timestamp":279205995}
{"angleX":0,"angleY":-206,"contentY":16,"deviceType":4,"inverted":true,"overViewport":true,"phase":2,"pixelX":0,"pixelY":-17,"pointerX":750.40234375,"pointerY":442.890625,"source":1,"timestamp":279206002}
{"angleX":0,"angleY":-230,"contentY":33,"deviceType":4,"inverted":true,"overViewport":true,"phase":2,"pixelX":0,"pixelY":-19,"pointerX":750.40234375,"pointerY":442.890625,"source":1,"timestamp":279206009}
{"angleX":0,"angleY":-248,"contentY":52,"deviceType":4,"inverted":true,"overViewport":true,"phase":2,"pixelX":0,"pixelY":-21,"pointerX":750.40234375,"pointerY":442.890625,"source":1,"timestamp":279206016}
{"angleX":0,"angleY":-267,"contentY":73,"deviceType":4,"inverted":true,"overViewport":true,"phase":2,"pixelX":0,"pixelY":-22,"pointerX":750.40234375,"pointerY":442.890625,"source":1,"timestamp":279206024}
{"angleX":0,"angleY":-289,"contentY":95,"deviceType":4,"inverted":true,"overViewport":true,"phase":2,"pixelX":0,"pixelY":-24,"pointerX":750.40234375,"pointerY":442.890625,"source":1,"timestamp":279206031}
{"angleX":0,"angleY":-291,"contentY":119,"deviceType":4,"inverted":true,"overViewport":true,"phase":2,"pixelX":0,"pixelY":-24,"pointerX":750.40234375,"pointerY":442.890625,"source":1,"timestamp":279206038}
{"angleX":0,"angleY":-293,"contentY":143,"deviceType":4,"inverted":true,"overViewport":true,"phase":2,"pixelX":0,"pixelY":-25,"pointerX":750.40234375,"pointerY":442.890625,"source":1,"timestamp":279206045}
{"angleX":0,"angleY":-305,"contentY":168,"deviceType":4,"inverted":true,"overViewport":true,"phase":2,"pixelX":0,"pixelY":-25,"pointerX":750.40234375,"pointerY":442.890625,"source":1,"timestamp":279206052}
{"angleX":0,"angleY":-297,"contentY":193,"deviceType":4,"inverted":true,"overViewport":true,"phase":2,"pixelX":0,"pixelY":-25,"pointerX":750.40234375,"pointerY":442.890625,"source":1,"timestamp":279206060}
{"angleX":0,"angleY":-320,"contentY":218,"deviceType":4,"inverted":true,"overViewport":true,"phase":2,"pixelX":0,"pixelY":-27,"pointerX":750.40234375,"pointerY":442.890625,"source":1,"timestamp":279206067}
{"angleX":0,"angleY":0,"contentY":245,"deviceType":4,"inverted":true,"overViewport":true,"phase":3,"pixelX":0,"pixelY":0,"pointerX":750.40234375,"pointerY":442.890625,"source":0,"timestamp":279206080}
{"angleX":0,"angleY":0,"contentY":245,"deviceType":4,"inverted":true,"overViewport":true,"phase":3,"pixelX":0,"pixelY":0,"pointerX":750.40234375,"pointerY":442.890625,"source":0,"timestamp":279206080}
{"coastSample":1,"contentY":346.0238599359676,"endTimestamp":279206080,"flicking":true,"velocity":3236.431596158061}
{"coastSample":2,"contentY":419.767306192535,"endTimestamp":279206080,"flicking":true,"velocity":2974.3707927429837}
{"coastSample":3,"contentY":487.22129316714097,"endTimestamp":279206080,"flicking":true,"velocity":2712.3099893279345}
{"coastSample":4,"contentY":533.6843257443082,"endTimestamp":279206080,"flicking":true,"velocity":2515.764386766648}
{"coastSample":5,"contentY":565.0407415547012,"endTimestamp":279206080,"flicking":true,"velocity":2373.814784916817}
{"coastSample":6,"contentY":618.0813843414787,"endTimestamp":279206080,"flicking":true,"velocity":2111.7539815017494}
{"coastSample":7,"contentY":664.8325678462949,"endTimestamp":279206080,"flicking":true,"velocity":1849.6931780866817}
{"coastSample":8,"contentY":685.8496123679673,"endTimestamp":279206080,"flicking":true,"velocity":1718.6627763791573}
{"coastSample":9,"contentY":723.1666069498413,"endTimestamp":279206080,"flicking":true,"velocity":1456.6019729640896}
{"coastSample":10,"contentY":740.7539113808012,"endTimestamp":279206080,"flicking":true,"velocity":1320.1119711854321}
{"coastSample":11,"contentY":762.0591068301226,"endTimestamp":279206080,"flicking":true,"velocity":1118.1067685529722}
{"coastSample":12,"contentY":784.9627572241682,"endTimestamp":279206080,"flicking":true,"velocity":856.0459651379233}
{"coastSample":13,"contentY":801.5769483362521,"endTimestamp":279206080,"flicking":true,"velocity":593.9851617228745}
{"coastSample":14,"contentY":807.5254966615587,"endTimestamp":279206080,"flicking":true,"velocity":462.95476001531216}
{"coastSample":15,"contentY":814.8681756068028,"endTimestamp":279206080,"flicking":true,"velocity":189.97475645795703}
{"angleX":0,"angleY":0,"contentY":816,"deviceType":4,"inverted":false,"overViewport":true,"phase":1,"pixelX":0,"pixelY":0,"pointerX":750.40234375,"pointerY":442.890625,"source":0,"timestamp":279207393}
{"angleX":0,"angleY":0,"contentY":816,"deviceType":4,"inverted":false,"overViewport":true,"phase":1,"pixelX":0,"pixelY":0,"pointerX":750.40234375,"pointerY":442.890625,"source":0,"timestamp":279207393}
{"angleX":0,"angleY":57,"contentY":816,"deviceType":4,"inverted":true,"overViewport":true,"phase":2,"pixelX":0,"pixelY":5,"pointerX":750.40234375,"pointerY":442.890625,"source":1,"timestamp":279207393}
{"angleX":0,"angleY":61,"contentY":816,"deviceType":4,"inverted":true,"overViewport":true,"phase":2,"pixelX":0,"pixelY":5,"pointerX":750.40234375,"pointerY":442.890625,"source":1,"timestamp":279207400}
{"angleX":0,"angleY":57,"contentY":816,"deviceType":4,"inverted":true,"overViewport":true,"phase":2,"pixelX":0,"pixelY":5,"pointerX":750.40234375,"pointerY":442.890625,"source":1,"timestamp":279207408}
{"angleX":0,"angleY":59,"contentY":816,"deviceType":4,"inverted":true,"overViewport":true,"phase":2,"pixelX":0,"pixelY":5,"pointerX":750.40234375,"pointerY":442.890625,"source":1,"timestamp":279207415}
{"angleX":0,"angleY":61,"contentY":811,"deviceType":4,"inverted":true,"overViewport":true,"phase":2,"pixelX":0,"pixelY":5,"pointerX":750.40234375,"pointerY":442.890625,"source":1,"timestamp":279207422}
{"angleX":0,"angleY":61,"contentY":806,"deviceType":4,"inverted":true,"overViewport":true,"phase":2,"pixelX":0,"pixelY":5,"pointerX":750.40234375,"pointerY":442.890625,"source":1,"timestamp":279207429}
{"angleX":0,"angleY":57,"contentY":801,"deviceType":4,"inverted":true,"overViewport":true,"phase":2,"pixelX":0,"pixelY":4,"pointerX":750.40234375,"pointerY":442.890625,"source":1,"timestamp":279207436}
{"angleX":0,"angleY":61,"contentY":797,"deviceType":4,"inverted":true,"overViewport":true,"phase":2,"pixelX":0,"pixelY":6,"pointerX":750.40234375,"pointerY":442.890625,"source":1,"timestamp":279207444}
{"angleX":0,"angleY":57,"contentY":791,"deviceType":4,"inverted":true,"overViewport":true,"phase":2,"pixelX":0,"pixelY":4,"pointerX":750.40234375,"pointerY":442.890625,"source":1,"timestamp":279207451}
{"angleX":0,"angleY":57,"contentY":787,"deviceType":4,"inverted":true,"overViewport":true,"phase":2,"pixelX":0,"pixelY":5,"pointerX":750.40234375,"pointerY":442.890625,"source":1,"timestamp":279207458}
{"angleX":0,"angleY":61,"contentY":782,"deviceType":4,"inverted":true,"overViewport":true,"phase":2,"pixelX":0,"pixelY":5,"pointerX":750.40234375,"pointerY":442.890625,"source":1,"timestamp":279207465}
{"angleX":0,"angleY":65,"contentY":777,"deviceType":4,"inverted":true,"overViewport":true,"phase":2,"pixelX":0,"pixelY":6,"pointerX":750.40234375,"pointerY":442.890625,"source":1,"timestamp":279207472}
{"angleX":0,"angleY":77,"contentY":771,"deviceType":4,"inverted":true,"overViewport":true,"phase":2,"pixelX":0,"pixelY":6,"pointerX":750.40234375,"pointerY":442.890625,"source":1,"timestamp":279207479}
{"angleX":0,"angleY":92,"contentY":765,"deviceType":4,"inverted":true,"overViewport":true,"phase":2,"pixelX":0,"pixelY":8,"pointerX":750.40234375,"pointerY":442.890625,"source":1,"timestamp":279207487}
{"angleX":0,"angleY":102,"contentY":757,"deviceType":4,"inverted":true,"overViewport":true,"phase":2,"pixelX":0,"pixelY":8,"pointerX":750.40234375,"pointerY":442.890625,"source":1,"timestamp":279207494}
{"angleX":0,"angleY":106,"contentY":749,"deviceType":4,"inverted":true,"overViewport":true,"phase":2,"pixelX":0,"pixelY":9,"pointerX":750.40234375,"pointerY":442.890625,"source":1,"timestamp":279207501}
{"angleX":0,"angleY":120,"contentY":740,"deviceType":4,"inverted":true,"overViewport":true,"phase":2,"pixelX":0,"pixelY":10,"pointerX":750.40234375,"pointerY":442.890625,"source":1,"timestamp":279207508}
{"angleX":0,"angleY":126,"contentY":730,"deviceType":4,"inverted":true,"overViewport":true,"phase":2,"pixelX":0,"pixelY":10,"pointerX":750.40234375,"pointerY":442.890625,"source":1,"timestamp":279207515}
{"angleX":0,"angleY":122,"contentY":720,"deviceType":4,"inverted":true,"overViewport":true,"phase":2,"pixelX":0,"pixelY":11,"pointerX":750.40234375,"pointerY":442.890625,"source":1,"timestamp":279207523}
{"angleX":0,"angleY":120,"contentY":709,"deviceType":4,"inverted":true,"overViewport":true,"phase":2,"pixelX":0,"pixelY":10,"pointerX":750.40234375,"pointerY":442.890625,"source":1,"timestamp":279207530}
{"angleX":0,"angleY":118,"contentY":699,"deviceType":4,"inverted":true,"overViewport":true,"phase":2,"pixelX":0,"pixelY":10,"pointerX":750.40234375,"pointerY":442.890625,"source":1,"timestamp":279207537}
{"angleX":0,"angleY":0,"contentY":689,"deviceType":4,"inverted":true,"overViewport":true,"phase":3,"pixelX":0,"pixelY":0,"pointerX":750.40234375,"pointerY":442.890625,"source":0,"timestamp":279207550}
{"angleX":0,"angleY":0,"contentY":689,"deviceType":4,"inverted":true,"overViewport":true,"phase":3,"pixelX":0,"pixelY":0,"pointerX":750.40234375,"pointerY":442.890625,"source":0,"timestamp":279207550}
{"coastSample":1,"contentY":647.2192152187175,"endTimestamp":279207550,"flicking":true,"velocity":-1374.704229734088}
{"coastSample":2,"contentY":614.7659715943591,"endTimestamp":279207550,"flicking":true,"velocity":-1338.7270371167688}
{"coastSample":3,"contentY":590.992679659813,"endTimestamp":279207550,"flicking":true,"velocity":-1311.7441426537841}
{"coastSample":4,"contentY":567.7050798256007,"endTimestamp":279207550,"flicking":true,"velocity":-1284.7612481907997}
{"coastSample":5,"contentY":551.1883162361303,"endTimestamp":279207550,"flicking":true,"velocity":-1266.0231270359484}
{"coastSample":6,"contentY":528.7371861302705,"endTimestamp":279207550,"flicking":true,"velocity":-1238.290707726776}
{"coastSample":7,"contentY":499.55786703408796,"endTimestamp":279207550,"flicking":true,"velocity":-1202.313515109438}
{"coastSample":8,"contentY":478.24001849567367,"endTimestamp":279207550,"flicking":true,"velocity":-1175.3306206464724}
{"coastSample":9,"contentY":450.57174148941834,"endTimestamp":279207550,"flicking":true,"velocity":-1139.353428029144}
{"coastSample":10,"contentY":429.2800506588068,"endTimestamp":279207550,"flicking":true,"velocity":-1111.6210087199565}
{"coastSample":11,"contentY":409.6081586826347,"endTimestamp":279207550,"flicking":true,"velocity":-1083.8885894107855}
{"coastSample":12,"contentY":390.4219588067965,"endTimestamp":279207550,"flicking":true,"velocity":-1056.9056949477915}
{"coastSample":13,"contentY":377.90098783420086,"endTimestamp":279207550,"flicking":true,"velocity":-1038.9170986391416}
{"coastSample":14,"contentY":353.50663535612125,"endTimestamp":279207550,"flicking":true,"velocity":-1002.9399060218225}
{"coastSample":15,"contentY":329.0140194613762,"endTimestamp":279207550,"flicking":true,"velocity":-966.2131885583076}
{"angleX":0,"angleY":0,"contentY":21,"deviceType":4,"inverted":false,"overViewport":true,"phase":1,"pixelX":0,"pixelY":0,"pointerX":750.40234375,"pointerY":442.890625,"source":0,"timestamp":279209094}
{"angleX":0,"angleY":0,"contentY":21,"deviceType":4,"inverted":false,"overViewport":true,"phase":1,"pixelX":0,"pixelY":0,"pointerX":750.40234375,"pointerY":442.890625,"source":0,"timestamp":279209094}
{"angleX":0,"angleY":35,"contentY":21,"deviceType":4,"inverted":true,"overViewport":true,"phase":2,"pixelX":0,"pixelY":3,"pointerX":750.40234375,"pointerY":442.890625,"source":1,"timestamp":279209094}
{"angleX":0,"angleY":37,"contentY":21,"deviceType":4,"inverted":true,"overViewport":true,"phase":2,"pixelX":0,"pixelY":3,"pointerX":750.40234375,"pointerY":442.890625,"source":1,"timestamp":279209101}
{"angleX":0,"angleY":33,"contentY":21,"deviceType":4,"inverted":true,"overViewport":true,"phase":2,"pixelX":0,"pixelY":3,"pointerX":750.40234375,"pointerY":442.890625,"source":1,"timestamp":279209109}
{"angleX":0,"angleY":31,"contentY":21,"deviceType":4,"inverted":true,"overViewport":true,"phase":2,"pixelX":0,"pixelY":2,"pointerX":750.40234375,"pointerY":442.890625,"source":1,"timestamp":279209116}
{"angleX":0,"angleY":35,"contentY":19,"deviceType":4,"inverted":true,"overViewport":true,"phase":2,"pixelX":0,"pixelY":3,"pointerX":750.40234375,"pointerY":442.890625,"source":1,"timestamp":279209123}
{"angleX":0,"angleY":24,"contentY":16,"deviceType":4,"inverted":true,"overViewport":true,"phase":2,"pixelX":0,"pixelY":2,"pointerX":750.40234375,"pointerY":442.890625,"source":1,"timestamp":279209130}
{"angleX":0,"angleY":20,"contentY":14,"deviceType":4,"inverted":true,"overViewport":true,"phase":2,"pixelX":0,"pixelY":2,"pointerX":750.40234375,"pointerY":442.890625,"source":1,"timestamp":279209137}
{"angleX":0,"angleY":16,"contentY":12,"deviceType":4,"inverted":true,"overViewport":true,"phase":2,"pixelX":0,"pixelY":1,"pointerX":750.40234375,"pointerY":442.890625,"source":1,"timestamp":279209144}
{"angleX":0,"angleY":20,"contentY":11,"deviceType":4,"inverted":true,"overViewport":true,"phase":2,"pixelX":0,"pixelY":2,"pointerX":750.40234375,"pointerY":442.890625,"source":1,"timestamp":279209152}
{"angleX":0,"angleY":14,"contentY":9,"deviceType":4,"inverted":true,"overViewport":true,"phase":2,"pixelX":0,"pixelY":1,"pointerX":750.40234375,"pointerY":442.890625,"source":1,"timestamp":279209159}
{"angleX":0,"angleY":10,"contentY":8,"deviceType":4,"inverted":true,"overViewport":true,"phase":2,"pixelX":0,"pixelY":1,"pointerX":750.40234375,"pointerY":442.890625,"source":1,"timestamp":279209166}
{"angleX":0,"angleY":6,"contentY":7,"deviceType":4,"inverted":true,"overViewport":true,"phase":2,"pixelX":0,"pixelY":0,"pointerX":750.40234375,"pointerY":442.890625,"source":1,"timestamp":279209173}
{"angleX":0,"angleY":4,"contentY":7,"deviceType":4,"inverted":true,"overViewport":true,"phase":2,"pixelX":0,"pixelY":1,"pointerX":750.40234375,"pointerY":442.890625,"source":1,"timestamp":279209180}
{"angleX":0,"angleY":2,"contentY":6,"deviceType":4,"inverted":true,"overViewport":true,"phase":2,"pixelX":0,"pixelY":0,"pointerX":750.40234375,"pointerY":442.890625,"source":1,"timestamp":279209188}
{"angleX":0,"angleY":4,"contentY":5.844505336631304,"deviceType":4,"inverted":true,"overViewport":true,"phase":2,"pixelX":0,"pixelY":0,"pointerX":750.40234375,"pointerY":442.890625,"source":1,"timestamp":279209195}
{"angleX":0,"angleY":2,"contentY":5.533516009893913,"deviceType":4,"inverted":true,"overViewport":true,"phase":2,"pixelX":0,"pixelY":0,"pointerX":750.40234375,"pointerY":442.890625,"source":1,"timestamp":279209209}
{"angleX":0,"angleY":2,"contentY":5.1248124611041135,"deviceType":4,"inverted":true,"overViewport":true,"phase":2,"pixelX":0,"pixelY":1,"pointerX":750.40234375,"pointerY":442.890625,"source":1,"timestamp":279209238}
{"angleX":0,"angleY":6,"contentY":5,"deviceType":4,"inverted":true,"overViewport":true,"phase":2,"pixelX":0,"pixelY":0,"pointerX":750.40234375,"pointerY":442.890625,"source":1,"timestamp":279209274}
{"angleX":0,"angleY":8,"contentY":4.127418109538435,"deviceType":4,"inverted":true,"overViewport":true,"phase":2,"pixelX":0,"pixelY":1,"pointerX":750.40234375,"pointerY":442.890625,"source":1,"timestamp":279209281}
{"angleX":0,"angleY":6,"contentY":4,"deviceType":4,"inverted":true,"overViewport":true,"phase":2,"pixelX":0,"pixelY":0,"pointerX":750.40234375,"pointerY":442.890625,"source":1,"timestamp":279209288}
{"angleX":0,"angleY":4,"contentY":3.1274181095384352,"deviceType":4,"inverted":true,"overViewport":true,"phase":2,"pixelX":0,"pixelY":1,"pointerX":750.40234375,"pointerY":442.890625,"source":1,"timestamp":279209296}
{"angleX":0,"angleY":2,"contentY":3,"deviceType":4,"inverted":true,"overViewport":true,"phase":2,"pixelX":0,"pixelY":0,"pointerX":750.40234375,"pointerY":442.890625,"source":1,"timestamp":279209303}
{"angleX":0,"angleY":2,"contentY":2.7091393698461452,"deviceType":4,"inverted":true,"overViewport":true,"phase":2,"pixelX":0,"pixelY":0,"pointerX":750.40234375,"pointerY":442.890625,"source":1,"timestamp":279209310}
{"angleX":0,"angleY":2,"contentY":1.7015383216583484,"deviceType":4,"inverted":true,"overViewport":true,"phase":2,"pixelX":0,"pixelY":0,"pointerX":750.40234375,"pointerY":442.890625,"source":1,"timestamp":279209396}
{"angleX":0,"angleY":0,"contentY":1.5460436582896526,"deviceType":4,"inverted":true,"overViewport":true,"phase":3,"pixelX":0,"pixelY":0,"pointerX":750.40234375,"pointerY":442.890625,"source":0,"timestamp":279209403}
{"angleX":0,"angleY":0,"contentY":2,"deviceType":4,"inverted":true,"overViewport":true,"phase":3,"pixelX":0,"pixelY":0,"pointerX":750.40234375,"pointerY":442.890625,"source":0,"timestamp":279209403}
{"coastSample":1,"contentY":2,"endTimestamp":279209403,"flicking":false,"velocity":0}
{"coastSample":2,"contentY":2,"endTimestamp":279209403,"flicking":false,"velocity":0}
{"coastSample":3,"contentY":2,"endTimestamp":279209403,"flicking":false,"velocity":0}
{"coastSample":4,"contentY":2,"endTimestamp":279209403,"flicking":false,"velocity":0}
{"coastSample":5,"contentY":2,"endTimestamp":279209403,"flicking":false,"velocity":0}
{"coastSample":6,"contentY":2,"endTimestamp":279209403,"flicking":false,"velocity":0}
{"coastSample":7,"contentY":2,"endTimestamp":279209403,"flicking":false,"velocity":0}
{"coastSample":8,"contentY":2,"endTimestamp":279209403,"flicking":false,"velocity":0}
{"coastSample":9,"contentY":2,"endTimestamp":279209403,"flicking":false,"velocity":0}
{"coastSample":10,"contentY":2,"endTimestamp":279209403,"flicking":false,"velocity":0}
{"coastSample":11,"contentY":2,"endTimestamp":279209403,"flicking":false,"velocity":0}
{"coastSample":12,"contentY":2,"endTimestamp":279209403,"flicking":false,"velocity":0}
{"coastSample":13,"contentY":2,"endTimestamp":279209403,"flicking":false,"velocity":0}
{"coastSample":14,"contentY":2,"endTimestamp":279209403,"flicking":false,"velocity":0}
{"coastSample":15,"contentY":2,"endTimestamp":279209403,"flicking":false,"velocity":0}
{"angleX":0,"angleY":0,"contentY":2,"deviceType":4,"inverted":false,"overViewport":true,"phase":1,"pixelX":0,"pixelY":0,"pointerX":750.40234375,"pointerY":442.890625,"source":0,"timestamp":279209749}
{"angleX":0,"angleY":0,"contentY":2,"deviceType":4,"inverted":false,"overViewport":true,"phase":1,"pixelX":0,"pixelY":0,"pointerX":750.40234375,"pointerY":442.890625,"source":0,"timestamp":279209749}
{"angleX":0,"angleY":-39,"contentY":2,"deviceType":4,"inverted":true,"overViewport":true,"phase":2,"pixelX":0,"pixelY":-3,"pointerX":750.40234375,"pointerY":442.890625,"source":1,"timestamp":279209749}
{"angleX":0,"angleY":-39,"contentY":2,"deviceType":4,"inverted":true,"overViewport":true,"phase":2,"pixelX":0,"pixelY":-3,"pointerX":750.40234375,"pointerY":442.890625,"source":1,"timestamp":279209756}
{"angleX":0,"angleY":-39,"contentY":2,"deviceType":4,"inverted":true,"overViewport":true,"phase":2,"pixelX":0,"pixelY":-4,"pointerX":750.40234375,"pointerY":442.890625,"source":1,"timestamp":279209764}
{"angleX":0,"angleY":-39,"contentY":2,"deviceType":4,"inverted":true,"overViewport":true,"phase":2,"pixelX":0,"pixelY":-3,"pointerX":750.40234375,"pointerY":442.890625,"source":1,"timestamp":279209771}
{"angleX":0,"angleY":-41,"contentY":5,"deviceType":4,"inverted":true,"overViewport":true,"phase":2,"pixelX":0,"pixelY":-3,"pointerX":750.40234375,"pointerY":442.890625,"source":1,"timestamp":279209778}
{"angleX":0,"angleY":-47,"contentY":8,"deviceType":4,"inverted":true,"overViewport":true,"phase":2,"pixelX":0,"pixelY":-4,"pointerX":750.40234375,"pointerY":442.890625,"source":1,"timestamp":279209785}
{"angleX":0,"angleY":-49,"contentY":12,"deviceType":4,"inverted":true,"overViewport":true,"phase":2,"pixelX":0,"pixelY":-4,"pointerX":750.40234375,"pointerY":442.890625,"source":1,"timestamp":279209792}
{"angleX":0,"angleY":-51,"contentY":16,"deviceType":4,"inverted":true,"overViewport":true,"phase":2,"pixelX":0,"pixelY":-5,"pointerX":750.40234375,"pointerY":442.890625,"source":1,"timestamp":279209800}
{"angleX":0,"angleY":-51,"contentY":21,"deviceType":4,"inverted":true,"overViewport":true,"phase":2,"pixelX":0,"pixelY":-4,"pointerX":750.40234375,"pointerY":442.890625,"source":1,"timestamp":279209807}
{"angleX":0,"angleY":-51,"contentY":25,"deviceType":4,"inverted":true,"overViewport":true,"phase":2,"pixelX":0,"pixelY":-4,"pointerX":750.40234375,"pointerY":442.890625,"source":1,"timestamp":279209814}
{"angleX":0,"angleY":-43,"contentY":29,"deviceType":4,"inverted":true,"overViewport":true,"phase":2,"pixelX":0,"pixelY":-4,"pointerX":750.40234375,"pointerY":442.890625,"source":1,"timestamp":279209821}
{"angleX":0,"angleY":-41,"contentY":33,"deviceType":4,"inverted":true,"overViewport":true,"phase":2,"pixelX":0,"pixelY":-3,"pointerX":750.40234375,"pointerY":442.890625,"source":1,"timestamp":279209828}
{"angleX":0,"angleY":-31,"contentY":36,"deviceType":4,"inverted":true,"overViewport":true,"phase":2,"pixelX":0,"pixelY":-2,"pointerX":750.40234375,"pointerY":442.890625,"source":1,"timestamp":279209836}
{"angleX":0,"angleY":-22,"contentY":38,"deviceType":4,"inverted":true,"overViewport":true,"phase":2,"pixelX":0,"pixelY":-2,"pointerX":750.40234375,"pointerY":442.890625,"source":1,"timestamp":279209843}
{"angleX":0,"angleY":-12,"contentY":40,"deviceType":4,"inverted":true,"overViewport":true,"phase":2,"pixelX":0,"pixelY":-1,"pointerX":750.40234375,"pointerY":442.890625,"source":1,"timestamp":279209850}
{"angleX":0,"angleY":-4,"contentY":41,"deviceType":4,"inverted":true,"overViewport":true,"phase":2,"pixelX":0,"pixelY":-1,"pointerX":750.40234375,"pointerY":442.890625,"source":1,"timestamp":279209857}
{"angleX":0,"angleY":-4,"contentY":42,"deviceType":4,"inverted":true,"overViewport":true,"phase":2,"pixelX":0,"pixelY":0,"pointerX":750.40234375,"pointerY":442.890625,"source":1,"timestamp":279209864}
{"angleX":0,"angleY":0,"contentY":42.8174070975796,"deviceType":4,"inverted":true,"overViewport":true,"phase":3,"pixelX":0,"pixelY":0,"pointerX":750.40234375,"pointerY":442.890625,"source":0,"timestamp":279209885}
{"angleX":0,"angleY":0,"contentY":43,"deviceType":4,"inverted":true,"overViewport":true,"phase":3,"pixelX":0,"pixelY":0,"pointerX":750.40234375,"pointerY":442.890625,"source":0,"timestamp":279209885}
{"coastSample":1,"contentY":46.45243599672012,"endTimestamp":279209885,"flicking":true,"velocity":182.76523779154513}
{"coastSample":2,"contentY":50.29659598214286,"endTimestamp":279209885,"flicking":true,"velocity":146.61818968658955}
{"coastSample":3,"contentY":52.61039996355685,"endTimestamp":279209885,"flicking":true,"velocity":119.50790360787168}
{"coastSample":4,"contentY":54.93638392857143,"endTimestamp":279209885,"flicking":true,"velocity":83.3608555029149}
{"coastSample":5,"contentY":56.16253501958819,"endTimestamp":279209885,"flicking":true,"velocity":55.49750592201162}
{"coastSample":6,"contentY":56.93419591608965,"endTimestamp":279209885,"flicking":true,"velocity":18.597394314869103}
{"coastSample":7,"contentY":57,"endTimestamp":279209885,"flicking":false,"velocity":0}
{"coastSample":8,"contentY":57,"endTimestamp":279209885,"flicking":false,"velocity":0}
{"coastSample":9,"contentY":57,"endTimestamp":279209885,"flicking":false,"velocity":0}
{"coastSample":10,"contentY":57,"endTimestamp":279209885,"flicking":false,"velocity":0}
{"coastSample":11,"contentY":57,"endTimestamp":279209885,"flicking":false,"velocity":0}
{"coastSample":12,"contentY":57,"endTimestamp":279209885,"flicking":false,"velocity":0}
{"coastSample":13,"contentY":57,"endTimestamp":279209885,"flicking":false,"velocity":0}
{"coastSample":14,"contentY":57,"endTimestamp":279209885,"flicking":false,"velocity":0}
{"coastSample":15,"contentY":57,"endTimestamp":279209885,"flicking":false,"velocity":0}
{"angleX":0,"angleY":0,"contentY":57,"deviceType":4,"inverted":false,"overViewport":true,"phase":1,"pixelX":0,"pixelY":0,"pointerX":750.40234375,"pointerY":442.890625,"source":0,"timestamp":279210369}
{"angleX":0,"angleY":0,"contentY":57,"deviceType":4,"inverted":false,"overViewport":true,"phase":1,"pixelX":0,"pixelY":0,"pointerX":750.40234375,"pointerY":442.890625,"source":0,"timestamp":279210369}
{"angleX":0,"angleY":-33,"contentY":57,"deviceType":4,"inverted":true,"overViewport":true,"phase":2,"pixelX":0,"pixelY":-3,"pointerX":750.40234375,"pointerY":442.890625,"source":1,"timestamp":279210369}
{"angleX":0,"angleY":-35,"contentY":57,"deviceType":4,"inverted":true,"overViewport":true,"phase":2,"pixelX":0,"pixelY":-3,"pointerX":750.40234375,"pointerY":442.890625,"source":1,"timestamp":279210376}
{"angleX":24,"angleY":-39,"contentY":57,"deviceType":4,"inverted":true,"overViewport":true,"phase":2,"pixelX":2,"pixelY":-3,"pointerX":750.40234375,"pointerY":442.890625,"source":1,"timestamp":279210383}
{"angleX":0,"angleY":0,"contentY":57,"deviceType":4,"inverted":true,"overViewport":true,"phase":2,"pixelX":0,"pixelY":0,"pointerX":750.40234375,"pointerY":442.890625,"source":1,"timestamp":279210383}
{"angleX":0,"angleY":-43,"contentY":57,"deviceType":4,"inverted":true,"overViewport":true,"phase":2,"pixelX":0,"pixelY":-3,"pointerX":750.40234375,"pointerY":442.890625,"source":1,"timestamp":279210390}
{"angleX":0,"angleY":-47,"contentY":60,"deviceType":4,"inverted":true,"overViewport":true,"phase":2,"pixelX":0,"pixelY":-4,"pointerX":750.40234375,"pointerY":442.890625,"source":1,"timestamp":279210397}
{"angleX":0,"angleY":-47,"contentY":64,"deviceType":4,"inverted":true,"overViewport":true,"phase":2,"pixelX":0,"pixelY":-4,"pointerX":750.40234375,"pointerY":442.890625,"source":1,"timestamp":279210405}
{"angleX":0,"angleY":-45,"contentY":68,"deviceType":4,"inverted":true,"overViewport":true,"phase":2,"pixelX":0,"pixelY":-4,"pointerX":750.40234375,"pointerY":442.890625,"source":1,"timestamp":279210412}
{"angleX":0,"angleY":-47,"contentY":72,"deviceType":4,"inverted":true,"overViewport":true,"phase":2,"pixelX":0,"pixelY":-4,"pointerX":750.40234375,"pointerY":442.890625,"source":1,"timestamp":279210419}
{"angleX":0,"angleY":-47,"contentY":76,"deviceType":4,"inverted":true,"overViewport":true,"phase":2,"pixelX":0,"pixelY":-4,"pointerX":750.40234375,"pointerY":442.890625,"source":1,"timestamp":279210426}
{"angleX":0,"angleY":-49,"contentY":80,"deviceType":4,"inverted":true,"overViewport":true,"phase":2,"pixelX":0,"pixelY":-4,"pointerX":750.40234375,"pointerY":442.890625,"source":1,"timestamp":279210433}
{"angleX":0,"angleY":-45,"contentY":84,"deviceType":4,"inverted":true,"overViewport":true,"phase":2,"pixelX":0,"pixelY":-4,"pointerX":750.40234375,"pointerY":442.890625,"source":1,"timestamp":279210441}
{"angleX":31,"angleY":-47,"contentY":88,"deviceType":4,"inverted":true,"overViewport":true,"phase":2,"pixelX":3,"pixelY":-3,"pointerX":750.40234375,"pointerY":442.890625,"source":1,"timestamp":279210448}
{"angleX":0,"angleY":0,"contentY":91,"deviceType":4,"inverted":true,"overViewport":true,"phase":2,"pixelX":0,"pixelY":0,"pointerX":750.40234375,"pointerY":442.890625,"source":1,"timestamp":279210448}
{"angleX":31,"angleY":-49,"contentY":91,"deviceType":4,"inverted":true,"overViewport":true,"phase":2,"pixelX":2,"pixelY":-5,"pointerX":750.40234375,"pointerY":442.890625,"source":1,"timestamp":279210455}
{"angleX":0,"angleY":0,"contentY":96,"deviceType":4,"inverted":true,"overViewport":true,"phase":2,"pixelX":0,"pixelY":0,"pointerX":750.40234375,"pointerY":442.890625,"source":1,"timestamp":279210455}
{"angleX":31,"angleY":-43,"contentY":96,"deviceType":4,"inverted":true,"overViewport":true,"phase":2,"pixelX":3,"pixelY":-3,"pointerX":750.40234375,"pointerY":442.890625,"source":1,"timestamp":279210462}
{"angleX":0,"angleY":0,"contentY":99,"deviceType":4,"inverted":true,"overViewport":true,"phase":2,"pixelX":0,"pixelY":0,"pointerX":750.40234375,"pointerY":442.890625,"source":1,"timestamp":279210462}
{"angleX":0,"angleY":-45,"contentY":99,"deviceType":4,"inverted":true,"overViewport":true,"phase":2,"pixelX":0,"pixelY":-4,"pointerX":750.40234375,"pointerY":442.890625,"source":1,"timestamp":279210469}
{"angleX":0,"angleY":-45,"contentY":103,"deviceType":4,"inverted":true,"overViewport":true,"phase":2,"pixelX":0,"pixelY":-4,"pointerX":750.40234375,"pointerY":442.890625,"source":1,"timestamp":279210476}
{"angleX":0,"angleY":-39,"contentY":107,"deviceType":4,"inverted":true,"overViewport":true,"phase":2,"pixelX":0,"pixelY":-3,"pointerX":750.40234375,"pointerY":442.890625,"source":1,"timestamp":279210484}
{"angleX":0,"angleY":-35,"contentY":110,"deviceType":4,"inverted":true,"overViewport":true,"phase":2,"pixelX":0,"pixelY":-3,"pointerX":750.40234375,"pointerY":442.890625,"source":1,"timestamp":279210491}
{"angleX":0,"angleY":-22,"contentY":113,"deviceType":4,"inverted":true,"overViewport":true,"phase":2,"pixelX":0,"pixelY":-2,"pointerX":750.40234375,"pointerY":442.890625,"source":1,"timestamp":279210498}
{"angleX":0,"angleY":0,"contentY":115,"deviceType":4,"inverted":true,"overViewport":true,"phase":3,"pixelX":0,"pixelY":0,"pointerX":750.40234375,"pointerY":442.890625,"source":0,"timestamp":279210504}
{"angleX":0,"angleY":0,"contentY":115,"deviceType":4,"inverted":true,"overViewport":true,"phase":3,"pixelX":0,"pixelY":0,"pointerX":750.40234375,"pointerY":442.890625,"source":0,"timestamp":279210504}
{"coastSample":1,"contentY":124.52881646079484,"endTimestamp":279210504,"flicking":true,"velocity":383.42560502819606}
{"coastSample":2,"contentY":133.18669441460796,"endTimestamp":279210504,"flicking":true,"velocity":347.1365005706228}
{"coastSample":3,"contentY":139.108549484761,"endTimestamp":279210504,"flicking":true,"velocity":319.9196722274422}
{"coastSample":4,"contentY":146.24228505135608,"endTimestamp":279210504,"flicking":true,"velocity":283.63056776987133}
{"coastSample":5,"contentY":151.27215490945557,"endTimestamp":279210504,"flicking":true,"velocity":254.90169340762728}
{"coastSample":6,"contentY":154.16767426028798,"endTimestamp":279210504,"flicking":true,"velocity":236.7571411788371}
{"coastSample":7,"contentY":159.30550908171656,"endTimestamp":279210504,"flicking":true,"velocity":200.4680367212662}
{"coastSample":8,"contentY":162.58733180258122,"endTimestamp":279210504,"flicking":true,"velocity":173.25120837808564}
{"coastSample":9,"contentY":166.20102423679174,"endTimestamp":279210504,"flicking":true,"velocity":136.96210392051475}
{"coastSample":10,"contentY":169.03915900241674,"endTimestamp":279210504,"flicking":true,"velocity":99.16095344387561}
{"coastSample":11,"contentY":170.06578947368422,"endTimestamp":279210504,"flicking":true,"velocity":81.0164012150949}
{"coastSample":12,"contentY":170.87468531820625,"endTimestamp":279210504,"flicking":true,"velocity":62.87184898630945}
{"coastSample":13,"contentY":171.83927312701397,"endTimestamp":279210504,"flicking":true,"velocity":26.58274452873381}
{"coastSample":14,"contentY":172,"endTimestamp":279210504,"flicking":false,"velocity":0}
{"coastSample":15,"contentY":172,"endTimestamp":279210504,"flicking":false,"velocity":0}
{"angleX":0,"angleY":0,"contentY":172,"deviceType":4,"inverted":false,"overViewport":true,"phase":1,"pixelX":0,"pixelY":0,"pointerX":750.40234375,"pointerY":442.890625,"source":0,"timestamp":279211117}
{"angleX":0,"angleY":0,"contentY":172,"deviceType":4,"inverted":false,"overViewport":true,"phase":1,"pixelX":0,"pixelY":0,"pointerX":750.40234375,"pointerY":442.890625,"source":0,"timestamp":279211117}
{"angleX":26,"angleY":-41,"contentY":172,"deviceType":4,"inverted":true,"overViewport":true,"phase":2,"pixelX":2,"pixelY":-3,"pointerX":750.40234375,"pointerY":442.890625,"source":1,"timestamp":279211117}
{"angleX":0,"angleY":0,"contentY":172,"deviceType":4,"inverted":true,"overViewport":true,"phase":2,"pixelX":0,"pixelY":0,"pointerX":750.40234375,"pointerY":442.890625,"source":1,"timestamp":279211117}
{"angleX":29,"angleY":-35,"contentY":172,"deviceType":4,"inverted":true,"overViewport":true,"phase":2,"pixelX":3,"pixelY":-3,"pointerX":750.40234375,"pointerY":442.890625,"source":1,"timestamp":279211125}
{"angleX":0,"angleY":0,"contentY":172,"deviceType":4,"inverted":true,"overViewport":true,"phase":2,"pixelX":0,"pixelY":0,"pointerX":750.40234375,"pointerY":442.890625,"source":1,"timestamp":279211125}
{"angleX":29,"angleY":-37,"contentY":172,"deviceType":4,"inverted":true,"overViewport":true,"phase":2,"pixelX":2,"pixelY":-3,"pointerX":750.40234375,"pointerY":442.890625,"source":1,"timestamp":279211132}
{"angleX":0,"angleY":0,"contentY":172,"deviceType":4,"inverted":true,"overViewport":true,"phase":2,"pixelX":0,"pixelY":0,"pointerX":750.40234375,"pointerY":442.890625,"source":1,"timestamp":279211132}
{"angleX":26,"angleY":-37,"contentY":172,"deviceType":4,"inverted":true,"overViewport":true,"phase":2,"pixelX":2,"pixelY":-3,"pointerX":750.40234375,"pointerY":442.890625,"source":1,"timestamp":279211139}
{"angleX":0,"angleY":0,"contentY":172,"deviceType":4,"inverted":true,"overViewport":true,"phase":2,"pixelX":0,"pixelY":0,"pointerX":750.40234375,"pointerY":442.890625,"source":1,"timestamp":279211139}
{"angleX":26,"angleY":-37,"contentY":172,"deviceType":4,"inverted":true,"overViewport":true,"phase":2,"pixelX":2,"pixelY":-3,"pointerX":750.40234375,"pointerY":442.890625,"source":1,"timestamp":279211146}
{"angleX":0,"angleY":0,"contentY":172,"deviceType":4,"inverted":true,"overViewport":true,"phase":2,"pixelX":0,"pixelY":0,"pointerX":750.40234375,"pointerY":442.890625,"source":1,"timestamp":279211146}
{"angleX":26,"angleY":-39,"contentY":172,"deviceType":4,"inverted":true,"overViewport":true,"phase":2,"pixelX":3,"pixelY":-4,"pointerX":750.40234375,"pointerY":442.890625,"source":1,"timestamp":279211154}
{"angleX":0,"angleY":0,"contentY":172,"deviceType":4,"inverted":true,"overViewport":true,"phase":2,"pixelX":0,"pixelY":0,"pointerX":750.40234375,"pointerY":442.890625,"source":1,"timestamp":279211154}
{"angleX":26,"angleY":-41,"contentY":172,"deviceType":4,"inverted":true,"overViewport":true,"phase":2,"pixelX":2,"pixelY":-3,"pointerX":750.40234375,"pointerY":442.890625,"source":1,"timestamp":279211161}
{"angleX":0,"angleY":0,"contentY":172,"deviceType":4,"inverted":true,"overViewport":true,"phase":2,"pixelX":0,"pixelY":0,"pointerX":750.40234375,"pointerY":442.890625,"source":1,"timestamp":279211161}
{"angleX":26,"angleY":-43,"contentY":172,"deviceType":4,"inverted":true,"overViewport":true,"phase":2,"pixelX":2,"pixelY":-4,"pointerX":750.40234375,"pointerY":442.890625,"source":1,"timestamp":279211168}
{"angleX":0,"angleY":0,"contentY":172,"deviceType":4,"inverted":true,"overViewport":true,"phase":2,"pixelX":0,"pixelY":0,"pointerX":750.40234375,"pointerY":442.890625,"source":1,"timestamp":279211168}
{"angleX":24,"angleY":-47,"contentY":172,"deviceType":4,"inverted":true,"overViewport":true,"phase":2,"pixelX":2,"pixelY":-4,"pointerX":750.40234375,"pointerY":442.890625,"source":1,"timestamp":279211175}
{"angleX":0,"angleY":0,"contentY":172,"deviceType":4,"inverted":true,"overViewport":true,"phase":2,"pixelX":0,"pixelY":0,"pointerX":750.40234375,"pointerY":442.890625,"source":1,"timestamp":279211175}
{"angleX":24,"angleY":-41,"contentY":172,"deviceType":4,"inverted":true,"overViewport":true,"phase":2,"pixelX":2,"pixelY":-3,"pointerX":750.40234375,"pointerY":442.890625,"source":1,"timestamp":279211182}
{"angleX":0,"angleY":0,"contentY":172,"deviceType":4,"inverted":true,"overViewport":true,"phase":2,"pixelX":0,"pixelY":0,"pointerX":750.40234375,"pointerY":442.890625,"source":1,"timestamp":279211182}
{"angleX":24,"angleY":-49,"contentY":172,"deviceType":4,"inverted":true,"overViewport":true,"phase":2,"pixelX":2,"pixelY":-4,"pointerX":750.40234375,"pointerY":442.890625,"source":1,"timestamp":279211190}
{"angleX":0,"angleY":0,"contentY":172,"deviceType":4,"inverted":true,"overViewport":true,"phase":2,"pixelX":0,"pixelY":0,"pointerX":750.40234375,"pointerY":442.890625,"source":1,"timestamp":279211190}
{"angleX":29,"angleY":-55,"contentY":172,"deviceType":4,"inverted":true,"overViewport":true,"phase":2,"pixelX":2,"pixelY":-5,"pointerX":750.40234375,"pointerY":442.890625,"source":1,"timestamp":279211197}
{"angleX":0,"angleY":0,"contentY":172,"deviceType":4,"inverted":true,"overViewport":true,"phase":2,"pixelX":0,"pixelY":0,"pointerX":750.40234375,"pointerY":442.890625,"source":1,"timestamp":279211197}
{"angleX":0,"angleY":-53,"contentY":172,"deviceType":4,"inverted":true,"overViewport":true,"phase":2,"pixelX":0,"pixelY":-4,"pointerX":750.40234375,"pointerY":442.890625,"source":1,"timestamp":279211204}
{"angleX":33,"angleY":-55,"contentY":172,"deviceType":4,"inverted":true,"overViewport":true,"phase":2,"pixelX":3,"pixelY":-5,"pointerX":750.40234375,"pointerY":442.890625,"source":1,"timestamp":279211211}
{"angleX":0,"angleY":0,"contentY":172,"deviceType":4,"inverted":true,"overViewport":true,"phase":2,"pixelX":0,"pixelY":0,"pointerX":750.40234375,"pointerY":442.890625,"source":1,"timestamp":279211211}
{"angleX":0,"angleY":-55,"contentY":172,"deviceType":4,"inverted":true,"overViewport":true,"phase":2,"pixelX":0,"pixelY":-4,"pointerX":750.40234375,"pointerY":442.890625,"source":1,"timestamp":279211218}
{"angleX":0,"angleY":-59,"contentY":172,"deviceType":4,"inverted":true,"overViewport":true,"phase":2,"pixelX":0,"pixelY":-5,"pointerX":750.40234375,"pointerY":442.890625,"source":1,"timestamp":279211225}
{"angleX":41,"angleY":-67,"contentY":172,"deviceType":4,"inverted":true,"overViewport":true,"phase":2,"pixelX":4,"pixelY":-6,"pointerX":750.40234375,"pointerY":442.890625,"source":1,"timestamp":279211233}
{"angleX":0,"angleY":0,"contentY":172,"deviceType":4,"inverted":true,"overViewport":true,"phase":2,"pixelX":0,"pixelY":0,"pointerX":750.40234375,"pointerY":442.890625,"source":1,"timestamp":279211233}
{"angleX":37,"angleY":-63,"contentY":172,"deviceType":4,"inverted":true,"overViewport":true,"phase":2,"pixelX":3,"pixelY":-5,"pointerX":750.40234375,"pointerY":442.890625,"source":1,"timestamp":279211240}
{"angleX":0,"angleY":0,"contentY":177,"deviceType":4,"inverted":true,"overViewport":true,"phase":2,"pixelX":0,"pixelY":0,"pointerX":750.40234375,"pointerY":442.890625,"source":1,"timestamp":279211240}
{"angleX":43,"angleY":-67,"contentY":177,"deviceType":4,"inverted":true,"overViewport":true,"phase":2,"pixelX":3,"pixelY":-6,"pointerX":750.40234375,"pointerY":442.890625,"source":1,"timestamp":279211247}
{"angleX":0,"angleY":0,"contentY":183,"deviceType":4,"inverted":true,"overViewport":true,"phase":2,"pixelX":0,"pixelY":0,"pointerX":750.40234375,"pointerY":442.890625,"source":1,"timestamp":279211247}
{"angleX":29,"angleY":-59,"contentY":183,"deviceType":4,"inverted":true,"overViewport":true,"phase":2,"pixelX":3,"pixelY":-4,"pointerX":750.40234375,"pointerY":442.890625,"source":1,"timestamp":279211254}
{"angleX":0,"angleY":0,"contentY":187,"deviceType":4,"inverted":true,"overViewport":true,"phase":2,"pixelX":0,"pixelY":0,"pointerX":750.40234375,"pointerY":442.890625,"source":1,"timestamp":279211254}
{"angleX":0,"angleY":0,"contentY":187,"deviceType":4,"inverted":true,"overViewport":true,"phase":3,"pixelX":0,"pixelY":0,"pointerX":750.40234375,"pointerY":442.890625,"source":0,"timestamp":279211275}
{"angleX":0,"angleY":0,"contentY":187,"deviceType":4,"inverted":true,"overViewport":true,"phase":3,"pixelX":0,"pixelY":0,"pointerX":750.40234375,"pointerY":442.890625,"source":0,"timestamp":279211275}
{"coastSample":1,"contentY":208.02008516229768,"endTimestamp":279211275,"flicking":true,"velocity":682.6336811664314}
{"coastSample":2,"contentY":223.86221878298733,"endTimestamp":279211275,"flicking":true,"velocity":646.5620326794502}
{"coastSample":3,"contentY":238.83863283998946,"endTimestamp":279211275,"flicking":true,"velocity":610.4903841924738}
{"coastSample":4,"contentY":249.50281491907108,"endTimestamp":279211275,"flicking":true,"velocity":583.4366478272319}
{"coastSample":5,"contentY":260.2311522063028,"endTimestamp":279211275,"flicking":true,"velocity":554.8799261083749}
{"coastSample":6,"contentY":269.8943460398707,"endTimestamp":279211275,"flicking":true,"velocity":527.8261897431378}
{"coastSample":7,"contentY":279.0705726188644,"endTimestamp":279211275,"flicking":true,"velocity":500.77245337791015}
{"coastSample":8,"contentY":290.5480367726293,"endTimestamp":279211275,"flicking":true,"velocity":464.70080489092425}
{"coastSample":9,"contentY":298.5880064242831,"endTimestamp":279211275,"flicking":true,"velocity":437.6470685256872}
{"coastSample":10,"contentY":308.94677631289585,"endTimestamp":279211275,"flicking":true,"velocity":400.0724346850764}
{"coastSample":11,"contentY":315.8234353008445,"endTimestamp":279211275,"flicking":true,"velocity":373.01869831984885}
{"coastSample":12,"contentY":322.21312703421887,"endTimestamp":279211275,"flicking":true,"velocity":345.96496195461174}
{"coastSample":13,"contentY":328.11585151301904,"endTimestamp":279211275,"flicking":true,"velocity":318.9112255893747}
{"coastSample":14,"contentY":333.53160873724494,"endTimestamp":279211275,"flicking":true,"velocity":291.85748922414706}
{"coastSample":15,"contentY":340.24563914331895,"endTimestamp":279211275,"flicking":true,"velocity":254.28285538352688}
{"angleX":0,"angleY":0,"contentY":361,"deviceType":4,"inverted":false,"overViewport":true,"phase":1,"pixelX":0,"pixelY":0,"pointerX":750.40234375,"pointerY":442.890625,"source":0,"timestamp":279212090}
{"angleX":0,"angleY":0,"contentY":361,"deviceType":4,"inverted":false,"overViewport":true,"phase":1,"pixelX":0,"pixelY":0,"pointerX":750.40234375,"pointerY":442.890625,"source":0,"timestamp":279212090}
{"angleX":33,"angleY":-47,"contentY":361,"deviceType":4,"inverted":true,"overViewport":true,"phase":2,"pixelX":3,"pixelY":-4,"pointerX":750.40234375,"pointerY":442.890625,"source":1,"timestamp":279212090}
{"angleX":0,"angleY":0,"contentY":361,"deviceType":4,"inverted":true,"overViewport":true,"phase":2,"pixelX":0,"pixelY":0,"pointerX":750.40234375,"pointerY":442.890625,"source":1,"timestamp":279212090}
{"angleX":37,"angleY":-49,"contentY":361,"deviceType":4,"inverted":true,"overViewport":true,"phase":2,"pixelX":3,"pixelY":-4,"pointerX":750.40234375,"pointerY":442.890625,"source":1,"timestamp":279212097}
{"angleX":0,"angleY":0,"contentY":361,"deviceType":4,"inverted":true,"overViewport":true,"phase":2,"pixelX":0,"pixelY":0,"pointerX":750.40234375,"pointerY":442.890625,"source":1,"timestamp":279212097}
{"angleX":37,"angleY":-47,"contentY":361,"deviceType":4,"inverted":true,"overViewport":true,"phase":2,"pixelX":3,"pixelY":-4,"pointerX":750.40234375,"pointerY":442.890625,"source":1,"timestamp":279212104}
{"angleX":0,"angleY":0,"contentY":361,"deviceType":4,"inverted":true,"overViewport":true,"phase":2,"pixelX":0,"pixelY":0,"pointerX":750.40234375,"pointerY":442.890625,"source":1,"timestamp":279212104}
{"angleX":37,"angleY":-43,"contentY":361,"deviceType":4,"inverted":true,"overViewport":true,"phase":2,"pixelX":3,"pixelY":-3,"pointerX":750.40234375,"pointerY":442.890625,"source":1,"timestamp":279212111}
{"angleX":0,"angleY":0,"contentY":361,"deviceType":4,"inverted":true,"overViewport":true,"phase":2,"pixelX":0,"pixelY":0,"pointerX":750.40234375,"pointerY":442.890625,"source":1,"timestamp":279212111}
{"angleX":41,"angleY":-45,"contentY":361,"deviceType":4,"inverted":true,"overViewport":true,"phase":2,"pixelX":3,"pixelY":-4,"pointerX":750.40234375,"pointerY":442.890625,"source":1,"timestamp":279212118}
{"angleX":0,"angleY":0,"contentY":361,"deviceType":4,"inverted":true,"overViewport":true,"phase":2,"pixelX":0,"pixelY":0,"pointerX":750.40234375,"pointerY":442.890625,"source":1,"timestamp":279212118}
{"angleX":43,"angleY":-49,"contentY":361,"deviceType":4,"inverted":true,"overViewport":true,"phase":2,"pixelX":4,"pixelY":-4,"pointerX":750.40234375,"pointerY":442.890625,"source":1,"timestamp":279212126}
{"angleX":0,"angleY":0,"contentY":361,"deviceType":4,"inverted":true,"overViewport":true,"phase":2,"pixelX":0,"pixelY":0,"pointerX":750.40234375,"pointerY":442.890625,"source":1,"timestamp":279212126}
{"angleX":41,"angleY":-49,"contentY":361,"deviceType":4,"inverted":true,"overViewport":true,"phase":2,"pixelX":3,"pixelY":-4,"pointerX":750.40234375,"pointerY":442.890625,"source":1,"timestamp":279212133}
{"angleX":0,"angleY":0,"contentY":361,"deviceType":4,"inverted":true,"overViewport":true,"phase":2,"pixelX":0,"pixelY":0,"pointerX":750.40234375,"pointerY":442.890625,"source":1,"timestamp":279212133}
{"angleX":43,"angleY":-47,"contentY":361,"deviceType":4,"inverted":true,"overViewport":true,"phase":2,"pixelX":4,"pixelY":-4,"pointerX":750.40234375,"pointerY":442.890625,"source":1,"timestamp":279212140}
{"angleX":0,"angleY":0,"contentY":361,"deviceType":4,"inverted":true,"overViewport":true,"phase":2,"pixelX":0,"pixelY":0,"pointerX":750.40234375,"pointerY":442.890625,"source":1,"timestamp":279212140}
{"angleX":41,"angleY":-49,"contentY":361,"deviceType":4,"inverted":true,"overViewport":true,"phase":2,"pixelX":3,"pixelY":-4,"pointerX":750.40234375,"pointerY":442.890625,"source":1,"timestamp":279212147}
{"angleX":0,"angleY":0,"contentY":361,"deviceType":4,"inverted":true,"overViewport":true,"phase":2,"pixelX":0,"pixelY":0,"pointerX":750.40234375,"pointerY":442.890625,"source":1,"timestamp":279212147}
{"angleX":39,"angleY":-53,"contentY":361,"deviceType":4,"inverted":true,"overViewport":true,"phase":2,"pixelX":3,"pixelY":-5,"pointerX":750.40234375,"pointerY":442.890625,"source":1,"timestamp":279212154}
{"angleX":0,"angleY":0,"contentY":361,"deviceType":4,"inverted":true,"overViewport":true,"phase":2,"pixelX":0,"pixelY":0,"pointerX":750.40234375,"pointerY":442.890625,"source":1,"timestamp":279212154}
{"angleX":47,"angleY":-61,"contentY":361,"deviceType":4,"inverted":true,"overViewport":true,"phase":2,"pixelX":4,"pixelY":-5,"pointerX":750.40234375,"pointerY":442.890625,"source":1,"timestamp":279212161}
{"angleX":0,"angleY":0,"contentY":361,"deviceType":4,"inverted":true,"overViewport":true,"phase":2,"pixelX":0,"pixelY":0,"pointerX":750.40234375,"pointerY":442.890625,"source":1,"timestamp":279212161}
{"angleX":47,"angleY":-65,"contentY":361,"deviceType":4,"inverted":true,"overViewport":true,"phase":2,"pixelX":4,"pixelY":-5,"pointerX":750.40234375,"pointerY":442.890625,"source":1,"timestamp":279212169}
{"angleX":0,"angleY":0,"contentY":361,"deviceType":4,"inverted":true,"overViewport":true,"phase":2,"pixelX":0,"pixelY":0,"pointerX":750.40234375,"pointerY":442.890625,"source":1,"timestamp":279212169}
{"angleX":51,"angleY":-71,"contentY":361,"deviceType":4,"inverted":true,"overViewport":true,"phase":2,"pixelX":4,"pixelY":-6,"pointerX":750.40234375,"pointerY":442.890625,"source":1,"timestamp":279212176}
{"angleX":0,"angleY":0,"contentY":361,"deviceType":4,"inverted":true,"overViewport":true,"phase":2,"pixelX":0,"pixelY":0,"pointerX":750.40234375,"pointerY":442.890625,"source":1,"timestamp":279212176}
{"angleX":53,"angleY":-69,"contentY":361,"deviceType":4,"inverted":true,"overViewport":true,"phase":2,"pixelX":5,"pixelY":-6,"pointerX":750.40234375,"pointerY":442.890625,"source":1,"timestamp":279212183}
{"angleX":0,"angleY":0,"contentY":361,"deviceType":4,"inverted":true,"overViewport":true,"phase":2,"pixelX":0,"pixelY":0,"pointerX":750.40234375,"pointerY":442.890625,"source":1,"timestamp":279212183}
{"angleX":57,"angleY":-75,"contentY":361,"deviceType":4,"inverted":true,"overViewport":true,"phase":2,"pixelX":5,"pixelY":-6,"pointerX":750.40234375,"pointerY":442.890625,"source":1,"timestamp":279212190}
{"angleX":0,"angleY":0,"contentY":361,"deviceType":4,"inverted":true,"overViewport":true,"phase":2,"pixelX":0,"pixelY":0,"pointerX":750.40234375,"pointerY":442.890625,"source":1,"timestamp":279212190}
{"angleX":59,"angleY":-79,"contentY":361,"deviceType":4,"inverted":true,"overViewport":true,"phase":2,"pixelX":5,"pixelY":-7,"pointerX":750.40234375,"pointerY":442.890625,"source":1,"timestamp":279212197}
{"angleX":0,"angleY":0,"contentY":361,"deviceType":4,"inverted":true,"overViewport":true,"phase":2,"pixelX":0,"pixelY":0,"pointerX":750.40234375,"pointerY":442.890625,"source":1,"timestamp":279212197}
{"angleX":59,"angleY":-73,"contentY":361,"deviceType":4,"inverted":true,"overViewport":true,"phase":2,"pixelX":4,"pixelY":-6,"pointerX":750.40234375,"pointerY":442.890625,"source":1,"timestamp":279212205}
{"angleX":0,"angleY":0,"contentY":361,"deviceType":4,"inverted":true,"overViewport":true,"phase":2,"pixelX":0,"pixelY":0,"pointerX":750.40234375,"pointerY":442.890625,"source":1,"timestamp":279212205}
{"angleX":53,"angleY":-69,"contentY":361,"deviceType":4,"inverted":true,"overViewport":true,"phase":2,"pixelX":5,"pixelY":-6,"pointerX":750.40234375,"pointerY":442.890625,"source":1,"timestamp":279212212}
{"angleX":0,"angleY":0,"contentY":361,"deviceType":4,"inverted":true,"overViewport":true,"phase":2,"pixelX":0,"pixelY":0,"pointerX":750.40234375,"pointerY":442.890625,"source":1,"timestamp":279212212}
{"angleX":0,"angleY":0,"contentY":361,"deviceType":4,"inverted":true,"overViewport":true,"phase":3,"pixelX":0,"pixelY":0,"pointerX":750.40234375,"pointerY":442.890625,"source":0,"timestamp":279212225}
{"angleX":0,"angleY":0,"contentY":361,"deviceType":4,"inverted":true,"overViewport":true,"phase":3,"pixelX":0,"pixelY":0,"pointerX":750.40234375,"pointerY":442.890625,"source":0,"timestamp":279212225}
{"coastSample":1,"contentY":376.34625988520406,"endTimestamp":279212225,"flicking":true,"velocity":843.569036989796}
{"coastSample":2,"contentY":396.051859375,"endTimestamp":279212225,"flicking":true,"velocity":807.5652104591882}
{"coastSample":3,"contentY":410.2639987244898,"endTimestamp":279212225,"flicking":true,"velocity":780.5623405612229}
{"coastSample":4,"contentY":424.73839532844386,"endTimestamp":279212225,"flicking":true,"velocity":752.8093909438747}
{"coastSample":5,"contentY":433.60108984375,"endTimestamp":279212225,"flicking":true,"velocity":734.0573979591815}
{"coastSample":6,"contentY":450.6784099968112,"endTimestamp":279212225,"flicking":true,"velocity":698.0535714285642}
{"coastSample":7,"contentY":462.91933984375,"endTimestamp":279212225,"flicking":true,"velocity":671.0507015306083}
{"coastSample":8,"contentY":474.67421803252546,"endTimestamp":279212225,"flicking":true,"velocity":644.0478316326524}
{"coastSample":9,"contentY":489.59130859375,"endTimestamp":279212225,"flicking":true,"velocity":608.0440051020446}
{"coastSample":10,"contentY":500.78785682397955,"endTimestamp":279212225,"flicking":true,"velocity":579.5409757652976}
{"coastSample":11,"contentY":514.1567828443877,"endTimestamp":279212225,"flicking":true,"velocity":543.5371492346993}
{"coastSample":12,"contentY":520.5172114158163,"endTimestamp":279212225,"flicking":true,"velocity":525.5352359693765}
{"coastSample":13,"contentY":529.6528112244898,"endTimestamp":279212225,"flicking":true,"velocity":498.5323660714395}
{"coastSample":14,"contentY":541.0775306122449,"endTimestamp":279212225,"flicking":true,"velocity":462.5285395408317}
{"coastSample":15,"contentY":549.5092849968112,"endTimestamp":279212225,"flicking":true,"velocity":434.02551020407526}
{"angleX":0,"angleY":0,"contentY":611,"deviceType":4,"inverted":false,"overViewport":true,"phase":1,"pixelX":0,"pixelY":0,"pointerX":750.40234375,"pointerY":442.890625,"source":0,"timestamp":279213004}
{"angleX":0,"angleY":0,"contentY":611,"deviceType":4,"inverted":false,"overViewport":true,"phase":1,"pixelX":0,"pixelY":0,"pointerX":750.40234375,"pointerY":442.890625,"source":0,"timestamp":279213004}
{"angleX":26,"angleY":-39,"contentY":611,"deviceType":4,"inverted":true,"overViewport":true,"phase":2,"pixelX":2,"pixelY":-3,"pointerX":750.40234375,"pointerY":442.890625,"source":1,"timestamp":279213004}
{"angleX":0,"angleY":0,"contentY":611,"deviceType":4,"inverted":true,"overViewport":true,"phase":2,"pixelX":0,"pixelY":0,"pointerX":750.40234375,"pointerY":442.890625,"source":1,"timestamp":279213004}
{"angleX":33,"angleY":-43,"contentY":611,"deviceType":4,"inverted":true,"overViewport":true,"phase":2,"pixelX":3,"pixelY":-4,"pointerX":750.40234375,"pointerY":442.890625,"source":1,"timestamp":279213012}
{"angleX":0,"angleY":0,"contentY":611,"deviceType":4,"inverted":true,"overViewport":true,"phase":2,"pixelX":0,"pixelY":0,"pointerX":750.40234375,"pointerY":442.890625,"source":1,"timestamp":279213012}
{"angleX":37,"angleY":-45,"contentY":611,"deviceType":4,"inverted":true,"overViewport":true,"phase":2,"pixelX":3,"pixelY":-4,"pointerX":750.40234375,"pointerY":442.890625,"source":1,"timestamp":279213019}
{"angleX":0,"angleY":0,"contentY":611,"deviceType":4,"inverted":true,"overViewport":true,"phase":2,"pixelX":0,"pixelY":0,"pointerX":750.40234375,"pointerY":442.890625,"source":1,"timestamp":279213019}
{"angleX":35,"angleY":-45,"contentY":611,"deviceType":4,"inverted":true,"overViewport":true,"phase":2,"pixelX":3,"pixelY":-3,"pointerX":750.40234375,"pointerY":442.890625,"source":1,"timestamp":279213026}
{"angleX":0,"angleY":0,"contentY":611,"deviceType":4,"inverted":true,"overViewport":true,"phase":2,"pixelX":0,"pixelY":0,"pointerX":750.40234375,"pointerY":442.890625,"source":1,"timestamp":279213026}
{"angleX":37,"angleY":-51,"contentY":611,"deviceType":4,"inverted":true,"overViewport":true,"phase":2,"pixelX":3,"pixelY":-4,"pointerX":750.40234375,"pointerY":442.890625,"source":1,"timestamp":279213033}
{"angleX":0,"angleY":0,"contentY":611,"deviceType":4,"inverted":true,"overViewport":true,"phase":2,"pixelX":0,"pixelY":0,"pointerX":750.40234375,"pointerY":442.890625,"source":1,"timestamp":279213033}
{"angleX":39,"angleY":-53,"contentY":611,"deviceType":4,"inverted":true,"overViewport":true,"phase":2,"pixelX":3,"pixelY":-5,"pointerX":750.40234375,"pointerY":442.890625,"source":1,"timestamp":279213040}
{"angleX":0,"angleY":0,"contentY":611,"deviceType":4,"inverted":true,"overViewport":true,"phase":2,"pixelX":0,"pixelY":0,"pointerX":750.40234375,"pointerY":442.890625,"source":1,"timestamp":279213040}
{"angleX":41,"angleY":-55,"contentY":611,"deviceType":4,"inverted":true,"overViewport":true,"phase":2,"pixelX":4,"pixelY":-4,"pointerX":750.40234375,"pointerY":442.890625,"source":1,"timestamp":279213048}
{"angleX":0,"angleY":0,"contentY":611,"deviceType":4,"inverted":true,"overViewport":true,"phase":2,"pixelX":0,"pixelY":0,"pointerX":750.40234375,"pointerY":442.890625,"source":1,"timestamp":279213048}
{"angleX":47,"angleY":-61,"contentY":611,"deviceType":4,"inverted":true,"overViewport":true,"phase":2,"pixelX":3,"pixelY":-6,"pointerX":750.40234375,"pointerY":442.890625,"source":1,"timestamp":279213055}
{"angleX":0,"angleY":0,"contentY":611,"deviceType":4,"inverted":true,"overViewport":true,"phase":2,"pixelX":0,"pixelY":0,"pointerX":750.40234375,"pointerY":442.890625,"source":1,"timestamp":279213055}
{"angleX":47,"angleY":-63,"contentY":611,"deviceType":4,"inverted":true,"overViewport":true,"phase":2,"pixelX":4,"pixelY":-5,"pointerX":750.40234375,"pointerY":442.890625,"source":1,"timestamp":279213062}
{"angleX":0,"angleY":0,"contentY":611,"deviceType":4,"inverted":true,"overViewport":true,"phase":2,"pixelX":0,"pixelY":0,"pointerX":750.40234375,"pointerY":442.890625,"source":1,"timestamp":279213062}
{"angleX":55,"angleY":-67,"contentY":611,"deviceType":4,"inverted":true,"overViewport":true,"phase":2,"pixelX":5,"pixelY":-5,"pointerX":750.40234375,"pointerY":442.890625,"source":1,"timestamp":279213069}
{"angleX":0,"angleY":0,"contentY":611,"deviceType":4,"inverted":true,"overViewport":true,"phase":2,"pixelX":0,"pixelY":0,"pointerX":750.40234375,"pointerY":442.890625,"source":1,"timestamp":279213069}
{"angleX":57,"angleY":-75,"contentY":611,"deviceType":4,"inverted":true,"overViewport":true,"phase":2,"pixelX":5,"pixelY":-7,"pointerX":750.40234375,"pointerY":442.890625,"source":1,"timestamp":279213076}
{"angleX":0,"angleY":0,"contentY":611,"deviceType":4,"inverted":true,"overViewport":true,"phase":2,"pixelX":0,"pixelY":0,"pointerX":750.40234375,"pointerY":442.890625,"source":1,"timestamp":279213076}
{"angleX":67,"angleY":-81,"contentY":611,"deviceType":4,"inverted":true,"overViewport":true,"phase":2,"pixelX":5,"pixelY":-7,"pointerX":750.40234375,"pointerY":442.890625,"source":1,"timestamp":279213084}
{"angleX":0,"angleY":0,"contentY":611,"deviceType":4,"inverted":true,"overViewport":true,"phase":2,"pixelX":0,"pixelY":0,"pointerX":750.40234375,"pointerY":442.890625,"source":1,"timestamp":279213084}
{"angleX":77,"angleY":-94,"contentY":611,"deviceType":4,"inverted":true,"overViewport":true,"phase":2,"pixelX":7,"pixelY":-7,"pointerX":750.40234375,"pointerY":442.890625,"source":1,"timestamp":279213091}
{"angleX":0,"angleY":0,"contentY":611,"deviceType":4,"inverted":true,"overViewport":true,"phase":2,"pixelX":0,"pixelY":0,"pointerX":750.40234375,"pointerY":442.890625,"source":1,"timestamp":279213091}
{"angleX":75,"angleY":-90,"contentY":611,"deviceType":4,"inverted":true,"overViewport":true,"phase":2,"pixelX":6,"pixelY":-8,"pointerX":750.40234375,"pointerY":442.890625,"source":1,"timestamp":279213098}
{"angleX":0,"angleY":0,"contentY":611,"deviceType":4,"inverted":true,"overViewport":true,"phase":2,"pixelX":0,"pixelY":0,"pointerX":750.40234375,"pointerY":442.890625,"source":1,"timestamp":279213098}
{"angleX":73,"angleY":-90,"contentY":611,"deviceType":4,"inverted":true,"overViewport":true,"phase":2,"pixelX":6,"pixelY":-7,"pointerX":750.40234375,"pointerY":442.890625,"source":1,"timestamp":279213105}
{"angleX":0,"angleY":0,"contentY":611,"deviceType":4,"inverted":true,"overViewport":true,"phase":2,"pixelX":0,"pixelY":0,"pointerX":750.40234375,"pointerY":442.890625,"source":1,"timestamp":279213105}
{"angleX":73,"angleY":-92,"contentY":611,"deviceType":4,"inverted":true,"overViewport":true,"phase":2,"pixelX":6,"pixelY":-8,"pointerX":750.40234375,"pointerY":442.890625,"source":1,"timestamp":279213112}
{"angleX":0,"angleY":0,"contentY":611,"deviceType":4,"inverted":true,"overViewport":true,"phase":2,"pixelX":0,"pixelY":0,"pointerX":750.40234375,"pointerY":442.890625,"source":1,"timestamp":279213112}
{"angleX":63,"angleY":-86,"contentY":611,"deviceType":4,"inverted":true,"overViewport":true,"phase":2,"pixelX":5,"pixelY":-7,"pointerX":750.40234375,"pointerY":442.890625,"source":1,"timestamp":279213119}
{"angleX":0,"angleY":0,"contentY":611,"deviceType":4,"inverted":true,"overViewport":true,"phase":2,"pixelX":0,"pixelY":0,"pointerX":750.40234375,"pointerY":442.890625,"source":1,"timestamp":279213119}
{"angleX":0,"angleY":0,"contentY":611,"deviceType":4,"inverted":true,"overViewport":true,"phase":3,"pixelX":0,"pixelY":0,"pointerX":750.40234375,"pointerY":442.890625,"source":0,"timestamp":279213147}
{"angleX":0,"angleY":0,"contentY":611,"deviceType":4,"inverted":true,"overViewport":true,"phase":3,"pixelX":0,"pixelY":0,"pointerX":750.40234375,"pointerY":442.890625,"source":0,"timestamp":279213147}
{"coastSample":1,"contentY":642.8689335490294,"endTimestamp":279213147,"flicking":true,"velocity":993.0313588850291}
{"coastSample":2,"contentY":665.6937220009955,"endTimestamp":279213147,"flicking":true,"velocity":925.8337481333948}
{"coastSample":3,"contentY":681.7539509706321,"endTimestamp":279213147,"flicking":true,"velocity":875.4355400696833}
{"coastSample":4,"contentY":701.7564397710304,"endTimestamp":279213147,"flicking":true,"velocity":808.2379293180679}
{"coastSample":5,"contentY":716.4479840716774,"endTimestamp":279213147,"flicking":true,"velocity":755.0398208063598}
{"coastSample":6,"contentY":725.2060726729717,"endTimestamp":279213147,"flicking":true,"velocity":721.441015430571}
{"coastSample":7,"contentY":741.5126928820309,"endTimestamp":279213147,"flicking":true,"velocity":654.2434046789557}
{"coastSample":8,"contentY":756.2065704330513,"endTimestamp":279213147,"flicking":true,"velocity":587.0457939273402}
{"coastSample":9,"contentY":766.1686162269787,"endTimestamp":279213147,"flicking":true,"velocity":536.6475858636287}
{"coastSample":10,"contentY":775.6999440019911,"endTimestamp":279213147,"flicking":true,"velocity":483.4494773519206}
{"coastSample":11,"contentY":781.1989484818318,"endTimestamp":279213147,"flicking":true,"velocity":449.8506719761129}
{"coastSample":12,"contentY":788.6914820806371,"endTimestamp":279213147,"flicking":true,"velocity":399.45246391240136}
{"coastSample":13,"contentY":797.2703770532603,"endTimestamp":279213147,"flicking":true,"velocity":332.254853160767}
{"coastSample":14,"contentY":802.6461859133898,"endTimestamp":279213147,"flicking":true,"velocity":281.8566450970555}
{"coastSample":15,"contentY":808.6076406172225,"endTimestamp":279213147,"flicking":true,"velocity":211.85913389746247}
{"angleX":0,"angleY":0,"contentY":816,"deviceType":4,"inverted":false,"overViewport":true,"phase":1,"pixelX":0,"pixelY":0,"pointerX":750.40234375,"pointerY":442.890625,"source":0,"timestamp":279213840}
{"angleX":0,"angleY":0,"contentY":816,"deviceType":4,"inverted":false,"overViewport":true,"phase":1,"pixelX":0,"pixelY":0,"pointerX":750.40234375,"pointerY":442.890625,"source":0,"timestamp":279213840}
{"angleX":0,"angleY":94,"contentY":816,"deviceType":4,"inverted":true,"overViewport":true,"phase":2,"pixelX":0,"pixelY":8,"pointerX":750.40234375,"pointerY":442.890625,"source":1,"timestamp":279213840}
{"angleX":0,"angleY":112,"contentY":816,"deviceType":4,"inverted":true,"overViewport":true,"phase":2,"pixelX":0,"pixelY":9,"pointerX":750.40234375,"pointerY":442.890625,"source":1,"timestamp":279213847}
{"angleX":0,"angleY":116,"contentY":816,"deviceType":4,"inverted":true,"overViewport":true,"phase":2,"pixelX":0,"pixelY":10,"pointerX":750.40234375,"pointerY":442.890625,"source":1,"timestamp":279213854}
{"angleX":0,"angleY":112,"contentY":816,"deviceType":4,"inverted":true,"overViewport":true,"phase":2,"pixelX":0,"pixelY":9,"pointerX":750.40234375,"pointerY":442.890625,"source":1,"timestamp":279213861}
{"angleX":0,"angleY":108,"contentY":807,"deviceType":4,"inverted":true,"overViewport":true,"phase":2,"pixelX":0,"pixelY":9,"pointerX":750.40234375,"pointerY":442.890625,"source":1,"timestamp":279213869}
{"angleX":0,"angleY":108,"contentY":798,"deviceType":4,"inverted":true,"overViewport":true,"phase":2,"pixelX":0,"pixelY":9,"pointerX":750.40234375,"pointerY":442.890625,"source":1,"timestamp":279213876}
{"angleX":0,"angleY":108,"contentY":789,"deviceType":4,"inverted":true,"overViewport":true,"phase":2,"pixelX":0,"pixelY":9,"pointerX":750.40234375,"pointerY":442.890625,"source":1,"timestamp":279213883}
{"angleX":0,"angleY":0,"contentY":780,"deviceType":4,"inverted":true,"overViewport":true,"phase":3,"pixelX":0,"pixelY":0,"pointerX":750.40234375,"pointerY":442.890625,"source":0,"timestamp":279213918}
{"angleX":0,"angleY":0,"contentY":780,"deviceType":4,"inverted":true,"overViewport":true,"phase":3,"pixelX":0,"pixelY":0,"pointerX":750.40234375,"pointerY":442.890625,"source":0,"timestamp":279213918}
{"coastSample":1,"contentY":743.3090849031526,"endTimestamp":279213918,"flicking":true,"velocity":-1205.0263343822774}
{"coastSample":2,"contentY":714.928577943357,"endTimestamp":279213918,"flicking":true,"velocity":-1169.017996690324}
{"coastSample":3,"contentY":694.2103290421585,"endTimestamp":279213918,"flicking":true,"velocity":-1142.0117434213732}
{"coastSample":4,"contentY":667.3421722654246,"endTimestamp":279213918,"flicking":true,"velocity":-1106.0034057294388}
{"coastSample":5,"contentY":659.6684142321928,"endTimestamp":279213918,"flicking":true,"velocity":-1096.2511476045295}
{"coastSample":6,"contentY":633.9165159239092,"endTimestamp":279213918,"flicking":true,"velocity":-1059.4926362106776}
{"coastSample":7,"contentY":609.0288177202322,"endTimestamp":279213918,"flicking":true,"velocity":-1023.4842985187242}
{"coastSample":8,"contentY":590.9301753861225,"endTimestamp":279213918,"flicking":true,"velocity":-996.4780452497735}
{"coastSample":9,"contentY":573.317645610854,"endTimestamp":279213918,"flicking":true,"velocity":-969.4717919808227}
{"coastSample":10,"contentY":555.2540140716285,"endTimestamp":279213918,"flicking":true,"velocity":-941.7153650099408}
{"coastSample":11,"contentY":533.2109745456149,"endTimestamp":279213918,"flicking":true,"velocity":-904.9568536160754}
{"coastSample":12,"contentY":522.5135298218356,"endTimestamp":279213918,"flicking":true,"velocity":-886.9526847701081}
{"coastSample":13,"contentY":506.87245653520114,"endTimestamp":279213918,"flicking":true,"velocity":-859.9464315011479}
{"coastSample":14,"contentY":486.77386724455255,"endTimestamp":279213918,"flicking":true,"velocity":-823.938093809204}
{"coastSample":15,"contentY":471.47537597058744,"endTimestamp":279213918,"flicking":true,"velocity":-796.1816668383383}
{"angleX":0,"angleY":0,"contentY":263,"deviceType":4,"inverted":false,"overViewport":true,"phase":1,"pixelX":0,"pixelY":0,"pointerX":750.9453125,"pointerY":460.08203125,"source":0,"timestamp":279214906}
{"angleX":0,"angleY":0,"contentY":263,"deviceType":4,"inverted":false,"overViewport":true,"phase":1,"pixelX":0,"pixelY":0,"pointerX":750.9453125,"pointerY":460.08203125,"source":0,"timestamp":279214906}
{"angleX":0,"angleY":104,"contentY":263,"deviceType":4,"inverted":true,"overViewport":true,"phase":2,"pixelX":0,"pixelY":9,"pointerX":750.9453125,"pointerY":460.08203125,"source":1,"timestamp":279214906}
{"angleX":0,"angleY":104,"contentY":263,"deviceType":4,"inverted":true,"overViewport":true,"phase":2,"pixelX":0,"pixelY":8,"pointerX":750.9453125,"pointerY":460.08203125,"source":1,"timestamp":279214913}
{"angleX":0,"angleY":98,"contentY":263,"deviceType":4,"inverted":true,"overViewport":true,"phase":2,"pixelX":0,"pixelY":8,"pointerX":750.9453125,"pointerY":460.08203125,"source":1,"timestamp":279214921}
{"angleX":0,"angleY":88,"contentY":263,"deviceType":4,"inverted":true,"overViewport":true,"phase":2,"pixelX":0,"pixelY":8,"pointerX":750.9453125,"pointerY":460.08203125,"source":1,"timestamp":279214928}
{"angleX":0,"angleY":86,"contentY":255,"deviceType":4,"inverted":true,"overViewport":true,"phase":2,"pixelX":0,"pixelY":7,"pointerX":750.9453125,"pointerY":460.08203125,"source":1,"timestamp":279214935}
{"angleX":0,"angleY":86,"contentY":248,"deviceType":4,"inverted":true,"overViewport":true,"phase":2,"pixelX":0,"pixelY":7,"pointerX":750.9453125,"pointerY":460.08203125,"source":1,"timestamp":279214942}
{"angleX":0,"angleY":81,"contentY":241,"deviceType":4,"inverted":true,"overViewport":true,"phase":2,"pixelX":0,"pixelY":7,"pointerX":750.9453125,"pointerY":460.08203125,"source":1,"timestamp":279214949}
{"angleX":0,"angleY":77,"contentY":234,"deviceType":4,"inverted":true,"overViewport":true,"phase":2,"pixelX":0,"pixelY":6,"pointerX":750.9453125,"pointerY":460.08203125,"source":1,"timestamp":279214957}
{"angleX":0,"angleY":69,"contentY":228,"deviceType":4,"inverted":true,"overViewport":true,"phase":2,"pixelX":0,"pixelY":6,"pointerX":750.9453125,"pointerY":460.08203125,"source":1,"timestamp":279214964}
{"angleX":0,"angleY":71,"contentY":222,"deviceType":4,"inverted":true,"overViewport":true,"phase":2,"pixelX":0,"pixelY":6,"pointerX":750.9453125,"pointerY":460.08203125,"source":1,"timestamp":279214971}
{"angleX":0,"angleY":71,"contentY":216,"deviceType":4,"inverted":true,"overViewport":true,"phase":2,"pixelX":0,"pixelY":6,"pointerX":750.9453125,"pointerY":460.08203125,"source":1,"timestamp":279214978}
{"angleX":0,"angleY":75,"contentY":210,"deviceType":4,"inverted":true,"overViewport":true,"phase":2,"pixelX":0,"pixelY":6,"pointerX":750.9453125,"pointerY":460.08203125,"source":1,"timestamp":279214985}
{"angleX":0,"angleY":86,"contentY":204,"deviceType":4,"inverted":true,"overViewport":true,"phase":2,"pixelX":0,"pixelY":7,"pointerX":750.9453125,"pointerY":460.08203125,"source":1,"timestamp":279214992}
{"angleX":0,"angleY":0,"contentY":197,"deviceType":4,"inverted":true,"overViewport":true,"phase":3,"pixelX":0,"pixelY":0,"pointerX":750.9453125,"pointerY":460.08203125,"source":0,"timestamp":279215006}
{"angleX":0,"angleY":0,"contentY":197,"deviceType":4,"inverted":true,"overViewport":true,"phase":3,"pixelX":0,"pixelY":0,"pointerX":750.9453125,"pointerY":460.08203125,"source":0,"timestamp":279215006}
{"coastSample":1,"contentY":171.12478633585414,"endTimestamp":279215006,"flicking":true,"velocity":-838.2271055630355}
{"coastSample":2,"contentY":156.4737387340723,"endTimestamp":279215006,"flicking":true,"velocity":-801.8070807002999}
{"coastSample":3,"contentY":137.95876929451984,"endTimestamp":279215006,"flicking":true,"velocity":-753.2470475499858}
{"coastSample":4,"contentY":120.60924065057495,"endTimestamp":279215006,"flicking":true,"velocity":-704.6870143996695}
{"coastSample":5,"contentY":107.70072937169792,"endTimestamp":279215006,"flicking":true,"velocity":-666.2436548223359}
{"coastSample":6,"contentY":99.92432566300631,"endTimestamp":279215006,"flicking":true,"velocity":-641.9636382471765}
{"coastSample":7,"contentY":85.2455988423288,"endTimestamp":279215006,"flicking":true,"velocity":-593.4036050968601}
{"coastSample":8,"contentY":75.00137424893813,"endTimestamp":279215006,"flicking":true,"velocity":-556.9835802341246}
{"coastSample":9,"contentY":62.36216882057391,"endTimestamp":279215006,"flicking":true,"velocity":-508.42354708380816}
{"coastSample":10,"contentY":53.18266342069825,"endTimestamp":279215006,"flicking":true,"velocity":-469.9801875064745}
{"coastSample":11,"contentY":45.16006034393453,"endTimestamp":279215006,"flicking":true,"velocity":-433.56016264373903}
{"coastSample":12,"contentY":37.793017714700085,"endTimestamp":279215006,"flicking":true,"velocity":-397.14013778100343}
{"coastSample":13,"contentY":33.245856210504485,"endTimestamp":279215006,"flicking":true,"velocity":-372.8601212058417}
{"coastSample":14,"contentY":25.025613798819023,"endTimestamp":279215006,"flicking":true,"velocity":-324.3000880555229}
{"coastSample":15,"contentY":19.34445412048069,"endTimestamp":279215006,"flicking":true,"velocity":-286.86839583549175}
{"angleX":0,"angleY":0,"contentY":0,"deviceType":4,"inverted":false,"overViewport":true,"phase":1,"pixelX":0,"pixelY":0,"pointerX":750.9453125,"pointerY":460.08203125,"source":0,"timestamp":279215735}
{"angleX":0,"angleY":0,"contentY":0,"deviceType":4,"inverted":false,"overViewport":true,"phase":1,"pixelX":0,"pixelY":0,"pointerX":750.9453125,"pointerY":460.08203125,"source":0,"timestamp":279215735}
{"angleX":0,"angleY":110,"contentY":0,"deviceType":4,"inverted":true,"overViewport":true,"phase":2,"pixelX":0,"pixelY":9,"pointerX":750.9453125,"pointerY":460.08203125,"source":1,"timestamp":279215735}
{"angleX":0,"angleY":106,"contentY":0,"deviceType":4,"inverted":true,"overViewport":true,"phase":2,"pixelX":0,"pixelY":9,"pointerX":750.9453125,"pointerY":460.08203125,"source":1,"timestamp":279215742}
{"angleX":0,"angleY":108,"contentY":0,"deviceType":4,"inverted":true,"overViewport":true,"phase":2,"pixelX":0,"pixelY":9,"pointerX":750.9453125,"pointerY":460.08203125,"source":1,"timestamp":279215749}
{"angleX":0,"angleY":110,"contentY":0,"deviceType":4,"inverted":true,"overViewport":true,"phase":2,"pixelX":0,"pixelY":9,"pointerX":750.9453125,"pointerY":460.08203125,"source":1,"timestamp":279215756}
{"angleX":0,"angleY":114,"contentY":0,"deviceType":4,"inverted":true,"overViewport":true,"phase":2,"pixelX":0,"pixelY":10,"pointerX":750.9453125,"pointerY":460.08203125,"source":1,"timestamp":279215763}
{"angleX":0,"angleY":110,"contentY":0,"deviceType":4,"inverted":true,"overViewport":true,"phase":2,"pixelX":0,"pixelY":9,"pointerX":750.9453125,"pointerY":460.08203125,"source":1,"timestamp":279215771}
{"angleX":0,"angleY":104,"contentY":0,"deviceType":4,"inverted":true,"overViewport":true,"phase":2,"pixelX":0,"pixelY":8,"pointerX":750.9453125,"pointerY":460.08203125,"source":1,"timestamp":279215778}
{"angleX":0,"angleY":104,"contentY":0,"deviceType":4,"inverted":true,"overViewport":true,"phase":2,"pixelX":0,"pixelY":9,"pointerX":750.9453125,"pointerY":460.08203125,"source":1,"timestamp":279215785}
{"angleX":0,"angleY":110,"contentY":0,"deviceType":4,"inverted":true,"overViewport":true,"phase":2,"pixelX":0,"pixelY":9,"pointerX":750.9453125,"pointerY":460.08203125,"source":1,"timestamp":279215792}
{"angleX":0,"angleY":110,"contentY":0,"deviceType":4,"inverted":true,"overViewport":true,"phase":2,"pixelX":0,"pixelY":9,"pointerX":750.9453125,"pointerY":460.08203125,"source":1,"timestamp":279215799}
{"angleX":0,"angleY":114,"contentY":0,"deviceType":4,"inverted":true,"overViewport":true,"phase":2,"pixelX":0,"pixelY":10,"pointerX":750.9453125,"pointerY":460.08203125,"source":1,"timestamp":279215806}
{"angleX":0,"angleY":124,"contentY":0,"deviceType":4,"inverted":true,"overViewport":true,"phase":2,"pixelX":0,"pixelY":10,"pointerX":750.9453125,"pointerY":460.08203125,"source":1,"timestamp":279215814}
{"angleX":0,"angleY":130,"contentY":0,"deviceType":4,"inverted":true,"overViewport":true,"phase":2,"pixelX":0,"pixelY":11,"pointerX":750.9453125,"pointerY":460.08203125,"source":1,"timestamp":279215821}
{"angleX":0,"angleY":0,"contentY":0,"deviceType":4,"inverted":true,"overViewport":true,"phase":3,"pixelX":0,"pixelY":0,"pointerX":750.9453125,"pointerY":460.08203125,"source":0,"timestamp":279215841}
{"angleX":0,"angleY":0,"contentY":0,"deviceType":4,"inverted":true,"overViewport":true,"phase":3,"pixelX":0,"pixelY":0,"pointerX":750.9453125,"pointerY":460.08203125,"source":0,"timestamp":279215841}
{"coastSample":1,"contentY":0,"endTimestamp":279215841,"flicking":false,"velocity":0}
{"coastSample":2,"contentY":0,"endTimestamp":279215841,"flicking":false,"velocity":0}
{"coastSample":3,"contentY":0,"endTimestamp":279215841,"flicking":false,"velocity":0}
{"coastSample":4,"contentY":0,"endTimestamp":279215841,"flicking":false,"velocity":0}
{"coastSample":5,"contentY":0,"endTimestamp":279215841,"flicking":false,"velocity":0}
{"coastSample":6,"contentY":0,"endTimestamp":279215841,"flicking":false,"velocity":0}
{"coastSample":7,"contentY":0,"endTimestamp":279215841,"flicking":false,"velocity":0}
{"coastSample":8,"contentY":0,"endTimestamp":279215841,"flicking":false,"velocity":0}
{"coastSample":9,"contentY":0,"endTimestamp":279215841,"flicking":false,"velocity":0}
{"coastSample":10,"contentY":0,"endTimestamp":279215841,"flicking":false,"velocity":0}
{"coastSample":11,"contentY":0,"endTimestamp":279215841,"flicking":false,"velocity":0}
{"coastSample":12,"contentY":0,"endTimestamp":279215841,"flicking":false,"velocity":0}
{"coastSample":13,"contentY":0,"endTimestamp":279215841,"flicking":false,"velocity":0}
{"coastSample":14,"contentY":0,"endTimestamp":279215841,"flicking":false,"velocity":0}
{"coastSample":15,"contentY":0,"endTimestamp":279215841,"flicking":false,"velocity":0}
{"angleX":0,"angleY":0,"contentY":0,"deviceType":4,"inverted":false,"overViewport":true,"phase":1,"pixelX":0,"pixelY":0,"pointerX":750.9453125,"pointerY":460.08203125,"source":0,"timestamp":279216246}
{"angleX":0,"angleY":0,"contentY":0,"deviceType":4,"inverted":false,"overViewport":true,"phase":1,"pixelX":0,"pixelY":0,"pointerX":750.9453125,"pointerY":460.08203125,"source":0,"timestamp":279216246}
{"angleX":0,"angleY":-63,"contentY":0,"deviceType":4,"inverted":true,"overViewport":true,"phase":2,"pixelX":0,"pixelY":-5,"pointerX":750.9453125,"pointerY":460.08203125,"source":1,"timestamp":279216246}
{"angleX":0,"angleY":-63,"contentY":0,"deviceType":4,"inverted":true,"overViewport":true,"phase":2,"pixelX":0,"pixelY":-6,"pointerX":750.9453125,"pointerY":460.08203125,"source":1,"timestamp":279216253}
{"angleX":0,"angleY":-65,"contentY":0,"deviceType":4,"inverted":true,"overViewport":true,"phase":2,"pixelX":0,"pixelY":-5,"pointerX":750.9453125,"pointerY":460.08203125,"source":1,"timestamp":279216260}
{"angleX":0,"angleY":-71,"contentY":0,"deviceType":4,"inverted":true,"overViewport":true,"phase":2,"pixelX":0,"pixelY":-6,"pointerX":750.9453125,"pointerY":460.08203125,"source":1,"timestamp":279216267}
{"angleX":0,"angleY":-81,"contentY":6,"deviceType":4,"inverted":true,"overViewport":true,"phase":2,"pixelX":0,"pixelY":-7,"pointerX":750.9453125,"pointerY":460.08203125,"source":1,"timestamp":279216275}
{"angleX":0,"angleY":-83,"contentY":13,"deviceType":4,"inverted":true,"overViewport":true,"phase":2,"pixelX":0,"pixelY":-7,"pointerX":750.9453125,"pointerY":460.08203125,"source":1,"timestamp":279216282}
{"angleX":0,"angleY":-83,"contentY":20,"deviceType":4,"inverted":true,"overViewport":true,"phase":2,"pixelX":0,"pixelY":-7,"pointerX":750.9453125,"pointerY":460.08203125,"source":1,"timestamp":279216289}
{"angleX":0,"angleY":-81,"contentY":27,"deviceType":4,"inverted":true,"overViewport":true,"phase":2,"pixelX":0,"pixelY":-6,"pointerX":750.9453125,"pointerY":460.08203125,"source":1,"timestamp":279216296}
{"angleX":0,"angleY":-75,"contentY":33,"deviceType":4,"inverted":true,"overViewport":true,"phase":2,"pixelX":0,"pixelY":-7,"pointerX":750.9453125,"pointerY":460.08203125,"source":1,"timestamp":279216303}
{"angleX":0,"angleY":-73,"contentY":40,"deviceType":4,"inverted":true,"overViewport":true,"phase":2,"pixelX":0,"pixelY":-6,"pointerX":750.9453125,"pointerY":460.08203125,"source":1,"timestamp":279216311}
{"angleX":0,"angleY":-71,"contentY":46,"deviceType":4,"inverted":true,"overViewport":true,"phase":2,"pixelX":0,"pixelY":-6,"pointerX":750.9453125,"pointerY":460.08203125,"source":1,"timestamp":279216318}
{"angleX":0,"angleY":-67,"contentY":52,"deviceType":4,"inverted":true,"overViewport":true,"phase":2,"pixelX":0,"pixelY":-5,"pointerX":750.9453125,"pointerY":460.08203125,"source":1,"timestamp":279216325}
{"angleX":0,"angleY":-67,"contentY":57,"deviceType":4,"inverted":true,"overViewport":true,"phase":2,"pixelX":0,"pixelY":-6,"pointerX":750.9453125,"pointerY":460.08203125,"source":1,"timestamp":279216332}
{"angleX":0,"angleY":-61,"contentY":63,"deviceType":4,"inverted":true,"overViewport":true,"phase":2,"pixelX":0,"pixelY":-5,"pointerX":750.9453125,"pointerY":460.08203125,"source":1,"timestamp":279216339}
{"angleX":0,"angleY":-63,"contentY":68,"deviceType":4,"inverted":true,"overViewport":true,"phase":2,"pixelX":0,"pixelY":-5,"pointerX":750.9453125,"pointerY":460.08203125,"source":1,"timestamp":279216347}
{"angleX":0,"angleY":0,"contentY":73,"deviceType":4,"inverted":true,"overViewport":true,"phase":3,"pixelX":0,"pixelY":0,"pointerX":750.9453125,"pointerY":460.08203125,"source":0,"timestamp":279216360}
{"angleX":0,"angleY":0,"contentY":73,"deviceType":4,"inverted":true,"overViewport":true,"phase":3,"pixelX":0,"pixelY":0,"pointerX":750.9453125,"pointerY":460.08203125,"source":0,"timestamp":279216360}
{"coastSample":1,"contentY":85.855893357078,"endTimestamp":279216360,"flicking":true,"velocity":705.2414484066934}
{"coastSample":2,"contentY":98.22714485688343,"endTimestamp":279216360,"flicking":true,"velocity":678.3169007804398}
{"coastSample":3,"contentY":113.9682595230889,"endTimestamp":279216360,"flicking":true,"velocity":642.4175039454359}
{"coastSample":4,"contentY":128.84778866525426,"endTimestamp":279216360,"flicking":true,"velocity":606.518107110432}
{"coastSample":5,"contentY":140.016378252506,"endTimestamp":279216360,"flicking":true,"velocity":578.8456553834505}
{"coastSample":6,"contentY":150.09904320407983,"endTimestamp":279216360,"flicking":true,"velocity":551.1732036564609}
{"coastSample":7,"contentY":159.69706629838112,"endTimestamp":279216360,"flicking":true,"velocity":524.2486560302098}
{"coastSample":8,"contentY":168.81044753540982,"endTimestamp":279216360,"flicking":true,"velocity":497.32410840395386}
{"coastSample":9,"contentY":180.20773518457963,"endTimestamp":279216360,"flicking":true,"velocity":461.42471156894277}
{"coastSample":10,"contentY":191.16372729573823,"endTimestamp":279216360,"flicking":true,"velocity":424.7774106332177}
{"coastSample":11,"contentY":198.4731638418079,"endTimestamp":279216360,"flicking":true,"velocity":397.1049589062261}
{"coastSample":12,"contentY":207.4651919030324,"endTimestamp":279216360,"flicking":true,"velocity":361.2055620712293}
{"coastSample":13,"contentY":209.57857618020725,"endTimestamp":279216360,"flicking":true,"velocity":352.23071286247415}
{"coastSample":14,"contentY":217.4936223363816,"endTimestamp":279216360,"flicking":true,"velocity":316.33131602747255}
{"coastSample":15,"contentY":224.82227955900316,"endTimestamp":279216360,"flicking":true,"velocity":279.68401509173594}
{"angleX":0,"angleY":0,"contentY":250,"deviceType":4,"inverted":false,"overViewport":true,"phase":1,"pixelX":0,"pixelY":0,"pointerX":750.9453125,"pointerY":460.08203125,"source":0,"timestamp":279217197}
{"angleX":0,"angleY":0,"contentY":250,"deviceType":4,"inverted":false,"overViewport":true,"phase":1,"pixelX":0,"pixelY":0,"pointerX":750.9453125,"pointerY":460.08203125,"source":0,"timestamp":279217197}
{"angleX":0,"angleY":-55,"contentY":250,"deviceType":4,"inverted":true,"overViewport":true,"phase":2,"pixelX":0,"pixelY":-5,"pointerX":750.9453125,"pointerY":460.08203125,"source":1,"timestamp":279217197}
{"angleX":0,"angleY":-65,"contentY":250,"deviceType":4,"inverted":true,"overViewport":true,"phase":2,"pixelX":0,"pixelY":-5,"pointerX":750.9453125,"pointerY":460.08203125,"source":1,"timestamp":279217204}
{"angleX":0,"angleY":-69,"contentY":250,"deviceType":4,"inverted":true,"overViewport":true,"phase":2,"pixelX":0,"pixelY":-6,"pointerX":750.9453125,"pointerY":460.08203125,"source":1,"timestamp":279217211}
{"angleX":0,"angleY":-73,"contentY":250,"deviceType":4,"inverted":true,"overViewport":true,"phase":2,"pixelX":0,"pixelY":-6,"pointerX":750.9453125,"pointerY":460.08203125,"source":1,"timestamp":279217218}
{"angleX":0,"angleY":-86,"contentY":256,"deviceType":4,"inverted":true,"overViewport":true,"phase":2,"pixelX":0,"pixelY":-7,"pointerX":750.9453125,"pointerY":460.08203125,"source":1,"timestamp":279217225}
{"angleX":0,"angleY":-106,"contentY":263,"deviceType":4,"inverted":true,"overViewport":true,"phase":2,"pixelX":0,"pixelY":-9,"pointerX":750.9453125,"pointerY":460.08203125,"source":1,"timestamp":279217233}
{"angleX":0,"angleY":-118,"contentY":272,"deviceType":4,"inverted":true,"overViewport":true,"phase":2,"pixelX":0,"pixelY":-10,"pointerX":750.9453125,"pointerY":460.08203125,"source":1,"timestamp":279217240}
{"angleX":0,"angleY":-132,"contentY":282,"deviceType":4,"inverted":true,"overViewport":true,"phase":2,"pixelX":0,"pixelY":-11,"pointerX":750.9453125,"pointerY":460.08203125,"source":1,"timestamp":279217247}
{"angleX":0,"angleY":-130,"contentY":293,"deviceType":4,"inverted":true,"overViewport":true,"phase":2,"pixelX":0,"pixelY":-11,"pointerX":750.9453125,"pointerY":460.08203125,"source":1,"timestamp":279217254}
{"angleX":0,"angleY":-126,"contentY":304,"deviceType":4,"inverted":true,"overViewport":true,"phase":2,"pixelX":0,"pixelY":-10,"pointerX":750.9453125,"pointerY":460.08203125,"source":1,"timestamp":279217261}
{"angleX":0,"angleY":-124,"contentY":314,"deviceType":4,"inverted":true,"overViewport":true,"phase":2,"pixelX":0,"pixelY":-10,"pointerX":750.9453125,"pointerY":460.08203125,"source":1,"timestamp":279217269}
{"angleX":0,"angleY":0,"contentY":324,"deviceType":4,"inverted":true,"overViewport":true,"phase":3,"pixelX":0,"pixelY":0,"pointerX":750.9453125,"pointerY":460.08203125,"source":0,"timestamp":279217318}
{"angleX":0,"angleY":0,"contentY":324,"deviceType":4,"inverted":true,"overViewport":true,"phase":3,"pixelX":0,"pixelY":0,"pointerX":750.9453125,"pointerY":460.08203125,"source":0,"timestamp":279217318}
{"coastSample":1,"contentY":366.69208726745273,"endTimestamp":279217318,"flicking":true,"velocity":1397.239521761454}
{"coastSample":2,"contentY":391.3774576903932,"endTimestamp":279217318,"flicking":true,"velocity":1358.4944410309845}
{"coastSample":3,"contentY":423.2064226605276,"endTimestamp":279217318,"flicking":true,"velocity":1306.8343333903651}
{"coastSample":4,"contentY":446.2644996927887,"endTimestamp":279217318,"flicking":true,"velocity":1268.0892526599052}
{"coastSample":5,"contentY":462.4838256734668,"endTimestamp":279217318,"flicking":true,"velocity":1241.1829465970884}
{"coastSample":6,"contentY":491.4714847233672,"endTimestamp":279217318,"flicking":true,"velocity":1188.446586713951}
{"coastSample":7,"contentY":512.3985823154528,"endTimestamp":279217318,"flicking":true,"velocity":1149.7015059834819}
{"coastSample":8,"contentY":532.6282684543902,"endTimestamp":279217318,"flicking":true,"velocity":1110.9564252530315}
{"coastSample":9,"contentY":558.5163210458536,"endTimestamp":279217318,"flicking":true,"velocity":1059.296317612431}
{"coastSample":10,"contentY":570.9954063728197,"endTimestamp":279217318,"flicking":true,"velocity":1033.4662637921117}
{"coastSample":11,"contentY":590.120045569676,"endTimestamp":279217318,"flicking":true,"velocity":992.5686785766175}
{"coastSample":12,"contentY":607.5213408152895,"endTimestamp":279217318,"flicking":true,"velocity":953.8235978461292}
{"coastSample":13,"contentY":624.2252246077546,"endTimestamp":279217318,"flicking":true,"velocity":915.0785171156789}
{"coastSample":14,"contentY":645.4122074039219,"endTimestamp":279217318,"flicking":true,"velocity":863.4184094750594}
{"coastSample":15,"contentY":666.1635721528512,"endTimestamp":279217318,"flicking":true,"velocity":810.6820495919302}
{"angleX":0,"angleY":0,"contentY":816,"deviceType":4,"inverted":false,"overViewport":true,"phase":1,"pixelX":0,"pixelY":0,"pointerX":750.9453125,"pointerY":460.08203125,"source":0,"timestamp":279218680}
{"angleX":0,"angleY":0,"contentY":816,"deviceType":4,"inverted":false,"overViewport":true,"phase":1,"pixelX":0,"pixelY":0,"pointerX":750.9453125,"pointerY":460.08203125,"source":0,"timestamp":279218680}
{"angleX":0,"angleY":2,"contentY":816,"deviceType":4,"inverted":true,"overViewport":true,"phase":2,"pixelX":0,"pixelY":0,"pointerX":750.9453125,"pointerY":460.08203125,"source":1,"timestamp":279218680}
{"angleX":0,"angleY":2,"contentY":816,"deviceType":4,"inverted":true,"overViewport":true,"phase":2,"pixelX":0,"pixelY":0,"pointerX":750.9453125,"pointerY":460.08203125,"source":1,"timestamp":279218695}
{"angleX":0,"angleY":2,"contentY":816,"deviceType":4,"inverted":true,"overViewport":true,"phase":2,"pixelX":0,"pixelY":1,"pointerX":750.9453125,"pointerY":460.08203125,"source":1,"timestamp":279218702}
{"angleX":0,"angleY":4,"contentY":815.8445053366313,"deviceType":4,"inverted":true,"overViewport":true,"phase":2,"pixelX":0,"pixelY":0,"pointerX":750.9453125,"pointerY":460.08203125,"source":1,"timestamp":279218709}
{"angleX":0,"angleY":2,"contentY":815.8445053366313,"deviceType":4,"inverted":true,"overViewport":true,"phase":2,"pixelX":0,"pixelY":0,"pointerX":750.9453125,"pointerY":460.08203125,"source":1,"timestamp":279218716}
{"angleX":0,"angleY":12,"contentY":815.6890106732626,"deviceType":4,"inverted":true,"overViewport":true,"phase":2,"pixelX":0,"pixelY":1,"pointerX":750.9453125,"pointerY":460.08203125,"source":1,"timestamp":279218724}
{"angleX":0,"angleY":2,"contentY":814,"deviceType":4,"inverted":true,"overViewport":true,"phase":2,"pixelX":0,"pixelY":0,"pointerX":750.9453125,"pointerY":460.08203125,"source":1,"timestamp":279218731}
{"angleX":0,"angleY":6,"contentY":813.8445053366313,"deviceType":4,"inverted":true,"overViewport":true,"phase":2,"pixelX":0,"pixelY":1,"pointerX":750.9453125,"pointerY":460.08203125,"source":1,"timestamp":279218738}
{"angleX":0,"angleY":4,"contentY":813,"deviceType":4,"inverted":true,"overViewport":true,"phase":2,"pixelX":0,"pixelY":0,"pointerX":750.9453125,"pointerY":460.08203125,"source":1,"timestamp":279218745}
{"angleX":0,"angleY":6,"contentY":813,"deviceType":4,"inverted":true,"overViewport":true,"phase":2,"pixelX":0,"pixelY":1,"pointerX":750.9453125,"pointerY":460.08203125,"source":1,"timestamp":279218752}
{"angleX":0,"angleY":4,"contentY":812,"deviceType":4,"inverted":true,"overViewport":true,"phase":2,"pixelX":0,"pixelY":0,"pointerX":750.9453125,"pointerY":460.08203125,"source":1,"timestamp":279218760}
{"angleX":0,"angleY":2,"contentY":811.6890106732626,"deviceType":4,"inverted":true,"overViewport":true,"phase":2,"pixelX":0,"pixelY":0,"pointerX":750.9453125,"pointerY":460.08203125,"source":1,"timestamp":279218767}
{"angleX":0,"angleY":6,"contentY":811.5335160098939,"deviceType":4,"inverted":true,"overViewport":true,"phase":2,"pixelX":0,"pixelY":1,"pointerX":750.9453125,"pointerY":460.08203125,"source":1,"timestamp":279218781}
{"angleX":0,"angleY":16,"contentY":811,"deviceType":4,"inverted":true,"overViewport":true,"phase":2,"pixelX":0,"pixelY":1,"pointerX":750.9453125,"pointerY":460.08203125,"source":1,"timestamp":279218788}
{"angleX":0,"angleY":10,"contentY":810,"deviceType":4,"inverted":true,"overViewport":true,"phase":2,"pixelX":0,"pixelY":1,"pointerX":750.9453125,"pointerY":460.08203125,"source":1,"timestamp":279218796}
{"angleX":0,"angleY":8,"contentY":809,"deviceType":4,"inverted":true,"overViewport":true,"phase":2,"pixelX":0,"pixelY":0,"pointerX":750.9453125,"pointerY":460.08203125,"source":1,"timestamp":279218803}
{"angleX":0,"angleY":6,"contentY":809,"deviceType":4,"inverted":true,"overViewport":true,"phase":2,"pixelX":0,"pixelY":1,"pointerX":750.9453125,"pointerY":460.08203125,"source":1,"timestamp":279218810}
{"angleX":0,"angleY":16,"contentY":808,"deviceType":4,"inverted":true,"overViewport":true,"phase":2,"pixelX":0,"pixelY":1,"pointerX":750.9453125,"pointerY":460.08203125,"source":1,"timestamp":279218817}
{"angleX":0,"angleY":16,"contentY":807,"deviceType":4,"inverted":true,"overViewport":true,"phase":2,"pixelX":0,"pixelY":2,"pointerX":750.9453125,"pointerY":460.08203125,"source":1,"timestamp":279218824}
{"angleX":0,"angleY":10,"contentY":805,"deviceType":4,"inverted":true,"overViewport":true,"phase":2,"pixelX":0,"pixelY":1,"pointerX":750.9453125,"pointerY":460.08203125,"source":1,"timestamp":279218832}
{"angleX":0,"angleY":8,"contentY":804,"deviceType":4,"inverted":true,"overViewport":true,"phase":2,"pixelX":0,"pixelY":0,"pointerX":750.9453125,"pointerY":460.08203125,"source":1,"timestamp":279218839}
{"angleX":0,"angleY":16,"contentY":802.8365574793846,"deviceType":4,"inverted":true,"overViewport":true,"phase":2,"pixelX":0,"pixelY":2,"pointerX":750.9453125,"pointerY":460.08203125,"source":1,"timestamp":279218846}
{"angleX":0,"angleY":12,"contentY":802,"deviceType":4,"inverted":true,"overViewport":true,"phase":2,"pixelX":0,"pixelY":1,"pointerX":750.9453125,"pointerY":460.08203125,"source":1,"timestamp":279218853}
{"angleX":0,"angleY":8,"contentY":801,"deviceType":4,"inverted":true,"overViewport":true,"phase":2,"pixelX":0,"pixelY":0,"pointerX":750.9453125,"pointerY":460.08203125,"source":1,"timestamp":279218860}
{"angleX":0,"angleY":2,"contentY":800.3780213465252,"deviceType":4,"inverted":true,"overViewport":true,"phase":2,"pixelX":0,"pixelY":0,"pointerX":750.9453125,"pointerY":460.08203125,"source":1,"timestamp":279218868}
{"angleX":0,"angleY":4,"contentY":800.3780213465252,"deviceType":4,"inverted":true,"overViewport":true,"phase":2,"pixelX":0,"pixelY":1,"pointerX":750.9453125,"pointerY":460.08203125,"source":1,"timestamp":279218875}
{"angleX":0,"angleY":2,"contentY":800,"deviceType":4,"inverted":true,"overViewport":true,"phase":2,"pixelX":0,"pixelY":0,"pointerX":750.9453125,"pointerY":460.08203125,"source":1,"timestamp":279218882}
{"angleX":0,"angleY":2,"contentY":799.3216526683157,"deviceType":4,"inverted":true,"overViewport":true,"phase":2,"pixelX":0,"pixelY":0,"pointerX":750.9453125,"pointerY":460.08203125,"source":1,"timestamp":279218925}
{"angleX":0,"angleY":2,"contentY":799.166158004947,"deviceType":4,"inverted":true,"overViewport":true,"phase":2,"pixelX":0,"pixelY":0,"pointerX":750.9453125,"pointerY":460.08203125,"source":1,"timestamp":279218932}
{"angleX":0,"angleY":4,"contentY":799.166158004947,"deviceType":4,"inverted":true,"overViewport":true,"phase":2,"pixelX":0,"pixelY":1,"pointerX":750.9453125,"pointerY":460.08203125,"source":1,"timestamp":279218939}
{"angleX":0,"angleY":14,"contentY":799,"deviceType":4,"inverted":true,"overViewport":true,"phase":2,"pixelX":0,"pixelY":1,"pointerX":750.9453125,"pointerY":460.08203125,"source":1,"timestamp":279218947}
{"angleX":0,"angleY":12,"contentY":798,"deviceType":4,"inverted":true,"overViewport":true,"phase":2,"pixelX":0,"pixelY":1,"pointerX":750.9453125,"pointerY":460.08203125,"source":1,"timestamp":279218954}
{"angleX":0,"angleY":8,"contentY":797,"deviceType":4,"inverted":true,"overViewport":true,"phase":2,"pixelX":0,"pixelY":1,"pointerX":750.9453125,"pointerY":460.08203125,"source":1,"timestamp":279218961}
{"angleX":0,"angleY":2,"contentY":796,"deviceType":4,"inverted":true,"overViewport":true,"phase":2,"pixelX":0,"pixelY":0,"pointerX":750.9453125,"pointerY":460.08203125,"source":1,"timestamp":279218968}
{"angleX":0,"angleY":6,"contentY":795.7091393698462,"deviceType":4,"inverted":true,"overViewport":true,"phase":2,"pixelX":0,"pixelY":0,"pointerX":750.9453125,"pointerY":460.08203125,"source":1,"timestamp":279218975}
{"angleX":0,"angleY":8,"contentY":793.0064393698461,"deviceType":4,"inverted":true,"overViewport":true,"phase":2,"pixelX":0,"pixelY":1,"pointerX":750.9453125,"pointerY":460.08203125,"source":1,"timestamp":279219047}
{"angleX":0,"angleY":6,"contentY":795,"deviceType":4,"inverted":true,"overViewport":true,"phase":2,"pixelX":0,"pixelY":0,"pointerX":750.9453125,"pointerY":460.08203125,"source":1,"timestamp":279219054}
{"angleX":0,"angleY":2,"contentY":794.5335160098939,"deviceType":4,"inverted":true,"overViewport":true,"phase":2,"pixelX":0,"pixelY":1,"pointerX":750.9453125,"pointerY":460.08203125,"source":1,"timestamp":279219062}
{"angleX":0,"angleY":12,"contentY":794,"deviceType":4,"inverted":true,"overViewport":true,"phase":2,"pixelX":0,"pixelY":1,"pointerX":750.9453125,"pointerY":460.08203125,"source":1,"timestamp":279219069}
{"angleX":0,"angleY":12,"contentY":793,"deviceType":4,"inverted":true,"overViewport":true,"phase":2,"pixelX":0,"pixelY":1,"pointerX":750.9453125,"pointerY":460.08203125,"source":1,"timestamp":279219076}
{"angleX":0,"angleY":8,"contentY":792,"deviceType":4,"inverted":true,"overViewport":true,"phase":2,"pixelX":0,"pixelY":0,"pointerX":750.9453125,"pointerY":460.08203125,"source":1,"timestamp":279219083}
{"angleX":0,"angleY":12,"contentY":792,"deviceType":4,"inverted":true,"overViewport":true,"phase":2,"pixelX":0,"pixelY":1,"pointerX":750.9453125,"pointerY":460.08203125,"source":1,"timestamp":279219090}
{"angleX":0,"angleY":16,"contentY":791,"deviceType":4,"inverted":true,"overViewport":true,"phase":2,"pixelX":0,"pixelY":2,"pointerX":750.9453125,"pointerY":460.08203125,"source":1,"timestamp":279219098}
{"angleX":0,"angleY":8,"contentY":789,"deviceType":4,"inverted":true,"overViewport":true,"phase":2,"pixelX":0,"pixelY":0,"pointerX":750.9453125,"pointerY":460.08203125,"source":1,"timestamp":279219105}
{"angleX":0,"angleY":10,"contentY":789,"deviceType":4,"inverted":true,"overViewport":true,"phase":2,"pixelX":0,"pixelY":1,"pointerX":750.9453125,"pointerY":460.08203125,"source":1,"timestamp":279219112}
{"angleX":0,"angleY":4,"contentY":788,"deviceType":4,"inverted":true,"overViewport":true,"phase":2,"pixelX":0,"pixelY":1,"pointerX":750.9453125,"pointerY":460.08203125,"source":1,"timestamp":279219119}
{"angleX":0,"angleY":2,"contentY":787,"deviceType":4,"inverted":true,"overViewport":true,"phase":2,"pixelX":0,"pixelY":0,"pointerX":750.9453125,"pointerY":460.08203125,"source":1,"timestamp":279219126}
{"angleX":0,"angleY":10,"contentY":787,"deviceType":4,"inverted":true,"overViewport":true,"phase":2,"pixelX":0,"pixelY":1,"pointerX":750.9453125,"pointerY":460.08203125,"source":1,"timestamp":279219134}
{"angleX":0,"angleY":4,"contentY":786,"deviceType":4,"inverted":true,"overViewport":true,"phase":2,"pixelX":0,"pixelY":0,"pointerX":750.9453125,"pointerY":460.08203125,"source":1,"timestamp":279219141}
{"angleX":0,"angleY":2,"contentY":785.6890106732626,"deviceType":4,"inverted":true,"overViewport":true,"phase":2,"pixelX":0,"pixelY":0,"pointerX":750.9453125,"pointerY":460.08203125,"source":1,"timestamp":279219155}
{"angleX":0,"angleY":2,"contentY":785.3981500431088,"deviceType":4,"inverted":true,"overViewport":true,"phase":2,"pixelX":0,"pixelY":0,"pointerX":750.9453125,"pointerY":460.08203125,"source":1,"timestamp":279219170}
{"angleX":0,"angleY":2,"contentY":784.390548994921,"deviceType":4,"inverted":true,"overViewport":true,"phase":2,"pixelX":0,"pixelY":0,"pointerX":750.9453125,"pointerY":460.08203125,"source":1,"timestamp":279219256}
{"angleX":0,"angleY":4,"contentY":784.390548994921,"deviceType":4,"inverted":true,"overViewport":true,"phase":2,"pixelX":0,"pixelY":1,"pointerX":750.9453125,"pointerY":460.08203125,"source":1,"timestamp":279219263}
{"angleX":0,"angleY":4,"contentY":785,"deviceType":4,"inverted":true,"overViewport":true,"phase":2,"pixelX":0,"pixelY":0,"pointerX":750.9453125,"pointerY":460.08203125,"source":1,"timestamp":279219270}
{"angleX":0,"angleY":6,"contentY":784.6890106732626,"deviceType":4,"inverted":true,"overViewport":true,"phase":2,"pixelX":0,"pixelY":1,"pointerX":750.9453125,"pointerY":460.08203125,"source":1,"timestamp":279219285}
{"angleX":0,"angleY":2,"contentY":784,"deviceType":4,"inverted":true,"overViewport":true,"phase":2,"pixelX":0,"pixelY":0,"pointerX":750.9453125,"pointerY":460.08203125,"source":1,"timestamp":279219292}
{"angleX":0,"angleY":2,"contentY":783.8445053366313,"deviceType":4,"inverted":true,"overViewport":true,"phase":2,"pixelX":0,"pixelY":0,"pointerX":750.9453125,"pointerY":460.08203125,"source":1,"timestamp":279219299}
{"angleX":0,"angleY":8,"contentY":783.8445053366313,"deviceType":4,"inverted":true,"overViewport":true,"phase":2,"pixelX":0,"pixelY":1,"pointerX":750.9453125,"pointerY":460.08203125,"source":1,"timestamp":279219306}
{"angleX":0,"angleY":10,"contentY":783,"deviceType":4,"inverted":true,"overViewport":true,"phase":2,"pixelX":0,"pixelY":0,"pointerX":750.9453125,"pointerY":460.08203125,"source":1,"timestamp":279219314}
{"angleX":0,"angleY":8,"contentY":783,"deviceType":4,"inverted":true,"overViewport":true,"phase":2,"pixelX":0,"pixelY":1,"pointerX":750.9453125,"pointerY":460.08203125,"source":1,"timestamp":279219321}
{"angleX":0,"angleY":4,"contentY":782,"deviceType":4,"inverted":true,"overViewport":true,"phase":2,"pixelX":0,"pixelY":0,"pointerX":750.9453125,"pointerY":460.08203125,"source":1,"timestamp":279219328}
{"angleX":0,"angleY":2,"contentY":781.4182787396923,"deviceType":4,"inverted":true,"overViewport":true,"phase":2,"pixelX":0,"pixelY":1,"pointerX":750.9453125,"pointerY":460.08203125,"source":1,"timestamp":279219335}
{"angleX":0,"angleY":2,"contentY":781,"deviceType":4,"inverted":true,"overViewport":true,"phase":2,"pixelX":0,"pixelY":0,"pointerX":750.9453125,"pointerY":460.08203125,"source":1,"timestamp":279219378}
{"angleX":0,"angleY":2,"contentY":780.3216526683157,"deviceType":4,"inverted":true,"overViewport":true,"phase":2,"pixelX":0,"pixelY":0,"pointerX":750.9453125,"pointerY":460.08203125,"source":1,"timestamp":279219414}
{"angleX":0,"angleY":4,"contentY":780.3216526683157,"deviceType":4,"inverted":true,"overViewport":true,"phase":2,"pixelX":0,"pixelY":0,"pointerX":750.9453125,"pointerY":460.08203125,"source":1,"timestamp":279219421}
{"angleX":0,"angleY":2,"contentY":780.0106633415783,"deviceType":4,"inverted":true,"overViewport":true,"phase":2,"pixelX":0,"pixelY":0,"pointerX":750.9453125,"pointerY":460.08203125,"source":1,"timestamp":279219429}
{"angleX":0,"angleY":8,"contentY":780.0106633415783,"deviceType":4,"inverted":true,"overViewport":true,"phase":2,"pixelX":0,"pixelY":1,"pointerX":750.9453125,"pointerY":460.08203125,"source":1,"timestamp":279219436}
{"angleX":0,"angleY":6,"contentY":780,"deviceType":4,"inverted":true,"overViewport":true,"phase":2,"pixelX":0,"pixelY":1,"pointerX":750.9453125,"pointerY":460.08203125,"source":1,"timestamp":279219443}
{"angleX":0,"angleY":8,"contentY":779,"deviceType":4,"inverted":true,"overViewport":true,"phase":2,"pixelX":0,"pixelY":0,"pointerX":750.9453125,"pointerY":460.08203125,"source":1,"timestamp":279219450}
{"angleX":0,"angleY":6,"contentY":779,"deviceType":4,"inverted":true,"overViewport":true,"phase":2,"pixelX":0,"pixelY":1,"pointerX":750.9453125,"pointerY":460.08203125,"source":1,"timestamp":279219458}
{"angleX":0,"angleY":4,"contentY":778,"deviceType":4,"inverted":true,"overViewport":true,"phase":2,"pixelX":0,"pixelY":0,"pointerX":750.9453125,"pointerY":460.08203125,"source":1,"timestamp":279219465}
{"angleX":0,"angleY":4,"contentY":777.6890106732626,"deviceType":4,"inverted":true,"overViewport":true,"phase":2,"pixelX":0,"pixelY":1,"pointerX":750.9453125,"pointerY":460.08203125,"source":1,"timestamp":279219472}
{"angleX":0,"angleY":12,"contentY":777,"deviceType":4,"inverted":true,"overViewport":true,"phase":2,"pixelX":0,"pixelY":1,"pointerX":750.9453125,"pointerY":460.08203125,"source":1,"timestamp":279219486}
{"angleX":0,"angleY":8,"contentY":776,"deviceType":4,"inverted":true,"overViewport":true,"phase":2,"pixelX":0,"pixelY":0,"pointerX":750.9453125,"pointerY":460.08203125,"source":1,"timestamp":279219493}
{"angleX":0,"angleY":6,"contentY":776,"deviceType":4,"inverted":true,"overViewport":true,"phase":2,"pixelX":0,"pixelY":1,"pointerX":750.9453125,"pointerY":460.08203125,"source":1,"timestamp":279219501}
{"angleX":0,"angleY":2,"contentY":775,"deviceType":4,"inverted":true,"overViewport":true,"phase":2,"pixelX":0,"pixelY":0,"pointerX":750.9453125,"pointerY":460.08203125,"source":1,"timestamp":279219508}
{"angleX":0,"angleY":2,"contentY":774.8445053366313,"deviceType":4,"inverted":true,"overViewport":true,"phase":2,"pixelX":0,"pixelY":0,"pointerX":750.9453125,"pointerY":460.08203125,"source":1,"timestamp":279219515}
{"angleX":0,"angleY":-4,"contentY":774,"deviceType":4,"inverted":true,"overViewport":true,"phase":2,"pixelX":0,"pixelY":0,"pointerX":750.9453125,"pointerY":460.08203125,"source":1,"timestamp":279219990}
{"angleX":0,"angleY":-10,"contentY":774.5817212603077,"deviceType":4,"inverted":true,"overViewport":true,"phase":2,"pixelX":0,"pixelY":-1,"pointerX":750.9453125,"pointerY":460.08203125,"source":1,"timestamp":279219997}
{"angleX":0,"angleY":-8,"contentY":776,"deviceType":4,"inverted":true,"overViewport":true,"phase":2,"pixelX":0,"pixelY":-1,"pointerX":750.9453125,"pointerY":460.08203125,"source":1,"timestamp":279220004}
{"angleX":0,"angleY":-4,"contentY":777,"deviceType":4,"inverted":true,"overViewport":true,"phase":2,"pixelX":0,"pixelY":0,"pointerX":750.9453125,"pointerY":460.08203125,"source":1,"timestamp":279220011}
{"angleX":0,"angleY":-4,"contentY":777.3109893267374,"deviceType":4,"inverted":true,"overViewport":true,"phase":2,"pixelX":0,"pixelY":-1,"pointerX":750.9453125,"pointerY":460.08203125,"source":1,"timestamp":279220019}
{"angleX":0,"angleY":-4,"contentY":778,"deviceType":4,"inverted":true,"overViewport":true,"phase":2,"pixelX":0,"pixelY":0,"pointerX":750.9453125,"pointerY":460.08203125,"source":1,"timestamp":279220026}
{"angleX":0,"angleY":-8,"contentY":778.5817212603077,"deviceType":4,"inverted":true,"overViewport":true,"phase":2,"pixelX":0,"pixelY":-1,"pointerX":750.9453125,"pointerY":460.08203125,"source":1,"timestamp":279220033}
{"angleX":0,"angleY":-12,"contentY":779,"deviceType":4,"inverted":true,"overViewport":true,"phase":2,"pixelX":0,"pixelY":-1,"pointerX":750.9453125,"pointerY":460.08203125,"source":1,"timestamp":279220040}
{"angleX":0,"angleY":-16,"contentY":780,"deviceType":4,"inverted":true,"overViewport":true,"phase":2,"pixelX":0,"pixelY":-1,"pointerX":750.9453125,"pointerY":460.08203125,"source":1,"timestamp":279220047}
{"angleX":0,"angleY":-18,"contentY":781,"deviceType":4,"inverted":true,"overViewport":true,"phase":2,"pixelX":0,"pixelY":-1,"pointerX":750.9453125,"pointerY":460.08203125,"source":1,"timestamp":279220054}
{"angleX":0,"angleY":-12,"contentY":782,"deviceType":4,"inverted":true,"overViewport":true,"phase":2,"pixelX":0,"pixelY":-1,"pointerX":750.9453125,"pointerY":460.08203125,"source":1,"timestamp":279220062}
{"angleX":0,"angleY":-18,"contentY":783,"deviceType":4,"inverted":true,"overViewport":true,"phase":2,"pixelX":0,"pixelY":-2,"pointerX":750.9453125,"pointerY":460.08203125,"source":1,"timestamp":279220069}
{"angleX":0,"angleY":-24,"contentY":785,"deviceType":4,"inverted":true,"overViewport":true,"phase":2,"pixelX":0,"pixelY":-2,"pointerX":750.9453125,"pointerY":460.08203125,"source":1,"timestamp":279220076}
{"angleX":0,"angleY":-26,"contentY":787,"deviceType":4,"inverted":true,"overViewport":true,"phase":2,"pixelX":0,"pixelY":-2,"pointerX":750.9453125,"pointerY":460.08203125,"source":1,"timestamp":279220083}
{"angleX":0,"angleY":-24,"contentY":789,"deviceType":4,"inverted":true,"overViewport":true,"phase":2,"pixelX":0,"pixelY":-2,"pointerX":750.9453125,"pointerY":460.08203125,"source":1,"timestamp":279220091}
{"angleX":0,"angleY":-18,"contentY":791,"deviceType":4,"inverted":true,"overViewport":true,"phase":2,"pixelX":0,"pixelY":-2,"pointerX":750.9453125,"pointerY":460.08203125,"source":1,"timestamp":279220098}
{"angleX":0,"angleY":-18,"contentY":793,"deviceType":4,"inverted":true,"overViewport":true,"phase":2,"pixelX":0,"pixelY":-1,"pointerX":750.9453125,"pointerY":460.08203125,"source":1,"timestamp":279220105}
{"angleX":0,"angleY":-18,"contentY":794,"deviceType":4,"inverted":true,"overViewport":true,"phase":2,"pixelX":0,"pixelY":-2,"pointerX":750.9453125,"pointerY":460.08203125,"source":1,"timestamp":279220112}
{"angleX":0,"angleY":-10,"contentY":796,"deviceType":4,"inverted":true,"overViewport":true,"phase":2,"pixelX":0,"pixelY":-1,"pointerX":750.9453125,"pointerY":460.08203125,"source":1,"timestamp":279220119}
{"angleX":0,"angleY":-8,"contentY":797,"deviceType":4,"inverted":true,"overViewport":true,"phase":2,"pixelX":0,"pixelY":0,"pointerX":750.9453125,"pointerY":460.08203125,"source":1,"timestamp":279220127}
{"angleX":0,"angleY":-4,"contentY":797,"deviceType":4,"inverted":true,"overViewport":true,"phase":2,"pixelX":0,"pixelY":-1,"pointerX":750.9453125,"pointerY":460.08203125,"source":1,"timestamp":279220134}
{"angleX":0,"angleY":-2,"contentY":798,"deviceType":4,"inverted":true,"overViewport":true,"phase":2,"pixelX":0,"pixelY":0,"pointerX":750.9453125,"pointerY":460.08203125,"source":1,"timestamp":279220141}
{"angleX":0,"angleY":-2,"contentY":798.2908606301538,"deviceType":4,"inverted":true,"overViewport":true,"phase":2,"pixelX":0,"pixelY":0,"pointerX":750.9453125,"pointerY":460.08203125,"source":1,"timestamp":279220155}
{"angleX":0,"angleY":-4,"contentY":798.4463552935225,"deviceType":4,"inverted":true,"overViewport":true,"phase":2,"pixelX":0,"pixelY":0,"pointerX":750.9453125,"pointerY":460.08203125,"source":1,"timestamp":279220170}
{"angleX":0,"angleY":-2,"contentY":798.4463552935225,"deviceType":4,"inverted":true,"overViewport":true,"phase":2,"pixelX":0,"pixelY":-1,"pointerX":750.9453125,"pointerY":460.08203125,"source":1,"timestamp":279220177}
{"angleX":0,"angleY":-18,"contentY":799,"deviceType":4,"inverted":true,"overViewport":true,"phase":2,"pixelX":0,"pixelY":-1,"pointerX":750.9453125,"pointerY":460.08203125,"source":1,"timestamp":279220184}
{"angleX":0,"angleY":-24,"contentY":800,"deviceType":4,"inverted":true,"overViewport":true,"phase":2,"pixelX":0,"pixelY":-2,"pointerX":750.9453125,"pointerY":460.08203125,"source":1,"timestamp":279220191}
{"angleX":0,"angleY":-16,"contentY":802,"deviceType":4,"inverted":true,"overViewport":true,"phase":2,"pixelX":0,"pixelY":-1,"pointerX":750.9453125,"pointerY":460.08203125,"source":1,"timestamp":279220198}
{"angleX":0,"angleY":-10,"contentY":803,"deviceType":4,"inverted":true,"overViewport":true,"phase":2,"pixelX":0,"pixelY":-1,"pointerX":750.9453125,"pointerY":460.08203125,"source":1,"timestamp":279220206}
{"angleX":0,"angleY":-4,"contentY":804,"deviceType":4,"inverted":true,"overViewport":true,"phase":2,"pixelX":0,"pixelY":-1,"pointerX":750.9453125,"pointerY":460.08203125,"source":1,"timestamp":279220213}
{"angleX":0,"angleY":-12,"contentY":805,"deviceType":4,"inverted":true,"overViewport":true,"phase":2,"pixelX":0,"pixelY":-1,"pointerX":750.9453125,"pointerY":460.08203125,"source":1,"timestamp":279220220}
{"angleX":0,"angleY":-14,"contentY":806,"deviceType":4,"inverted":true,"overViewport":true,"phase":2,"pixelX":0,"pixelY":-1,"pointerX":750.9453125,"pointerY":460.08203125,"source":1,"timestamp":279220227}
{"angleX":0,"angleY":-14,"contentY":807,"deviceType":4,"inverted":true,"overViewport":true,"phase":2,"pixelX":0,"pixelY":-1,"pointerX":750.9453125,"pointerY":460.08203125,"source":1,"timestamp":279220234}
{"angleX":0,"angleY":-18,"contentY":808,"deviceType":4,"inverted":true,"overViewport":true,"phase":2,"pixelX":0,"pixelY":-2,"pointerX":750.9453125,"pointerY":460.08203125,"source":1,"timestamp":279220242}
{"angleX":0,"angleY":-16,"contentY":810,"deviceType":4,"inverted":true,"overViewport":true,"phase":2,"pixelX":0,"pixelY":-1,"pointerX":750.9453125,"pointerY":460.08203125,"source":1,"timestamp":279220249}
{"angleX":0,"angleY":-8,"contentY":811,"deviceType":4,"inverted":true,"overViewport":true,"phase":2,"pixelX":0,"pixelY":-1,"pointerX":750.9453125,"pointerY":460.08203125,"source":1,"timestamp":279220256}
{"angleX":0,"angleY":-10,"contentY":812,"deviceType":4,"inverted":true,"overViewport":true,"phase":2,"pixelX":0,"pixelY":0,"pointerX":750.9453125,"pointerY":460.08203125,"source":1,"timestamp":279220263}
{"angleX":0,"angleY":-12,"contentY":812.9695354338462,"deviceType":4,"inverted":true,"overViewport":true,"phase":2,"pixelX":0,"pixelY":-1,"pointerX":750.9453125,"pointerY":460.08203125,"source":1,"timestamp":279220270}
{"angleX":0,"angleY":-12,"contentY":813,"deviceType":4,"inverted":true,"overViewport":true,"phase":2,"pixelX":0,"pixelY":-2,"pointerX":750.9453125,"pointerY":460.08203125,"source":1,"timestamp":279220278}
{"angleX":0,"angleY":-6,"contentY":815,"deviceType":4,"inverted":true,"overViewport":true,"phase":2,"pixelX":0,"pixelY":0,"pointerX":750.9453125,"pointerY":460.08203125,"source":1,"timestamp":279220285}
{"angleX":0,"angleY":-6,"contentY":815,"deviceType":4,"inverted":true,"overViewport":true,"phase":2,"pixelX":0,"pixelY":-1,"pointerX":750.9453125,"pointerY":460.08203125,"source":1,"timestamp":279220292}
{"angleX":0,"angleY":-8,"contentY":815.1295788861406,"deviceType":4,"inverted":true,"overViewport":true,"phase":2,"pixelX":0,"pixelY":0,"pointerX":750.9453125,"pointerY":460.08203125,"source":1,"timestamp":279220299}
{"angleX":0,"angleY":-29,"contentY":815.2423670845477,"deviceType":4,"inverted":true,"overViewport":true,"phase":2,"pixelX":0,"pixelY":-3,"pointerX":750.9453125,"pointerY":460.08203125,"source":1,"timestamp":279220306}
{"angleX":0,"angleY":-33,"contentY":816,"deviceType":4,"inverted":true,"overViewport":true,"phase":2,"pixelX":0,"pixelY":-2,"pointerX":750.9453125,"pointerY":460.08203125,"source":1,"timestamp":279220314}
{"angleX":0,"angleY":-20,"contentY":816,"deviceType":4,"inverted":true,"overViewport":true,"phase":2,"pixelX":0,"pixelY":-2,"pointerX":750.9453125,"pointerY":460.08203125,"source":1,"timestamp":279220321}
{"angleX":0,"angleY":-14,"contentY":816,"deviceType":4,"inverted":true,"overViewport":true,"phase":2,"pixelX":0,"pixelY":-1,"pointerX":750.9453125,"pointerY":460.08203125,"source":1,"timestamp":279220328}
{"angleX":0,"angleY":-6,"contentY":816,"deviceType":4,"inverted":true,"overViewport":true,"phase":2,"pixelX":0,"pixelY":-1,"pointerX":750.9453125,"pointerY":460.08203125,"source":1,"timestamp":279220335}
{"angleX":0,"angleY":-4,"contentY":816,"deviceType":4,"inverted":true,"overViewport":true,"phase":2,"pixelX":0,"pixelY":0,"pointerX":750.9453125,"pointerY":460.08203125,"source":1,"timestamp":279220342}
{"angleX":0,"angleY":-6,"contentY":816,"deviceType":4,"inverted":true,"overViewport":true,"phase":2,"pixelX":0,"pixelY":-1,"pointerX":750.9453125,"pointerY":460.08203125,"source":1,"timestamp":279220350}
{"angleX":0,"angleY":-2,"contentY":816,"deviceType":4,"inverted":true,"overViewport":true,"phase":2,"pixelX":0,"pixelY":0,"pointerX":750.9453125,"pointerY":460.08203125,"source":1,"timestamp":279220357}
{"angleX":0,"angleY":-2,"contentY":816,"deviceType":4,"inverted":true,"overViewport":true,"phase":2,"pixelX":0,"pixelY":0,"pointerX":750.9453125,"pointerY":460.08203125,"source":1,"timestamp":279220364}
{"angleX":0,"angleY":-16,"contentY":816,"deviceType":4,"inverted":true,"overViewport":true,"phase":2,"pixelX":0,"pixelY":-1,"pointerX":750.9453125,"pointerY":460.08203125,"source":1,"timestamp":279220371}
{"angleX":0,"angleY":-31,"contentY":816,"deviceType":4,"inverted":true,"overViewport":true,"phase":2,"pixelX":0,"pixelY":-3,"pointerX":750.9453125,"pointerY":460.08203125,"source":1,"timestamp":279220378}
{"angleX":0,"angleY":-31,"contentY":816,"deviceType":4,"inverted":true,"overViewport":true,"phase":2,"pixelX":0,"pixelY":-2,"pointerX":750.9453125,"pointerY":460.08203125,"source":1,"timestamp":279220386}
{"angleX":0,"angleY":-22,"contentY":816,"deviceType":4,"inverted":true,"overViewport":true,"phase":2,"pixelX":0,"pixelY":-2,"pointerX":750.9453125,"pointerY":460.08203125,"source":1,"timestamp":279220393}
{"angleX":0,"angleY":-10,"contentY":816,"deviceType":4,"inverted":true,"overViewport":true,"phase":2,"pixelX":0,"pixelY":-1,"pointerX":750.9453125,"pointerY":460.08203125,"source":1,"timestamp":279220400}
{"angleX":0,"angleY":-12,"contentY":816,"deviceType":4,"inverted":true,"overViewport":true,"phase":2,"pixelX":0,"pixelY":-1,"pointerX":750.9453125,"pointerY":460.08203125,"source":1,"timestamp":279220407}
{"angleX":0,"angleY":-8,"contentY":816,"deviceType":4,"inverted":true,"overViewport":true,"phase":2,"pixelX":0,"pixelY":-1,"pointerX":750.9453125,"pointerY":460.08203125,"source":1,"timestamp":279220414}
{"angleX":0,"angleY":-6,"contentY":816,"deviceType":4,"inverted":true,"overViewport":true,"phase":2,"pixelX":0,"pixelY":0,"pointerX":750.9453125,"pointerY":460.08203125,"source":1,"timestamp":279220422}
{"angleX":0,"angleY":-6,"contentY":816,"deviceType":4,"inverted":true,"overViewport":true,"phase":2,"pixelX":0,"pixelY":-1,"pointerX":750.9453125,"pointerY":460.08203125,"source":1,"timestamp":279220429}
{"angleX":0,"angleY":-4,"contentY":816,"deviceType":4,"inverted":true,"overViewport":true,"phase":2,"pixelX":0,"pixelY":0,"pointerX":750.9453125,"pointerY":460.08203125,"source":1,"timestamp":279220436}
{"angleX":0,"angleY":-4,"contentY":816,"deviceType":4,"inverted":true,"overViewport":true,"phase":2,"pixelX":0,"pixelY":0,"pointerX":750.9453125,"pointerY":460.08203125,"source":1,"timestamp":279220465}
{"angleX":0,"angleY":-2,"contentY":816,"deviceType":4,"inverted":true,"overViewport":true,"phase":2,"pixelX":0,"pixelY":-1,"pointerX":750.9453125,"pointerY":460.08203125,"source":1,"timestamp":279220486}
{"angleX":0,"angleY":-10,"contentY":816,"deviceType":4,"inverted":true,"overViewport":true,"phase":2,"pixelX":0,"pixelY":0,"pointerX":750.9453125,"pointerY":460.08203125,"source":1,"timestamp":279220501}
{"angleX":0,"angleY":-18,"contentY":816,"deviceType":4,"inverted":true,"overViewport":true,"phase":2,"pixelX":0,"pixelY":-2,"pointerX":750.9453125,"pointerY":460.08203125,"source":1,"timestamp":279220508}
{"angleX":0,"angleY":-8,"contentY":816,"deviceType":4,"inverted":true,"overViewport":true,"phase":2,"pixelX":0,"pixelY":-1,"pointerX":750.9453125,"pointerY":460.08203125,"source":1,"timestamp":279220515}
{"angleX":0,"angleY":-2,"contentY":816,"deviceType":4,"inverted":true,"overViewport":true,"phase":2,"pixelX":0,"pixelY":0,"pointerX":750.9453125,"pointerY":460.08203125,"source":1,"timestamp":279220522}
{"angleX":0,"angleY":-6,"contentY":816,"deviceType":4,"inverted":true,"overViewport":true,"phase":2,"pixelX":0,"pixelY":0,"pointerX":750.9453125,"pointerY":460.08203125,"source":1,"timestamp":279220530}
{"angleX":0,"angleY":-2,"contentY":816,"deviceType":4,"inverted":true,"overViewport":true,"phase":2,"pixelX":0,"pixelY":0,"pointerX":750.9453125,"pointerY":460.08203125,"source":1,"timestamp":279220551}
{"angleX":0,"angleY":16,"contentY":816,"deviceType":4,"inverted":true,"overViewport":true,"phase":2,"pixelX":0,"pixelY":1,"pointerX":750.9453125,"pointerY":460.08203125,"source":1,"timestamp":279220659}
{"angleX":0,"angleY":57,"contentY":816,"deviceType":4,"inverted":true,"overViewport":true,"phase":2,"pixelX":0,"pixelY":5,"pointerX":750.9453125,"pointerY":460.08203125,"source":1,"timestamp":279220666}
{"angleX":0,"angleY":79,"contentY":816,"deviceType":4,"inverted":true,"overViewport":true,"phase":2,"pixelX":0,"pixelY":6,"pointerX":750.9453125,"pointerY":460.08203125,"source":1,"timestamp":279220674}
{"angleX":0,"angleY":100,"contentY":816,"deviceType":4,"inverted":true,"overViewport":true,"phase":2,"pixelX":0,"pixelY":9,"pointerX":750.9453125,"pointerY":460.08203125,"source":1,"timestamp":279220681}
{"angleX":0,"angleY":102,"contentY":816,"deviceType":4,"inverted":true,"overViewport":true,"phase":2,"pixelX":0,"pixelY":8,"pointerX":750.9453125,"pointerY":460.08203125,"source":1,"timestamp":279220688}
{"angleX":0,"angleY":104,"contentY":813,"deviceType":4,"inverted":true,"overViewport":true,"phase":2,"pixelX":0,"pixelY":9,"pointerX":750.9453125,"pointerY":460.08203125,"source":1,"timestamp":279220695}
{"angleX":0,"angleY":120,"contentY":804,"deviceType":4,"inverted":true,"overViewport":true,"phase":2,"pixelX":0,"pixelY":10,"pointerX":750.9453125,"pointerY":460.08203125,"source":1,"timestamp":279220702}
{"angleX":0,"angleY":122,"contentY":794,"deviceType":4,"inverted":true,"overViewport":true,"phase":2,"pixelX":0,"pixelY":10,"pointerX":750.9453125,"pointerY":460.08203125,"source":1,"timestamp":279220710}
{"angleX":0,"angleY":118,"contentY":784,"deviceType":4,"inverted":true,"overViewport":true,"phase":2,"pixelX":0,"pixelY":10,"pointerX":750.9453125,"pointerY":460.08203125,"source":1,"timestamp":279220717}
{"angleX":0,"angleY":108,"contentY":774,"deviceType":4,"inverted":true,"overViewport":true,"phase":2,"pixelX":0,"pixelY":9,"pointerX":750.9453125,"pointerY":460.08203125,"source":1,"timestamp":279220724}
{"angleX":0,"angleY":110,"contentY":765,"deviceType":4,"inverted":true,"overViewport":true,"phase":2,"pixelX":0,"pixelY":9,"pointerX":750.9453125,"pointerY":460.08203125,"source":1,"timestamp":279220731}
{"angleX":0,"angleY":114,"contentY":756,"deviceType":4,"inverted":true,"overViewport":true,"phase":2,"pixelX":0,"pixelY":9,"pointerX":750.9453125,"pointerY":460.08203125,"source":1,"timestamp":279220738}
{"angleX":0,"angleY":118,"contentY":747,"deviceType":4,"inverted":true,"overViewport":true,"phase":2,"pixelX":0,"pixelY":10,"pointerX":750.9453125,"pointerY":460.08203125,"source":1,"timestamp":279220745}
{"angleX":0,"angleY":110,"contentY":737,"deviceType":4,"inverted":true,"overViewport":true,"phase":2,"pixelX":0,"pixelY":9,"pointerX":750.9453125,"pointerY":460.08203125,"source":1,"timestamp":279220753}
{"angleX":0,"angleY":130,"contentY":728,"deviceType":4,"inverted":true,"overViewport":true,"phase":2,"pixelX":0,"pixelY":11,"pointerX":750.9453125,"pointerY":460.08203125,"source":1,"timestamp":279220767}
{"angleX":0,"angleY":153,"contentY":717,"deviceType":4,"inverted":true,"overViewport":true,"phase":2,"pixelX":0,"pixelY":13,"pointerX":750.9453125,"pointerY":460.08203125,"source":1,"timestamp":279220774}
{"angleX":0,"angleY":149,"contentY":704,"deviceType":4,"inverted":true,"overViewport":true,"phase":2,"pixelX":0,"pixelY":12,"pointerX":750.9453125,"pointerY":460.08203125,"source":1,"timestamp":279220781}
{"angleX":0,"angleY":155,"contentY":692,"deviceType":4,"inverted":true,"overViewport":true,"phase":2,"pixelX":0,"pixelY":13,"pointerX":750.9453125,"pointerY":460.08203125,"source":1,"timestamp":279220789}
{"angleX":0,"angleY":169,"contentY":679,"deviceType":4,"inverted":true,"overViewport":true,"phase":2,"pixelX":0,"pixelY":14,"pointerX":750.9453125,"pointerY":460.08203125,"source":1,"timestamp":279220796}
{"angleX":0,"angleY":167,"contentY":665,"deviceType":4,"inverted":true,"overViewport":true,"phase":2,"pixelX":0,"pixelY":14,"pointerX":750.9453125,"pointerY":460.08203125,"source":1,"timestamp":279220803}
{"angleX":0,"angleY":0,"contentY":651,"deviceType":4,"inverted":true,"overViewport":true,"phase":3,"pixelX":0,"pixelY":0,"pointerX":750.9453125,"pointerY":460.08203125,"source":0,"timestamp":279220823}
{"angleX":0,"angleY":0,"contentY":651,"deviceType":4,"inverted":true,"overViewport":true,"phase":3,"pixelX":0,"pixelY":0,"pointerX":750.9453125,"pointerY":460.08203125,"source":0,"timestamp":279220823}
{"coastSample":1,"contentY":597.1189180903497,"endTimestamp":279220823,"flicking":true,"velocity":-1765.007771721874}
{"coastSample":2,"contentY":555.6895803270185,"endTimestamp":279220823,"flicking":true,"velocity":-1702.9511878556225}
{"coastSample":3,"contentY":515.7496005764777,"endTimestamp":279220823,"flicking":true,"velocity":-1640.894603989352}
{"coastSample":4,"contentY":486.7720069594658,"endTimestamp":279220823,"flicking":true,"velocity":-1594.3521660896633}
{"coastSample":5,"contentY":447.91515806756536,"endTimestamp":279220823,"flicking":true,"velocity":-1529.7098912289468}
{"coastSample":6,"contentY":429.837894000216,"endTimestamp":279220823,"flicking":true,"velocity":-1498.6815992958211}
{"coastSample":7,"contentY":403.4201344676876,"endTimestamp":279220823,"flicking":true,"velocity":-1452.1391613961232}
{"coastSample":8,"contentY":369.4996433521746,"endTimestamp":279220823,"flicking":true,"velocity":-1390.0825775298529}
{"coastSample":9,"contentY":345.03666621143344,"endTimestamp":279220823,"flicking":true,"velocity":-1343.5401396301643}
{"coastSample":10,"contentY":320.123505169637,"endTimestamp":279220823,"flicking":true,"velocity":-1294.412010736039}
{"coastSample":11,"contentY":297.3825982311848,"endTimestamp":279220823,"flicking":true,"velocity":-1247.8695728363316}
{"coastSample":12,"contentY":275.4794551749271,"endTimestamp":279220823,"flicking":true,"velocity":-1201.327134936643}
{"coastSample":13,"contentY":247.5784526944418,"endTimestamp":279220823,"flicking":true,"velocity":-1139.2705510703724}
{"coastSample":14,"contentY":227.6300920299716,"endTimestamp":279220823,"flicking":true,"velocity":-1092.728113170665}
{"coastSample":15,"contentY":207.48235949090542,"endTimestamp":279220823,"flicking":true,"velocity":-1043.5999842765493}
{"angleX":0,"angleY":0,"contentY":0,"deviceType":4,"inverted":false,"overViewport":true,"phase":1,"pixelX":0,"pixelY":0,"pointerX":750.9453125,"pointerY":460.08203125,"source":0,"timestamp":279221955}
{"angleX":0,"angleY":0,"contentY":0,"deviceType":4,"inverted":false,"overViewport":true,"phase":1,"pixelX":0,"pixelY":0,"pointerX":750.9453125,"pointerY":460.08203125,"source":0,"timestamp":279221955}
{"angleX":0,"angleY":94,"contentY":0,"deviceType":4,"inverted":true,"overViewport":true,"phase":2,"pixelX":0,"pixelY":8,"pointerX":750.9453125,"pointerY":460.08203125,"source":1,"timestamp":279221955}
{"angleX":0,"angleY":98,"contentY":0,"deviceType":4,"inverted":true,"overViewport":true,"phase":2,"pixelX":0,"pixelY":8,"pointerX":750.9453125,"pointerY":460.08203125,"source":1,"timestamp":279221963}
{"angleX":0,"angleY":100,"contentY":0,"deviceType":4,"inverted":true,"overViewport":true,"phase":2,"pixelX":0,"pixelY":8,"pointerX":750.9453125,"pointerY":460.08203125,"source":1,"timestamp":279221970}
{"angleX":0,"angleY":100,"contentY":0,"deviceType":4,"inverted":true,"overViewport":true,"phase":2,"pixelX":0,"pixelY":9,"pointerX":750.9453125,"pointerY":460.08203125,"source":1,"timestamp":279221977}
{"angleX":0,"angleY":96,"contentY":0,"deviceType":4,"inverted":true,"overViewport":true,"phase":2,"pixelX":0,"pixelY":8,"pointerX":750.9453125,"pointerY":460.08203125,"source":1,"timestamp":279221984}
{"angleX":0,"angleY":94,"contentY":0,"deviceType":4,"inverted":true,"overViewport":true,"phase":2,"pixelX":0,"pixelY":7,"pointerX":750.9453125,"pointerY":460.08203125,"source":1,"timestamp":279221992}
{"angleX":0,"angleY":92,"contentY":0,"deviceType":4,"inverted":true,"overViewport":true,"phase":2,"pixelX":0,"pixelY":8,"pointerX":750.9453125,"pointerY":460.08203125,"source":1,"timestamp":279221999}
{"angleX":0,"angleY":94,"contentY":0,"deviceType":4,"inverted":true,"overViewport":true,"phase":2,"pixelX":0,"pixelY":8,"pointerX":750.9453125,"pointerY":460.08203125,"source":1,"timestamp":279222006}
{"angleX":0,"angleY":94,"contentY":0,"deviceType":4,"inverted":true,"overViewport":true,"phase":2,"pixelX":0,"pixelY":8,"pointerX":750.9453125,"pointerY":460.08203125,"source":1,"timestamp":279222013}
{"angleX":0,"angleY":88,"contentY":0,"deviceType":4,"inverted":true,"overViewport":true,"phase":2,"pixelX":0,"pixelY":7,"pointerX":750.9453125,"pointerY":460.08203125,"source":1,"timestamp":279222020}
{"angleX":0,"angleY":92,"contentY":0,"deviceType":4,"inverted":true,"overViewport":true,"phase":2,"pixelX":0,"pixelY":8,"pointerX":750.9453125,"pointerY":460.08203125,"source":1,"timestamp":279222028}
{"angleX":0,"angleY":92,"contentY":0,"deviceType":4,"inverted":true,"overViewport":true,"phase":2,"pixelX":0,"pixelY":7,"pointerX":750.9453125,"pointerY":460.08203125,"source":1,"timestamp":279222035}
{"angleX":0,"angleY":81,"contentY":0,"deviceType":4,"inverted":true,"overViewport":true,"phase":2,"pixelX":0,"pixelY":7,"pointerX":750.9453125,"pointerY":460.08203125,"source":1,"timestamp":279222042}
{"angleX":0,"angleY":77,"contentY":0,"deviceType":4,"inverted":true,"overViewport":true,"phase":2,"pixelX":0,"pixelY":6,"pointerX":750.9453125,"pointerY":460.08203125,"source":1,"timestamp":279222049}
{"angleX":0,"angleY":0,"contentY":0,"deviceType":4,"inverted":true,"overViewport":true,"phase":3,"pixelX":0,"pixelY":0,"pointerX":750.9453125,"pointerY":460.08203125,"source":0,"timestamp":279222055}
{"angleX":0,"angleY":0,"contentY":0,"deviceType":4,"inverted":true,"overViewport":true,"phase":3,"pixelX":0,"pixelY":0,"pointerX":750.9453125,"pointerY":460.08203125,"source":0,"timestamp":279222055}
{"coastSample":1,"contentY":0,"endTimestamp":279222055,"flicking":false,"velocity":0}
{"coastSample":2,"contentY":0,"endTimestamp":279222055,"flicking":false,"velocity":0}
{"coastSample":3,"contentY":0,"endTimestamp":279222055,"flicking":false,"velocity":0}
{"coastSample":4,"contentY":0,"endTimestamp":279222055,"flicking":false,"velocity":0}
{"coastSample":5,"contentY":0,"endTimestamp":279222055,"flicking":false,"velocity":0}
{"coastSample":6,"contentY":0,"endTimestamp":279222055,"flicking":false,"velocity":0}
{"coastSample":7,"contentY":0,"endTimestamp":279222055,"flicking":false,"velocity":0}
{"coastSample":8,"contentY":0,"endTimestamp":279222055,"flicking":false,"velocity":0}
{"coastSample":9,"contentY":0,"endTimestamp":279222055,"flicking":false,"velocity":0}
{"coastSample":10,"contentY":0,"endTimestamp":279222055,"flicking":false,"velocity":0}
{"coastSample":11,"contentY":0,"endTimestamp":279222055,"flicking":false,"velocity":0}
{"coastSample":12,"contentY":0,"endTimestamp":279222055,"flicking":false,"velocity":0}
{"coastSample":13,"contentY":0,"endTimestamp":279222055,"flicking":false,"velocity":0}
{"coastSample":14,"contentY":0,"endTimestamp":279222055,"flicking":false,"velocity":0}
{"coastSample":15,"contentY":0,"endTimestamp":279222055,"flicking":false,"velocity":0}
{"angleX":0,"angleY":0,"contentY":0,"deviceType":4,"inverted":false,"overViewport":true,"phase":1,"pixelX":0,"pixelY":0,"pointerX":750.9453125,"pointerY":460.08203125,"source":0,"timestamp":279222388}
{"angleX":0,"angleY":0,"contentY":0,"deviceType":4,"inverted":false,"overViewport":true,"phase":1,"pixelX":0,"pixelY":0,"pointerX":750.9453125,"pointerY":460.08203125,"source":0,"timestamp":279222388}
{"angleX":0,"angleY":-86,"contentY":0,"deviceType":4,"inverted":true,"overViewport":true,"phase":2,"pixelX":0,"pixelY":-7,"pointerX":750.9453125,"pointerY":460.08203125,"source":1,"timestamp":279222388}
{"angleX":0,"angleY":-88,"contentY":0,"deviceType":4,"inverted":true,"overViewport":true,"phase":2,"pixelX":0,"pixelY":-7,"pointerX":750.9453125,"pointerY":460.08203125,"source":1,"timestamp":279222395}
{"angleX":0,"angleY":-106,"contentY":0,"deviceType":4,"inverted":true,"overViewport":true,"phase":2,"pixelX":0,"pixelY":-9,"pointerX":750.9453125,"pointerY":460.08203125,"source":1,"timestamp":279222402}
{"angleX":0,"angleY":-122,"contentY":0,"deviceType":4,"inverted":true,"overViewport":true,"phase":2,"pixelX":0,"pixelY":-10,"pointerX":750.9453125,"pointerY":460.08203125,"source":1,"timestamp":279222409}
{"angleX":0,"angleY":-128,"contentY":10,"deviceType":4,"inverted":true,"overViewport":true,"phase":2,"pixelX":0,"pixelY":-11,"pointerX":750.9453125,"pointerY":460.08203125,"source":1,"timestamp":279222417}
{"angleX":0,"angleY":-128,"contentY":21,"deviceType":4,"inverted":true,"overViewport":true,"phase":2,"pixelX":0,"pixelY":-11,"pointerX":750.9453125,"pointerY":460.08203125,"source":1,"timestamp":279222424}
{"angleX":0,"angleY":-134,"contentY":32,"deviceType":4,"inverted":true,"overViewport":true,"phase":2,"pixelX":0,"pixelY":-11,"pointerX":750.9453125,"pointerY":460.08203125,"source":1,"timestamp":279222431}
{"angleX":0,"angleY":-159,"contentY":43,"deviceType":4,"inverted":true,"overViewport":true,"phase":2,"pixelX":0,"pixelY":-13,"pointerX":750.9453125,"pointerY":460.08203125,"source":1,"timestamp":279222438}
{"angleX":0,"angleY":-169,"contentY":56,"deviceType":4,"inverted":true,"overViewport":true,"phase":2,"pixelX":0,"pixelY":-14,"pointerX":750.9453125,"pointerY":460.08203125,"source":1,"timestamp":279222445}
{"angleX":0,"angleY":-183,"contentY":70,"deviceType":4,"inverted":true,"overViewport":true,"phase":2,"pixelX":0,"pixelY":-16,"pointerX":750.9453125,"pointerY":460.08203125,"source":1,"timestamp":279222453}
{"angleX":0,"angleY":-187,"contentY":86,"deviceType":4,"inverted":true,"overViewport":true,"phase":2,"pixelX":0,"pixelY":-15,"pointerX":750.9453125,"pointerY":460.08203125,"source":1,"timestamp":279222460}
{"angleX":0,"angleY":-185,"contentY":101,"deviceType":4,"inverted":true,"overViewport":true,"phase":2,"pixelX":0,"pixelY":-16,"pointerX":750.9453125,"pointerY":460.08203125,"source":1,"timestamp":279222467}
{"angleX":0,"angleY":-200,"contentY":117,"deviceType":4,"inverted":true,"overViewport":true,"phase":2,"pixelX":0,"pixelY":-16,"pointerX":750.9453125,"pointerY":460.08203125,"source":1,"timestamp":279222474}
{"angleX":0,"angleY":-193,"contentY":133,"deviceType":4,"inverted":true,"overViewport":true,"phase":2,"pixelX":0,"pixelY":-16,"pointerX":750.9453125,"pointerY":460.08203125,"source":1,"timestamp":279222481}
{"angleX":0,"angleY":-179,"contentY":149,"deviceType":4,"inverted":true,"overViewport":true,"phase":2,"pixelX":0,"pixelY":-15,"pointerX":750.9453125,"pointerY":460.08203125,"source":1,"timestamp":279222488}
{"angleX":0,"angleY":0,"contentY":164,"deviceType":4,"inverted":true,"overViewport":true,"phase":3,"pixelX":0,"pixelY":0,"pointerX":750.9453125,"pointerY":460.08203125,"source":0,"timestamp":279222502}
{"angleX":0,"angleY":0,"contentY":164,"deviceType":4,"inverted":true,"overViewport":true,"phase":3,"pixelX":0,"pixelY":0,"pointerX":750.9453125,"pointerY":460.08203125,"source":0,"timestamp":279222502}
{"coastSample":1,"contentY":229.75297162576686,"endTimestamp":279222502,"flicking":true,"velocity":2145.1782975460105}
{"coastSample":2,"contentY":279.8396280674847,"endTimestamp":279222502,"flicking":true,"velocity":2052.0034509202483}
{"coastSample":3,"contentY":327.69008819018404,"endTimestamp":279222502,"flicking":true,"velocity":1958.8286042944767}
{"coastSample":4,"contentY":362.11042944785277,"endTimestamp":279222502,"flicking":true,"velocity":1888.9474693251602}
{"coastSample":5,"contentY":407.8297306365031,"endTimestamp":279222502,"flicking":true,"velocity":1791.890337423316}
{"coastSample":6,"contentY":439.2451830904908,"endTimestamp":279222502,"flicking":true,"velocity":1722.0092024539892}
{"coastSample":7,"contentY":469.4027751150307,"endTimestamp":279222502,"flicking":true,"velocity":1652.1280674846632}
{"coastSample":8,"contentY":488.8090251150307,"endTimestamp":279222502,"flicking":true,"velocity":1605.540644171782}
{"coastSample":9,"contentY":516.8701830904909,"endTimestamp":279222502,"flicking":true,"velocity":1535.6595092024654}
{"coastSample":10,"contentY":553.7572852760736,"endTimestamp":279222502,"flicking":true,"velocity":1438.602377300602}
{"coastSample":11,"contentY":578.8135544478528,"endTimestamp":279222502,"flicking":true,"velocity":1368.7212423312947}
{"coastSample":12,"contentY":610.2652415644172,"endTimestamp":279222502,"flicking":true,"velocity":1275.5463957055326}
{"coastSample":13,"contentY":632.3865030674847,"endTimestamp":279222502,"flicking":true,"velocity":1205.6652607362064}
{"coastSample":14,"contentY":659.9248466257669,"endTimestamp":279222502,"flicking":true,"velocity":1112.4904141104253}
{"coastSample":15,"contentY":673.9077597776073,"endTimestamp":279222502,"flicking":true,"velocity":1062.0207055214717}
{"angleX":0,"angleY":0,"contentY":816,"deviceType":4,"inverted":false,"overViewport":true,"phase":1,"pixelX":0,"pixelY":0,"pointerX":750.9453125,"pointerY":460.08203125,"source":0,"timestamp":279223533}
{"angleX":0,"angleY":0,"contentY":816,"deviceType":4,"inverted":false,"overViewport":true,"phase":1,"pixelX":0,"pixelY":0,"pointerX":750.9453125,"pointerY":460.08203125,"source":0,"timestamp":279223533}
{"angleX":0,"angleY":-88,"contentY":816,"deviceType":4,"inverted":true,"overViewport":true,"phase":2,"pixelX":0,"pixelY":-7,"pointerX":750.9453125,"pointerY":460.08203125,"source":1,"timestamp":279223533}
{"angleX":0,"angleY":-100,"contentY":816,"deviceType":4,"inverted":true,"overViewport":true,"phase":2,"pixelX":0,"pixelY":-9,"pointerX":750.9453125,"pointerY":460.08203125,"source":1,"timestamp":279223540}
{"angleX":0,"angleY":-112,"contentY":816,"deviceType":4,"inverted":true,"overViewport":true,"phase":2,"pixelX":0,"pixelY":-9,"pointerX":750.9453125,"pointerY":460.08203125,"source":1,"timestamp":279223548}
{"angleX":0,"angleY":-124,"contentY":816,"deviceType":4,"inverted":true,"overViewport":true,"phase":2,"pixelX":0,"pixelY":-10,"pointerX":750.9453125,"pointerY":460.08203125,"source":1,"timestamp":279223555}
{"angleX":0,"angleY":-141,"contentY":816,"deviceType":4,"inverted":true,"overViewport":true,"phase":2,"pixelX":0,"pixelY":-12,"pointerX":750.9453125,"pointerY":460.08203125,"source":1,"timestamp":279223562}
{"angleX":0,"angleY":-151,"contentY":816,"deviceType":4,"inverted":true,"overViewport":true,"phase":2,"pixelX":0,"pixelY":-13,"pointerX":750.9453125,"pointerY":460.08203125,"source":1,"timestamp":279223569}
{"angleX":0,"angleY":-159,"contentY":816,"deviceType":4,"inverted":true,"overViewport":true,"phase":2,"pixelX":0,"pixelY":-13,"pointerX":750.9453125,"pointerY":460.08203125,"source":1,"timestamp":279223577}
{"angleX":0,"angleY":-155,"contentY":816,"deviceType":4,"inverted":true,"overViewport":true,"phase":2,"pixelX":0,"pixelY":-13,"pointerX":750.9453125,"pointerY":460.08203125,"source":1,"timestamp":279223584}
{"angleX":0,"angleY":-165,"contentY":816,"deviceType":4,"inverted":true,"overViewport":true,"phase":2,"pixelX":0,"pixelY":-13,"pointerX":750.9453125,"pointerY":460.08203125,"source":1,"timestamp":279223591}
{"angleX":0,"angleY":-163,"contentY":816,"deviceType":4,"inverted":true,"overViewport":true,"phase":2,"pixelX":0,"pixelY":-14,"pointerX":750.9453125,"pointerY":460.08203125,"source":1,"timestamp":279223598}
{"angleX":0,"angleY":-153,"contentY":816,"deviceType":4,"inverted":true,"overViewport":true,"phase":2,"pixelX":0,"pixelY":-13,"pointerX":750.9453125,"pointerY":460.08203125,"source":1,"timestamp":279223605}
{"angleX":0,"angleY":-151,"contentY":816,"deviceType":4,"inverted":true,"overViewport":true,"phase":2,"pixelX":0,"pixelY":-12,"pointerX":750.9453125,"pointerY":460.08203125,"source":1,"timestamp":279223612}
{"angleX":0,"angleY":-138,"contentY":816,"deviceType":4,"inverted":true,"overViewport":true,"phase":2,"pixelX":0,"pixelY":-12,"pointerX":750.9453125,"pointerY":460.08203125,"source":1,"timestamp":279223620}
{"angleX":0,"angleY":-126,"contentY":816,"deviceType":4,"inverted":true,"overViewport":true,"phase":2,"pixelX":0,"pixelY":-10,"pointerX":750.9453125,"pointerY":460.08203125,"source":1,"timestamp":279223627}
{"angleX":0,"angleY":-116,"contentY":816,"deviceType":4,"inverted":true,"overViewport":true,"phase":2,"pixelX":0,"pixelY":-10,"pointerX":750.9453125,"pointerY":460.08203125,"source":1,"timestamp":279223634}
{"angleX":0,"angleY":-96,"contentY":816,"deviceType":4,"inverted":true,"overViewport":true,"phase":2,"pixelX":0,"pixelY":-8,"pointerX":750.9453125,"pointerY":460.08203125,"source":1,"timestamp":279223641}
{"angleX":0,"angleY":-88,"contentY":816,"deviceType":4,"inverted":true,"overViewport":true,"phase":2,"pixelX":0,"pixelY":-7,"pointerX":750.9453125,"pointerY":460.08203125,"source":1,"timestamp":279223648}
{"angleX":0,"angleY":0,"contentY":816,"deviceType":4,"inverted":true,"overViewport":true,"phase":3,"pixelX":0,"pixelY":0,"pointerX":750.9453125,"pointerY":460.08203125,"source":0,"timestamp":279223676}
{"angleX":0,"angleY":0,"contentY":816,"deviceType":4,"inverted":true,"overViewport":true,"phase":3,"pixelX":0,"pixelY":0,"pointerX":750.9453125,"pointerY":460.08203125,"source":0,"timestamp":279223676}
{"coastSample":1,"contentY":816,"endTimestamp":279223676,"flicking":false,"velocity":0}
{"coastSample":2,"contentY":816,"endTimestamp":279223676,"flicking":false,"velocity":0}
{"coastSample":3,"contentY":816,"endTimestamp":279223676,"flicking":false,"velocity":0}
{"coastSample":4,"contentY":816,"endTimestamp":279223676,"flicking":false,"velocity":0}
{"coastSample":5,"contentY":816,"endTimestamp":279223676,"flicking":false,"velocity":0}
{"coastSample":6,"contentY":816,"endTimestamp":279223676,"flicking":false,"velocity":0}
{"coastSample":7,"contentY":816,"endTimestamp":279223676,"flicking":false,"velocity":0}
{"coastSample":8,"contentY":816,"endTimestamp":279223676,"flicking":false,"velocity":0}
{"coastSample":9,"contentY":816,"endTimestamp":279223676,"flicking":false,"velocity":0}
{"coastSample":10,"contentY":816,"endTimestamp":279223676,"flicking":false,"velocity":0}
{"coastSample":11,"contentY":816,"endTimestamp":279223676,"flicking":false,"velocity":0}
{"coastSample":12,"contentY":816,"endTimestamp":279223676,"flicking":false,"velocity":0}
{"coastSample":13,"contentY":816,"endTimestamp":279223676,"flicking":false,"velocity":0}
{"coastSample":14,"contentY":816,"endTimestamp":279223676,"flicking":false,"velocity":0}
{"coastSample":15,"contentY":816,"endTimestamp":279223676,"flicking":false,"velocity":0}
{"angleX":0,"angleY":0,"contentY":816,"deviceType":4,"inverted":false,"overViewport":true,"phase":1,"pixelX":0,"pixelY":0,"pointerX":750.9453125,"pointerY":460.08203125,"source":0,"timestamp":279224016}
{"angleX":0,"angleY":0,"contentY":816,"deviceType":4,"inverted":false,"overViewport":true,"phase":1,"pixelX":0,"pixelY":0,"pointerX":750.9453125,"pointerY":460.08203125,"source":0,"timestamp":279224016}
{"angleX":0,"angleY":112,"contentY":816,"deviceType":4,"inverted":true,"overViewport":true,"phase":2,"pixelX":0,"pixelY":9,"pointerX":750.9453125,"pointerY":460.08203125,"source":1,"timestamp":279224016}
{"angleX":0,"angleY":132,"contentY":816,"deviceType":4,"inverted":true,"overViewport":true,"phase":2,"pixelX":0,"pixelY":11,"pointerX":750.9453125,"pointerY":460.08203125,"source":1,"timestamp":279224023}
{"angleX":0,"angleY":157,"contentY":816,"deviceType":4,"inverted":true,"overViewport":true,"phase":2,"pixelX":0,"pixelY":13,"pointerX":750.9453125,"pointerY":460.08203125,"source":1,"timestamp":279224030}
{"angleX":0,"angleY":173,"contentY":816,"deviceType":4,"inverted":true,"overViewport":true,"phase":2,"pixelX":0,"pixelY":15,"pointerX":750.9453125,"pointerY":460.08203125,"source":1,"timestamp":279224037}
{"angleX":0,"angleY":193,"contentY":801,"deviceType":4,"inverted":true,"overViewport":true,"phase":2,"pixelX":0,"pixelY":16,"pointerX":750.9453125,"pointerY":460.08203125,"source":1,"timestamp":279224045}
{"angleX":0,"angleY":193,"contentY":785,"deviceType":4,"inverted":true,"overViewport":true,"phase":2,"pixelX":0,"pixelY":16,"pointerX":750.9453125,"pointerY":460.08203125,"source":1,"timestamp":279224052}
{"angleX":0,"angleY":200,"contentY":769,"deviceType":4,"inverted":true,"overViewport":true,"phase":2,"pixelX":0,"pixelY":17,"pointerX":750.9453125,"pointerY":460.08203125,"source":1,"timestamp":279224059}
{"angleX":0,"angleY":185,"contentY":752,"deviceType":4,"inverted":true,"overViewport":true,"phase":2,"pixelX":0,"pixelY":15,"pointerX":750.9453125,"pointerY":460.08203125,"source":1,"timestamp":279224066}
{"angleX":0,"angleY":171,"contentY":737,"deviceType":4,"inverted":true,"overViewport":true,"phase":2,"pixelX":0,"pixelY":14,"pointerX":750.9453125,"pointerY":460.08203125,"source":1,"timestamp":279224073}
{"angleX":0,"angleY":171,"contentY":723,"deviceType":4,"inverted":true,"overViewport":true,"phase":2,"pixelX":0,"pixelY":15,"pointerX":750.9453125,"pointerY":460.08203125,"source":1,"timestamp":279224081}
{"angleX":0,"angleY":163,"contentY":708,"deviceType":4,"inverted":true,"overViewport":true,"phase":2,"pixelX":0,"pixelY":13,"pointerX":750.9453125,"pointerY":460.08203125,"source":1,"timestamp":279224088}
{"angleX":0,"angleY":163,"contentY":695,"deviceType":4,"inverted":true,"overViewport":true,"phase":2,"pixelX":0,"pixelY":14,"pointerX":750.9453125,"pointerY":460.08203125,"source":1,"timestamp":279224095}
{"angleX":0,"angleY":163,"contentY":681,"deviceType":4,"inverted":true,"overViewport":true,"phase":2,"pixelX":0,"pixelY":13,"pointerX":750.9453125,"pointerY":460.08203125,"source":1,"timestamp":279224102}
{"angleX":0,"angleY":163,"contentY":668,"deviceType":4,"inverted":true,"overViewport":true,"phase":2,"pixelX":0,"pixelY":14,"pointerX":750.9453125,"pointerY":460.08203125,"source":1,"timestamp":279224109}
{"angleX":0,"angleY":171,"contentY":654,"deviceType":4,"inverted":true,"overViewport":true,"phase":2,"pixelX":0,"pixelY":14,"pointerX":750.9453125,"pointerY":460.08203125,"source":1,"timestamp":279224117}
{"angleX":0,"angleY":169,"contentY":640,"deviceType":4,"inverted":true,"overViewport":true,"phase":2,"pixelX":0,"pixelY":14,"pointerX":750.9453125,"pointerY":460.08203125,"source":1,"timestamp":279224124}
{"angleX":0,"angleY":179,"contentY":626,"deviceType":4,"inverted":true,"overViewport":true,"phase":2,"pixelX":0,"pixelY":15,"pointerX":750.9453125,"pointerY":460.08203125,"source":1,"timestamp":279224131}
{"angleX":0,"angleY":198,"contentY":611,"deviceType":4,"inverted":true,"overViewport":true,"phase":2,"pixelX":0,"pixelY":17,"pointerX":750.9453125,"pointerY":460.08203125,"source":1,"timestamp":279224138}
{"angleX":0,"angleY":0,"contentY":594,"deviceType":4,"inverted":true,"overViewport":true,"phase":3,"pixelX":0,"pixelY":0,"pointerX":750.9453125,"pointerY":460.08203125,"source":0,"timestamp":279224159}
{"angleX":0,"angleY":0,"contentY":594,"deviceType":4,"inverted":true,"overViewport":true,"phase":3,"pixelX":0,"pixelY":0,"pointerX":750.9453125,"pointerY":460.08203125,"source":0,"timestamp":279224159}
{"coastSample":1,"contentY":545.1206130179345,"endTimestamp":279224159,"flicking":true,"velocity":-2003.8541102994143}
{"coastSample":2,"contentY":498.3395949288806,"endTimestamp":279224159,"flicking":true,"velocity":-1916.4220730906056}
{"coastSample":3,"contentY":464.6308859481293,"endTimestamp":279224159,"flicking":true,"velocity":-1850.8480451839753}
{"coastSample":4,"contentY":421.522013421846,"endTimestamp":279224159,"flicking":true,"velocity":-1763.416007975157}
{"coastSample":5,"contentY":388.88232213853024,"endTimestamp":279224159,"flicking":true,"velocity":-1694.1989785181875}
{"coastSample":6,"contentY":349.5330272122264,"endTimestamp":279224159,"flicking":true,"velocity":-1606.7669413093597}
{"coastSample":7,"contentY":330.6452680839539,"endTimestamp":279224159,"flicking":true,"velocity":-1563.050922704927}
{"coastSample":8,"contentY":303.29723981014433,"endTimestamp":279224159,"flicking":true,"velocity":-1497.4768947983346}
{"coastSample":9,"contentY":268.66927489311695,"endTimestamp":279224159,"flicking":true,"velocity":-1410.0448575894973}
{"coastSample":10,"contentY":242.74363546712874,"endTimestamp":279224159,"flicking":true,"velocity":-1342.6493289076932}
{"coastSample":11,"contentY":211.87524815008067,"endTimestamp":279224159,"flicking":true,"velocity":-1253.3957909237}
{"coastSample":12,"contentY":190.1010122483337,"endTimestamp":279224159,"flicking":true,"velocity":-1187.8217630170695}
{"coastSample":13,"contentY":162.90477049405615,"endTimestamp":279224159,"flicking":true,"velocity":-1100.3897258082513}
{"coastSample":14,"contentY":150.09353795179692,"endTimestamp":279224159,"flicking":true,"velocity":-1056.6737072038088}
{"coastSample":15,"contentY":125.08835837246829,"endTimestamp":279224159,"flicking":true,"velocity":-965.5986684446513}
{"angleX":0,"angleY":0,"contentY":0,"deviceType":4,"inverted":false,"overViewport":true,"phase":1,"pixelX":0,"pixelY":0,"pointerX":750.9453125,"pointerY":460.08203125,"source":0,"timestamp":279225024}
{"angleX":0,"angleY":0,"contentY":0,"deviceType":4,"inverted":false,"overViewport":true,"phase":1,"pixelX":0,"pixelY":0,"pointerX":750.9453125,"pointerY":460.08203125,"source":0,"timestamp":279225024}
{"angleX":0,"angleY":-136,"contentY":0,"deviceType":4,"inverted":true,"overViewport":true,"phase":2,"pixelX":0,"pixelY":-11,"pointerX":750.9453125,"pointerY":460.08203125,"source":1,"timestamp":279225024}
{"angleX":0,"angleY":-141,"contentY":0,"deviceType":4,"inverted":true,"overViewport":true,"phase":2,"pixelX":0,"pixelY":-12,"pointerX":750.9453125,"pointerY":460.08203125,"source":1,"timestamp":279225032}
{"angleX":0,"angleY":-145,"contentY":0,"deviceType":4,"inverted":true,"overViewport":true,"phase":2,"pixelX":0,"pixelY":-12,"pointerX":750.9453125,"pointerY":460.08203125,"source":1,"timestamp":279225039}
{"angleX":0,"angleY":-147,"contentY":0,"deviceType":4,"inverted":true,"overViewport":true,"phase":2,"pixelX":0,"pixelY":-12,"pointerX":750.9453125,"pointerY":460.08203125,"source":1,"timestamp":279225046}
{"angleX":0,"angleY":-151,"contentY":12,"deviceType":4,"inverted":true,"overViewport":true,"phase":2,"pixelX":0,"pixelY":-13,"pointerX":750.9453125,"pointerY":460.08203125,"source":1,"timestamp":279225053}
{"angleX":0,"angleY":-147,"contentY":25,"deviceType":4,"inverted":true,"overViewport":true,"phase":2,"pixelX":0,"pixelY":-12,"pointerX":750.9453125,"pointerY":460.08203125,"source":1,"timestamp":279225060}
{"angleX":0,"angleY":-143,"contentY":37,"deviceType":4,"inverted":true,"overViewport":true,"phase":2,"pixelX":0,"pixelY":-12,"pointerX":750.9453125,"pointerY":460.08203125,"source":1,"timestamp":279225068}
{"angleX":0,"angleY":-138,"contentY":49,"deviceType":4,"inverted":true,"overViewport":true,"phase":2,"pixelX":0,"pixelY":-12,"pointerX":750.9453125,"pointerY":460.08203125,"source":1,"timestamp":279225075}
{"angleX":0,"angleY":-130,"contentY":61,"deviceType":4,"inverted":true,"overViewport":true,"phase":2,"pixelX":0,"pixelY":-10,"pointerX":750.9453125,"pointerY":460.08203125,"source":1,"timestamp":279225082}
{"angleX":0,"angleY":-128,"contentY":71,"deviceType":4,"inverted":true,"overViewport":true,"phase":2,"pixelX":0,"pixelY":-11,"pointerX":750.9453125,"pointerY":460.08203125,"source":1,"timestamp":279225089}
{"angleX":0,"angleY":-124,"contentY":82,"deviceType":4,"inverted":true,"overViewport":true,"phase":2,"pixelX":0,"pixelY":-10,"pointerX":750.9453125,"pointerY":460.08203125,"source":1,"timestamp":279225096}
{"angleX":0,"angleY":-108,"contentY":92,"deviceType":4,"inverted":true,"overViewport":true,"phase":2,"pixelX":0,"pixelY":-9,"pointerX":750.9453125,"pointerY":460.08203125,"source":1,"timestamp":279225104}
{"angleX":0,"angleY":-104,"contentY":101,"deviceType":4,"inverted":true,"overViewport":true,"phase":2,"pixelX":0,"pixelY":-9,"pointerX":750.9453125,"pointerY":460.08203125,"source":1,"timestamp":279225111}
{"angleX":0,"angleY":-94,"contentY":110,"deviceType":4,"inverted":true,"overViewport":true,"phase":2,"pixelX":0,"pixelY":-8,"pointerX":750.9453125,"pointerY":460.08203125,"source":1,"timestamp":279225118}
{"angleX":0,"angleY":0,"contentY":118,"deviceType":4,"inverted":true,"overViewport":true,"phase":3,"pixelX":0,"pixelY":0,"pointerX":750.9453125,"pointerY":460.08203125,"source":0,"timestamp":279225124}
{"angleX":0,"angleY":0,"contentY":118,"deviceType":4,"inverted":true,"overViewport":true,"phase":3,"pixelX":0,"pixelY":0,"pointerX":750.9453125,"pointerY":460.08203125,"source":0,"timestamp":279225124}
{"coastSample":1,"contentY":147.4607570905538,"endTimestamp":279225124,"flicking":true,"velocity":1214.0284188052608}
{"coastSample":2,"contentY":168.98919358982107,"endTimestamp":279225124,"flicking":true,"velocity":1187.0221655363055}
{"coastSample":3,"contentY":196.93760049731327,"endTimestamp":279225124,"flicking":true,"velocity":1151.0138278443615}
{"coastSample":4,"contentY":217.33177435928434,"endTimestamp":279225124,"flicking":true,"velocity":1124.007574575406}
{"coastSample":5,"contentY":238.33158576780716,"endTimestamp":279225124,"flicking":true,"velocity":1096.2511476045295}
{"coastSample":6,"contentY":257.72652825882676,"endTimestamp":279225124,"flicking":true,"velocity":1068.4947206336517}
{"coastSample":7,"contentY":282.8302764886555,"endTimestamp":279225124,"flicking":true,"velocity":1032.4863829417172}
{"coastSample":8,"contentY":288.97118227976785,"endTimestamp":279225124,"flicking":true,"velocity":1023.4842985187242}
{"coastSample":9,"contentY":312.9946803788382,"endTimestamp":279225124,"flicking":true,"velocity":987.4759608267805}
{"coastSample":10,"contentY":330.4451726344929,"endTimestamp":279225124,"flicking":true,"velocity":960.4697075578297}
{"coastSample":11,"contentY":353.87553070445415,"endTimestamp":279225124,"flicking":true,"velocity":922.9610224620615}
{"coastSample":12,"contentY":375.4864701781643,"endTimestamp":279225124,"flicking":true,"velocity":886.9526847701081}
{"coastSample":13,"contentY":391.12754346479886,"endTimestamp":279225124,"flicking":true,"velocity":859.9464315011479}
{"coastSample":14,"contentY":406.2825041925922,"endTimestamp":279225124,"flicking":true,"velocity":832.9401782322066}
{"coastSample":15,"contentY":420.9513523615442,"endTimestamp":279225124,"flicking":true,"velocity":805.9339249632368}
{"angleX":0,"angleY":0,"contentY":635,"deviceType":4,"inverted":false,"overViewport":true,"phase":1,"pixelX":0,"pixelY":0,"pointerX":750.9453125,"pointerY":460.08203125,"source":0,"timestamp":279226257}
{"angleX":0,"angleY":0,"contentY":635,"deviceType":4,"inverted":false,"overViewport":true,"phase":1,"pixelX":0,"pixelY":0,"pointerX":750.9453125,"pointerY":460.08203125,"source":0,"timestamp":279226257}
{"angleX":0,"angleY":-171,"contentY":635,"deviceType":4,"inverted":true,"overViewport":true,"phase":2,"pixelX":0,"pixelY":-14,"pointerX":750.9453125,"pointerY":460.08203125,"source":1,"timestamp":279226257}
{"angleX":0,"angleY":-179,"contentY":635,"deviceType":4,"inverted":true,"overViewport":true,"phase":2,"pixelX":0,"pixelY":-15,"pointerX":750.9453125,"pointerY":460.08203125,"source":1,"timestamp":279226264}
{"angleX":0,"angleY":-173,"contentY":635,"deviceType":4,"inverted":true,"overViewport":true,"phase":2,"pixelX":0,"pixelY":-15,"pointerX":750.9453125,"pointerY":460.08203125,"source":1,"timestamp":279226271}
{"angleX":0,"angleY":-169,"contentY":635,"deviceType":4,"inverted":true,"overViewport":true,"phase":2,"pixelX":0,"pixelY":-14,"pointerX":750.9453125,"pointerY":460.08203125,"source":1,"timestamp":279226278}
{"angleX":0,"angleY":0,"contentY":649,"deviceType":4,"inverted":true,"overViewport":true,"phase":3,"pixelX":0,"pixelY":0,"pointerX":750.9453125,"pointerY":460.08203125,"source":0,"timestamp":279226299}
{"angleX":0,"angleY":0,"contentY":649,"deviceType":4,"inverted":true,"overViewport":true,"phase":3,"pixelX":0,"pixelY":0,"pointerX":750.9453125,"pointerY":460.08203125,"source":0,"timestamp":279226299}
{"coastSample":1,"contentY":705.9424416473177,"endTimestamp":279226299,"flicking":true,"velocity":1740.3560226485788}
{"coastSample":2,"contentY":734.4297934742759,"endTimestamp":279226299,"flicking":true,"velocity":1503.7679742555574}
{"coastSample":3,"contentY":765.7884638885494,"endTimestamp":279226299,"flicking":true,"velocity":1188.317243064868}
{"coastSample":4,"contentY":789.5763167542466,"endTimestamp":279226299,"flicking":true,"velocity":872.8665118742166}
{"coastSample":5,"contentY":803.0391326191155,"endTimestamp":279226299,"flicking":true,"velocity":623.1346830149391}
{"coastSample":6,"contentY":811.416500332668,"endTimestamp":279226299,"flicking":true,"velocity":386.5466346218985}
{"coastSample":7,"contentY":814.6355316577728,"endTimestamp":279226299,"flicking":true,"velocity":228.82126902656333}
{"coastSample":8,"contentY":816,"endTimestamp":279226299,"flicking":false,"velocity":0}
{"coastSample":9,"contentY":816,"endTimestamp":279226299,"flicking":false,"velocity":0}
{"coastSample":10,"contentY":816,"endTimestamp":279226299,"flicking":false,"velocity":0}
{"coastSample":11,"contentY":816,"endTimestamp":279226299,"flicking":false,"velocity":0}
{"coastSample":12,"contentY":816,"endTimestamp":279226299,"flicking":false,"velocity":0}
{"coastSample":13,"contentY":816,"endTimestamp":279226299,"flicking":false,"velocity":0}
{"coastSample":14,"contentY":816,"endTimestamp":279226299,"flicking":false,"velocity":0}
{"coastSample":15,"contentY":816,"endTimestamp":279226299,"flicking":false,"velocity":0}
{"angleX":0,"angleY":0,"contentY":816,"deviceType":4,"inverted":false,"overViewport":true,"phase":1,"pixelX":0,"pixelY":0,"pointerX":768.11328125,"pointerY":508.73828125,"source":0,"timestamp":279227142}
{"angleX":0,"angleY":0,"contentY":816,"deviceType":4,"inverted":false,"overViewport":true,"phase":1,"pixelX":0,"pixelY":0,"pointerX":768.11328125,"pointerY":508.73828125,"source":0,"timestamp":279227142}
{"angleX":0,"angleY":100,"contentY":816,"deviceType":4,"inverted":true,"overViewport":true,"phase":2,"pixelX":0,"pixelY":8,"pointerX":768.11328125,"pointerY":508.73828125,"source":1,"timestamp":279227142}
{"angleX":0,"angleY":96,"contentY":816,"deviceType":4,"inverted":true,"overViewport":true,"phase":2,"pixelX":0,"pixelY":8,"pointerX":768.11328125,"pointerY":508.73828125,"source":1,"timestamp":279227150}
{"angleX":0,"angleY":94,"contentY":816,"deviceType":4,"inverted":true,"overViewport":true,"phase":2,"pixelX":0,"pixelY":8,"pointerX":768.11328125,"pointerY":508.73828125,"source":1,"timestamp":279227157}
{"angleX":0,"angleY":102,"contentY":816,"deviceType":4,"inverted":true,"overViewport":true,"phase":2,"pixelX":0,"pixelY":9,"pointerX":768.11328125,"pointerY":508.73828125,"source":1,"timestamp":279227164}
{"angleX":0,"angleY":106,"contentY":807,"deviceType":4,"inverted":true,"overViewport":true,"phase":2,"pixelX":0,"pixelY":8,"pointerX":768.11328125,"pointerY":508.73828125,"source":1,"timestamp":279227171}
{"angleX":0,"angleY":108,"contentY":799,"deviceType":4,"inverted":true,"overViewport":true,"phase":2,"pixelX":0,"pixelY":9,"pointerX":768.11328125,"pointerY":508.73828125,"source":1,"timestamp":279227178}
{"angleX":0,"angleY":106,"contentY":790,"deviceType":4,"inverted":true,"overViewport":true,"phase":2,"pixelX":0,"pixelY":9,"pointerX":768.11328125,"pointerY":508.73828125,"source":1,"timestamp":279227186}
{"angleX":0,"angleY":114,"contentY":781,"deviceType":4,"inverted":true,"overViewport":true,"phase":2,"pixelX":0,"pixelY":10,"pointerX":768.11328125,"pointerY":508.73828125,"source":1,"timestamp":279227193}
{"angleX":0,"angleY":110,"contentY":771,"deviceType":4,"inverted":true,"overViewport":true,"phase":2,"pixelX":0,"pixelY":9,"pointerX":768.11328125,"pointerY":508.73828125,"source":1,"timestamp":279227200}
{"angleX":0,"angleY":104,"contentY":762,"deviceType":4,"inverted":true,"overViewport":true,"phase":2,"pixelX":0,"pixelY":9,"pointerX":768.11328125,"pointerY":508.73828125,"source":1,"timestamp":279227207}
{"angleX":0,"angleY":106,"contentY":753,"deviceType":4,"inverted":true,"overViewport":true,"phase":2,"pixelX":0,"pixelY":8,"pointerX":768.11328125,"pointerY":508.73828125,"source":1,"timestamp":279227214}
{"angleX":0,"angleY":0,"contentY":745,"deviceType":4,"inverted":true,"overViewport":true,"phase":3,"pixelX":0,"pixelY":0,"pointerX":768.11328125,"pointerY":508.73828125,"source":0,"timestamp":279227220}
{"angleX":0,"angleY":0,"contentY":745,"deviceType":4,"inverted":true,"overViewport":true,"phase":3,"pixelX":0,"pixelY":0,"pointerX":768.11328125,"pointerY":508.73828125,"source":0,"timestamp":279227220}
{"coastSample":1,"contentY":714.5748731434497,"endTimestamp":279227220,"flicking":true,"velocity":-1254.2131190044188}
{"coastSample":2,"contentY":685.0137782880847,"endTimestamp":279227220,"flicking":true,"velocity":-1218.2117856216905}
{"coastSample":3,"contentY":656.316715433905,"endTimestamp":279227220,"flicking":true,"velocity":-1182.2104522389623}
{"coastSample":4,"contentY":635.360939294048,"endTimestamp":279227220,"flicking":true,"velocity":-1155.209452201916}
{"coastSample":5,"contentY":607.0619745175748,"endTimestamp":279227220,"flicking":true,"velocity":-1117.7080632616025}
{"coastSample":6,"contentY":593.8114837586577,"endTimestamp":279227220,"flicking":true,"velocity":-1099.7073965702384}
{"coastSample":7,"contentY":574.3407626208378,"endTimestamp":279227220,"flicking":true,"velocity":-1072.7063965331922}
{"coastSample":8,"contentY":549.1358291047816,"endTimestamp":279227220,"flicking":true,"velocity":-1036.705063150502}
{"coastSample":9,"contentY":524.7949275899107,"endTimestamp":279227220,"flicking":true,"velocity":-1000.7037297677736}
{"coastSample":10,"contentY":506.1378199192563,"endTimestamp":279227220,"flicking":true,"velocity":-972.2026741731137}
{"coastSample":11,"contentY":483.3449757398422,"endTimestamp":279227220,"flicking":true,"velocity":-936.2013407904045}
{"coastSample":12,"contentY":477.78176969517386,"endTimestamp":279227220,"flicking":true,"velocity":-927.2010074447222}
{"coastSample":13,"contentY":456.06896551724134,"endTimestamp":279227220,"flicking":true,"velocity":-891.1996740620035}
{"coastSample":14,"contentY":435.2201933404941,"endTimestamp":279227220,"flicking":true,"velocity":-855.1983406792848}
{"coastSample":15,"contentY":419.32768806252085,"endTimestamp":279227220,"flicking":true,"velocity":-826.6972850846345}
{"angleX":0,"angleY":0,"contentY":194,"deviceType":4,"inverted":false,"overViewport":true,"phase":1,"pixelX":0,"pixelY":0,"pointerX":768.11328125,"pointerY":508.73828125,"source":0,"timestamp":279228331}
{"angleX":0,"angleY":0,"contentY":194,"deviceType":4,"inverted":false,"overViewport":true,"phase":1,"pixelX":0,"pixelY":0,"pointerX":768.11328125,"pointerY":508.73828125,"source":0,"timestamp":279228331}
{"angleX":0,"angleY":100,"contentY":194,"deviceType":4,"inverted":true,"overViewport":true,"phase":2,"pixelX":0,"pixelY":8,"pointerX":768.11328125,"pointerY":508.73828125,"source":1,"timestamp":279228331}
{"angleX":0,"angleY":100,"contentY":194,"deviceType":4,"inverted":true,"overViewport":true,"phase":2,"pixelX":0,"pixelY":9,"pointerX":768.11328125,"pointerY":508.73828125,"source":1,"timestamp":279228338}
{"angleX":0,"angleY":104,"contentY":194,"deviceType":4,"inverted":true,"overViewport":true,"phase":2,"pixelX":0,"pixelY":8,"pointerX":768.11328125,"pointerY":508.73828125,"source":1,"timestamp":279228345}
{"angleX":0,"angleY":106,"contentY":194,"deviceType":4,"inverted":true,"overViewport":true,"phase":2,"pixelX":0,"pixelY":9,"pointerX":768.11328125,"pointerY":508.73828125,"source":1,"timestamp":279228352}
{"angleX":0,"angleY":104,"contentY":185,"deviceType":4,"inverted":true,"overViewport":true,"phase":2,"pixelX":0,"pixelY":9,"pointerX":768.11328125,"pointerY":508.73828125,"source":1,"timestamp":279228360}
{"angleX":0,"angleY":114,"contentY":176,"deviceType":4,"inverted":true,"overViewport":true,"phase":2,"pixelX":0,"pixelY":9,"pointerX":768.11328125,"pointerY":508.73828125,"source":1,"timestamp":279228367}
{"angleX":0,"angleY":118,"contentY":167,"deviceType":4,"inverted":true,"overViewport":true,"phase":2,"pixelX":0,"pixelY":10,"pointerX":768.11328125,"pointerY":508.73828125,"source":1,"timestamp":279228374}
{"angleX":0,"angleY":130,"contentY":157,"deviceType":4,"inverted":true,"overViewport":true,"phase":2,"pixelX":0,"pixelY":11,"pointerX":768.11328125,"pointerY":508.73828125,"source":1,"timestamp":279228381}
{"angleX":0,"angleY":130,"contentY":146,"deviceType":4,"inverted":true,"overViewport":true,"phase":2,"pixelX":0,"pixelY":11,"pointerX":768.11328125,"pointerY":508.73828125,"source":1,"timestamp":279228388}
{"angleX":0,"angleY":0,"contentY":135,"deviceType":4,"inverted":true,"overViewport":true,"phase":3,"pixelX":0,"pixelY":0,"pointerX":768.11328125,"pointerY":508.73828125,"source":0,"timestamp":279228402}
{"angleX":0,"angleY":0,"contentY":135,"deviceType":4,"inverted":true,"overViewport":true,"phase":3,"pixelX":0,"pixelY":0,"pointerX":768.11328125,"pointerY":508.73828125,"source":0,"timestamp":279228402}
{"coastSample":1,"contentY":94.64498299319727,"endTimestamp":279228402,"flicking":true,"velocity":-1249.8724489795923}
{"coastSample":2,"contentY":73.8625850340136,"endTimestamp":279228402,"flicking":true,"velocity":-1106.930272108843}
{"coastSample":3,"contentY":55.6531462585034,"endTimestamp":279228402,"flicking":true,"velocity":-963.9880952380959}
{"coastSample":4,"contentY":35.37627551020407,"endTimestamp":279228402,"flicking":true,"velocity":-773.3985260770997}
{"coastSample":5,"contentY":22.567746126228286,"endTimestamp":279228402,"flicking":true,"velocity":-622.5151171579691}
{"coastSample":6,"contentY":15.955217781557053,"endTimestamp":279228402,"flicking":true,"velocity":-527.2203325774782}
{"coastSample":7,"contentY":6.16077333711263,"endTimestamp":279228402,"flicking":true,"velocity":-336.6307634164751}
{"coastSample":8,"contentY":1.8167257180650154,"endTimestamp":279228402,"flicking":true,"velocity":-193.688586545728}
{"coastSample":9,"contentY":0,"endTimestamp":279228402,"flicking":false,"velocity":0}
{"coastSample":10,"contentY":0,"endTimestamp":279228402,"flicking":false,"velocity":0}
{"coastSample":11,"contentY":0,"endTimestamp":279228402,"flicking":false,"velocity":0}
{"coastSample":12,"contentY":0,"endTimestamp":279228402,"flicking":false,"velocity":0}
{"coastSample":13,"contentY":0,"endTimestamp":279228402,"flicking":false,"velocity":0}
{"coastSample":14,"contentY":0,"endTimestamp":279228402,"flicking":false,"velocity":0}
{"coastSample":15,"contentY":0,"endTimestamp":279228402,"flicking":false,"velocity":0}
{"angleX":0,"angleY":0,"contentY":0,"deviceType":4,"inverted":false,"overViewport":true,"phase":1,"pixelX":0,"pixelY":0,"pointerX":768.11328125,"pointerY":508.73828125,"source":0,"timestamp":279231544}
{"angleX":0,"angleY":0,"contentY":0,"deviceType":4,"inverted":false,"overViewport":true,"phase":1,"pixelX":0,"pixelY":0,"pointerX":768.11328125,"pointerY":508.73828125,"source":0,"timestamp":279231544}
{"angleX":0,"angleY":-39,"contentY":0,"deviceType":4,"inverted":true,"overViewport":true,"phase":2,"pixelX":0,"pixelY":-3,"pointerX":768.11328125,"pointerY":508.73828125,"source":1,"timestamp":279231544}
{"angleX":0,"angleY":-47,"contentY":0,"deviceType":4,"inverted":true,"overViewport":true,"phase":2,"pixelX":0,"pixelY":-4,"pointerX":768.11328125,"pointerY":508.73828125,"source":1,"timestamp":279231551}
{"angleX":0,"angleY":-45,"contentY":0,"deviceType":4,"inverted":true,"overViewport":true,"phase":2,"pixelX":0,"pixelY":-4,"pointerX":768.11328125,"pointerY":508.73828125,"source":1,"timestamp":279231559}
{"angleX":0,"angleY":-24,"contentY":0,"deviceType":4,"inverted":true,"overViewport":true,"phase":2,"pixelX":0,"pixelY":-2,"pointerX":768.11328125,"pointerY":508.73828125,"source":1,"timestamp":279231565}
{"angleX":0,"angleY":-53,"contentY":2,"deviceType":4,"inverted":true,"overViewport":true,"phase":2,"pixelX":0,"pixelY":-4,"pointerX":768.11328125,"pointerY":508.73828125,"source":1,"timestamp":279231573}
{"angleX":0,"angleY":-67,"contentY":6,"deviceType":4,"inverted":true,"overViewport":true,"phase":2,"pixelX":0,"pixelY":-6,"pointerX":768.11328125,"pointerY":508.73828125,"source":1,"timestamp":279231580}
{"angleX":0,"angleY":-49,"contentY":12,"deviceType":4,"inverted":true,"overViewport":true,"phase":2,"pixelX":0,"pixelY":-4,"pointerX":768.11328125,"pointerY":508.73828125,"source":1,"timestamp":279231587}
{"angleX":0,"angleY":-67,"contentY":16,"deviceType":4,"inverted":true,"overViewport":true,"phase":2,"pixelX":0,"pixelY":-6,"pointerX":768.11328125,"pointerY":508.73828125,"source":1,"timestamp":279231594}
{"angleX":0,"angleY":-53,"contentY":22,"deviceType":4,"inverted":true,"overViewport":true,"phase":2,"pixelX":0,"pixelY":-4,"pointerX":768.11328125,"pointerY":508.73828125,"source":1,"timestamp":279231601}
{"angleX":0,"angleY":-63,"contentY":26,"deviceType":4,"inverted":true,"overViewport":true,"phase":2,"pixelX":0,"pixelY":-5,"pointerX":768.11328125,"pointerY":508.73828125,"source":1,"timestamp":279231608}
{"angleX":0,"angleY":-67,"contentY":31,"deviceType":4,"inverted":true,"overViewport":true,"phase":2,"pixelX":0,"pixelY":-6,"pointerX":768.11328125,"pointerY":508.73828125,"source":1,"timestamp":279231616}
{"angleX":0,"angleY":-69,"contentY":37,"deviceType":4,"inverted":true,"overViewport":true,"phase":2,"pixelX":0,"pixelY":-6,"pointerX":768.11328125,"pointerY":508.73828125,"source":1,"timestamp":279231623}
{"angleX":0,"angleY":-37,"contentY":43,"deviceType":4,"inverted":true,"overViewport":true,"phase":2,"pixelX":0,"pixelY":-3,"pointerX":768.11328125,"pointerY":508.73828125,"source":1,"timestamp":279231630}
{"angleX":0,"angleY":-71,"contentY":46,"deviceType":4,"inverted":true,"overViewport":true,"phase":2,"pixelX":0,"pixelY":-6,"pointerX":768.11328125,"pointerY":508.73828125,"source":1,"timestamp":279231637}
{"angleX":0,"angleY":-75,"contentY":52,"deviceType":4,"inverted":true,"overViewport":true,"phase":2,"pixelX":0,"pixelY":-6,"pointerX":768.11328125,"pointerY":508.73828125,"source":1,"timestamp":279231645}
{"angleX":0,"angleY":-81,"contentY":58,"deviceType":4,"inverted":true,"overViewport":true,"phase":2,"pixelX":0,"pixelY":-7,"pointerX":768.11328125,"pointerY":508.73828125,"source":1,"timestamp":279231652}
{"angleX":0,"angleY":-39,"contentY":65,"deviceType":4,"inverted":true,"overViewport":true,"phase":2,"pixelX":0,"pixelY":-3,"pointerX":768.11328125,"pointerY":508.73828125,"source":1,"timestamp":279231659}
{"angleX":0,"angleY":-69,"contentY":68,"deviceType":4,"inverted":true,"overViewport":true,"phase":2,"pixelX":0,"pixelY":-6,"pointerX":768.11328125,"pointerY":508.73828125,"source":1,"timestamp":279231666}
{"angleX":0,"angleY":-81,"contentY":74,"deviceType":4,"inverted":true,"overViewport":true,"phase":2,"pixelX":0,"pixelY":-6,"pointerX":768.11328125,"pointerY":508.73828125,"source":1,"timestamp":279231673}
{"angleX":0,"angleY":-92,"contentY":80,"deviceType":4,"inverted":true,"overViewport":true,"phase":2,"pixelX":0,"pixelY":-8,"pointerX":768.11328125,"pointerY":508.73828125,"source":1,"timestamp":279231680}
{"angleX":0,"angleY":-94,"contentY":88,"deviceType":4,"inverted":true,"overViewport":true,"phase":2,"pixelX":0,"pixelY":-8,"pointerX":768.11328125,"pointerY":508.73828125,"source":1,"timestamp":279231687}
{"angleX":0,"angleY":-86,"contentY":96,"deviceType":4,"inverted":true,"overViewport":true,"phase":2,"pixelX":0,"pixelY":-7,"pointerX":768.11328125,"pointerY":508.73828125,"source":1,"timestamp":279231695}
{"angleX":0,"angleY":-88,"contentY":103,"deviceType":4,"inverted":true,"overViewport":true,"phase":2,"pixelX":0,"pixelY":-7,"pointerX":768.11328125,"pointerY":508.73828125,"source":1,"timestamp":279231702}
{"angleX":0,"angleY":-73,"contentY":110,"deviceType":4,"inverted":true,"overViewport":true,"phase":2,"pixelX":0,"pixelY":-6,"pointerX":768.11328125,"pointerY":508.73828125,"source":1,"timestamp":279231709}
{"angleX":0,"angleY":0,"contentY":116,"deviceType":4,"inverted":true,"overViewport":true,"phase":3,"pixelX":0,"pixelY":0,"pointerX":768.11328125,"pointerY":508.73828125,"source":0,"timestamp":279231715}
{"angleX":0,"angleY":0,"contentY":116,"deviceType":4,"inverted":true,"overViewport":true,"phase":3,"pixelX":0,"pixelY":0,"pointerX":768.11328125,"pointerY":508.73828125,"source":0,"timestamp":279231715}
{"coastSample":1,"contentY":138.81824081469648,"endTimestamp":279231715,"flicking":true,"velocity":937.2675594049534}
{"coastSample":2,"contentY":160.77296325878595,"endTimestamp":279231715,"flicking":true,"velocity":901.2876272963268}
{"coastSample":3,"contentY":176.67232116114218,"endTimestamp":279231715,"flicking":true,"velocity":874.3026782148557}
{"coastSample":4,"contentY":197.11588645666933,"endTimestamp":279231715,"flicking":true,"velocity":838.3227461062291}
{"coastSample":5,"contentY":217.49302912215455,"endTimestamp":279231715,"flicking":true,"velocity":800.8436501597439}
{"coastSample":6,"contentY":222.24412112495008,"endTimestamp":279231715,"flicking":true,"velocity":791.8486671325885}
{"coastSample":7,"contentY":240.7087901545028,"endTimestamp":279231715,"flicking":true,"velocity":755.8687350239619}
{"coastSample":8,"contentY":258.30994081344846,"endTimestamp":279231715,"flicking":true,"velocity":719.8888029153353}
{"coastSample":9,"contentY":270.9441198769469,"endTimestamp":279231715,"flicking":true,"velocity":692.903853833864}
{"coastSample":10,"contentY":287.685790235623,"endTimestamp":279231715,"flicking":true,"velocity":655.4247578873836}
{"coastSample":11,"contentY":299.1596164886182,"endTimestamp":279231715,"flicking":true,"velocity":628.4398088059125}
{"coastSample":12,"contentY":310.1477136581469,"endTimestamp":279231715,"flicking":true,"velocity":601.4548597244319}
{"coastSample":13,"contentY":320.6500817442093,"endTimestamp":279231715,"flicking":true,"velocity":574.4699106429797}
{"coastSample":14,"contentY":330.66672074680514,"endTimestamp":279231715,"flicking":true,"velocity":547.4849615615085}
{"coastSample":15,"contentY":343.7729187986721,"endTimestamp":279231715,"flicking":true,"velocity":510.0058656150092}
{"angleX":0,"angleY":0,"contentY":429,"deviceType":4,"inverted":false,"overViewport":true,"phase":1,"pixelX":0,"pixelY":0,"pointerX":768.11328125,"pointerY":508.73828125,"source":0,"timestamp":279233819}
{"angleX":0,"angleY":0,"contentY":429,"deviceType":4,"inverted":false,"overViewport":true,"phase":1,"pixelX":0,"pixelY":0,"pointerX":768.11328125,"pointerY":508.73828125,"source":0,"timestamp":279233819}
{"angleX":0,"angleY":-47,"contentY":429,"deviceType":4,"inverted":true,"overViewport":true,"phase":2,"pixelX":0,"pixelY":-4,"pointerX":768.11328125,"pointerY":508.73828125,"source":1,"timestamp":279233819}
{"angleX":0,"angleY":-49,"contentY":429,"deviceType":4,"inverted":true,"overViewport":true,"phase":2,"pixelX":0,"pixelY":-4,"pointerX":768.11328125,"pointerY":508.73828125,"source":1,"timestamp":279233827}
{"angleX":0,"angleY":-98,"contentY":429,"deviceType":4,"inverted":true,"overViewport":true,"phase":2,"pixelX":0,"pixelY":-8,"pointerX":768.11328125,"pointerY":508.73828125,"source":1,"timestamp":279233834}
{"angleX":0,"angleY":-81,"contentY":429,"deviceType":4,"inverted":true,"overViewport":true,"phase":2,"pixelX":0,"pixelY":-7,"pointerX":768.11328125,"pointerY":508.73828125,"source":1,"timestamp":279233841}
{"angleX":0,"angleY":-71,"contentY":436,"deviceType":4,"inverted":true,"overViewport":true,"phase":2,"pixelX":0,"pixelY":-6,"pointerX":768.11328125,"pointerY":508.73828125,"source":1,"timestamp":279233848}
{"angleX":0,"angleY":-75,"contentY":442,"deviceType":4,"inverted":true,"overViewport":true,"phase":2,"pixelX":0,"pixelY":-6,"pointerX":768.11328125,"pointerY":508.73828125,"source":1,"timestamp":279233855}
{"angleX":0,"angleY":-81,"contentY":448,"deviceType":4,"inverted":true,"overViewport":true,"phase":2,"pixelX":0,"pixelY":-7,"pointerX":768.11328125,"pointerY":508.73828125,"source":1,"timestamp":279233863}
{"angleX":0,"angleY":-79,"contentY":455,"deviceType":4,"inverted":true,"overViewport":true,"phase":2,"pixelX":0,"pixelY":-7,"pointerX":768.11328125,"pointerY":508.73828125,"source":1,"timestamp":279233870}
{"angleX":0,"angleY":-59,"contentY":462,"deviceType":4,"inverted":true,"overViewport":true,"phase":2,"pixelX":0,"pixelY":-4,"pointerX":768.11328125,"pointerY":508.73828125,"source":1,"timestamp":279233884}
{"angleX":0,"angleY":-79,"contentY":466,"deviceType":4,"inverted":true,"overViewport":true,"phase":2,"pixelX":0,"pixelY":-7,"pointerX":768.11328125,"pointerY":508.73828125,"source":1,"timestamp":279233891}
{"angleX":0,"angleY":-94,"contentY":473,"deviceType":4,"inverted":true,"overViewport":true,"phase":2,"pixelX":0,"pixelY":-8,"pointerX":768.11328125,"pointerY":508.73828125,"source":1,"timestamp":279233899}
{"angleX":0,"angleY":-96,"contentY":481,"deviceType":4,"inverted":true,"overViewport":true,"phase":2,"pixelX":0,"pixelY":-8,"pointerX":768.11328125,"pointerY":508.73828125,"source":1,"timestamp":279233906}
{"angleX":0,"angleY":-122,"contentY":489,"deviceType":4,"inverted":true,"overViewport":true,"phase":2,"pixelX":0,"pixelY":-10,"pointerX":768.11328125,"pointerY":508.73828125,"source":1,"timestamp":279233913}
{"angleX":0,"angleY":-122,"contentY":499,"deviceType":4,"inverted":true,"overViewport":true,"phase":2,"pixelX":0,"pixelY":-10,"pointerX":768.11328125,"pointerY":508.73828125,"source":1,"timestamp":279233920}
{"angleX":0,"angleY":-116,"contentY":509,"deviceType":4,"inverted":true,"overViewport":true,"phase":2,"pixelX":0,"pixelY":-10,"pointerX":768.11328125,"pointerY":508.73828125,"source":1,"timestamp":279233927}
{"angleX":0,"angleY":-112,"contentY":519,"deviceType":4,"inverted":true,"overViewport":true,"phase":2,"pixelX":0,"pixelY":-9,"pointerX":768.11328125,"pointerY":508.73828125,"source":1,"timestamp":279233934}
{"angleX":0,"angleY":-112,"contentY":528,"deviceType":4,"inverted":true,"overViewport":true,"phase":2,"pixelX":0,"pixelY":-10,"pointerX":768.11328125,"pointerY":508.73828125,"source":1,"timestamp":279233941}
{"angleX":0,"angleY":-114,"contentY":538,"deviceType":4,"inverted":true,"overViewport":true,"phase":2,"pixelX":0,"pixelY":-9,"pointerX":768.11328125,"pointerY":508.73828125,"source":1,"timestamp":279233948}
{"angleX":0,"angleY":0,"contentY":547,"deviceType":4,"inverted":true,"overViewport":true,"phase":3,"pixelX":0,"pixelY":0,"pointerX":768.11328125,"pointerY":508.73828125,"source":0,"timestamp":279233962}
{"angleX":0,"angleY":0,"contentY":547,"deviceType":4,"inverted":true,"overViewport":true,"phase":3,"pixelX":0,"pixelY":0,"pointerX":768.11328125,"pointerY":508.73828125,"source":0,"timestamp":279233962}
{"coastSample":1,"contentY":570.8739663151506,"endTimestamp":279233962,"flicking":true,"velocity":1305.7905318261191}
{"coastSample":2,"contentY":593.6387224034595,"endTimestamp":279233962,"flicking":true,"velocity":1244.1677414460248}
{"coastSample":3,"contentY":622.2662923905622,"endTimestamp":279233962,"flicking":true,"velocity":1162.0040209392262}
{"coastSample":4,"contentY":642.4428912829072,"endTimestamp":279233962,"flicking":true,"velocity":1100.381230559132}
{"coastSample":5,"contentY":661.5102799484106,"endTimestamp":279233962,"flicking":true,"velocity":1038.7584401790377}
{"coastSample":6,"contentY":674.5913388589637,"endTimestamp":279233962,"flicking":true,"velocity":994.2530915712003}
{"coastSample":7,"contentY":691.7484210226842,"endTimestamp":279233962,"flicking":true,"velocity":932.630301191106}
{"coastSample":8,"contentY":712.8990924436689,"endTimestamp":279233962,"flicking":true,"velocity":850.4665806843074}
{"coastSample":9,"contentY":732.0778345724907,"endTimestamp":279233962,"flicking":true,"velocity":768.3028601775277}
{"coastSample":10,"contentY":745.1678125711251,"endTimestamp":279233962,"flicking":true,"velocity":706.6800697974335}
{"coastSample":11,"contentY":757.7816554130945,"endTimestamp":279233962,"flicking":true,"velocity":641.6337910628727}
{"coastSample":12,"contentY":768.5915901676656,"endTimestamp":279233962,"flicking":true,"velocity":580.0110006827973}
{"coastSample":13,"contentY":778.2923146953949,"endTimestamp":279233962,"flicking":true,"velocity":518.3882103027221}
{"coastSample":14,"contentY":789.5011759350581,"endTimestamp":279233962,"flicking":true,"velocity":436.2244897959234}
{"coastSample":15,"contentY":796.6137432668235,"endTimestamp":279233962,"flicking":true,"velocity":374.60169941582916}
{"angleX":0,"angleY":0,"contentY":816,"deviceType":4,"inverted":false,"overViewport":true,"phase":1,"pixelX":0,"pixelY":0,"pointerX":768.11328125,"pointerY":508.73828125,"source":0,"timestamp":279236283}
{"angleX":0,"angleY":0,"contentY":816,"deviceType":4,"inverted":false,"overViewport":true,"phase":1,"pixelX":0,"pixelY":0,"pointerX":768.11328125,"pointerY":508.73828125,"source":0,"timestamp":279236283}
{"angleX":0,"angleY":57,"contentY":816,"deviceType":4,"inverted":true,"overViewport":true,"phase":2,"pixelX":0,"pixelY":5,"pointerX":768.11328125,"pointerY":508.73828125,"source":1,"timestamp":279236283}
{"angleX":0,"angleY":55,"contentY":816,"deviceType":4,"inverted":true,"overViewport":true,"phase":2,"pixelX":0,"pixelY":4,"pointerX":768.11328125,"pointerY":508.73828125,"source":1,"timestamp":279236290}
{"angleX":0,"angleY":57,"contentY":816,"deviceType":4,"inverted":true,"overViewport":true,"phase":2,"pixelX":0,"pixelY":5,"pointerX":768.11328125,"pointerY":508.73828125,"source":1,"timestamp":279236297}
{"angleX":0,"angleY":57,"contentY":816,"deviceType":4,"inverted":true,"overViewport":true,"phase":2,"pixelX":0,"pixelY":5,"pointerX":768.11328125,"pointerY":508.73828125,"source":1,"timestamp":279236304}
{"angleX":0,"angleY":61,"contentY":811,"deviceType":4,"inverted":true,"overViewport":true,"phase":2,"pixelX":0,"pixelY":5,"pointerX":768.11328125,"pointerY":508.73828125,"source":1,"timestamp":279236312}
{"angleX":0,"angleY":35,"contentY":806,"deviceType":4,"inverted":true,"overViewport":true,"phase":2,"pixelX":0,"pixelY":3,"pointerX":768.11328125,"pointerY":508.73828125,"source":1,"timestamp":279236326}
{"angleX":0,"angleY":51,"contentY":803,"deviceType":4,"inverted":true,"overViewport":true,"phase":2,"pixelX":0,"pixelY":4,"pointerX":768.11328125,"pointerY":508.73828125,"source":1,"timestamp":279236333}
{"angleX":0,"angleY":75,"contentY":799,"deviceType":4,"inverted":true,"overViewport":true,"phase":2,"pixelX":0,"pixelY":6,"pointerX":768.11328125,"pointerY":508.73828125,"source":1,"timestamp":279236340}
{"angleX":0,"angleY":96,"contentY":793,"deviceType":4,"inverted":true,"overViewport":true,"phase":2,"pixelX":0,"pixelY":8,"pointerX":768.11328125,"pointerY":508.73828125,"source":1,"timestamp":279236347}
{"angleX":0,"angleY":65,"contentY":785,"deviceType":4,"inverted":true,"overViewport":true,"phase":2,"pixelX":0,"pixelY":6,"pointerX":768.11328125,"pointerY":508.73828125,"source":1,"timestamp":279236355}
{"angleX":0,"angleY":134,"contentY":779,"deviceType":4,"inverted":true,"overViewport":true,"phase":2,"pixelX":0,"pixelY":11,"pointerX":768.11328125,"pointerY":508.73828125,"source":1,"timestamp":279236362}
{"angleX":0,"angleY":110,"contentY":768,"deviceType":4,"inverted":true,"overViewport":true,"phase":2,"pixelX":0,"pixelY":9,"pointerX":768.11328125,"pointerY":508.73828125,"source":1,"timestamp":279236369}
{"angleX":0,"angleY":143,"contentY":759,"deviceType":4,"inverted":true,"overViewport":true,"phase":2,"pixelX":0,"pixelY":12,"pointerX":768.11328125,"pointerY":508.73828125,"source":1,"timestamp":279236376}
{"angleX":0,"angleY":116,"contentY":747,"deviceType":4,"inverted":true,"overViewport":true,"phase":2,"pixelX":0,"pixelY":10,"pointerX":768.11328125,"pointerY":508.73828125,"source":1,"timestamp":279236384}
{"angleX":0,"angleY":149,"contentY":737,"deviceType":4,"inverted":true,"overViewport":true,"phase":2,"pixelX":0,"pixelY":12,"pointerX":768.11328125,"pointerY":508.73828125,"source":1,"timestamp":279236391}
{"angleX":0,"angleY":136,"contentY":725,"deviceType":4,"inverted":true,"overViewport":true,"phase":2,"pixelX":0,"pixelY":11,"pointerX":768.11328125,"pointerY":508.73828125,"source":1,"timestamp":279236398}
{"angleX":0,"angleY":0,"contentY":714,"deviceType":4,"inverted":true,"overViewport":true,"phase":3,"pixelX":0,"pixelY":0,"pointerX":768.11328125,"pointerY":508.73828125,"source":0,"timestamp":279236418}
{"angleX":0,"angleY":0,"contentY":714,"deviceType":4,"inverted":true,"overViewport":true,"phase":3,"pixelX":0,"pixelY":0,"pointerX":768.11328125,"pointerY":508.73828125,"source":0,"timestamp":279236418}
{"coastSample":1,"contentY":667.8943507090336,"endTimestamp":279236418,"flicking":true,"velocity":-1516.3389574579849}
{"coastSample":2,"contentY":640.969537815126,"endTimestamp":279236418,"flicking":true,"velocity":-1485.564929096635}
{"coastSample":3,"contentY":605.9314600840337,"endTimestamp":279236418,"flicking":true,"velocity":-1444.532891281502}
{"coastSample":4,"contentY":580.2991563813025,"endTimestamp":279236418,"flicking":true,"velocity":-1413.758862920171}
{"coastSample":5,"contentY":545.6176812521884,"endTimestamp":279236418,"flicking":true,"velocity":-1371.017156862744}
{"coastSample":6,"contentY":529.3501195400036,"endTimestamp":279236418,"flicking":true,"velocity":-1350.5011379551775}
{"coastSample":7,"contentY":505.4103873971464,"endTimestamp":279236418,"flicking":true,"velocity":-1319.727109593837}
{"coastSample":8,"contentY":474.3524173341211,"endTimestamp":279236418,"flicking":true,"velocity":-1278.6950717787136}
{"coastSample":9,"contentY":451.7051943824405,"endTimestamp":279236418,"flicking":true,"velocity":-1247.9210434173638}
{"coastSample":10,"contentY":421.16966474089634,"endTimestamp":279236418,"flicking":true,"velocity":-1205.179337359946}
{"coastSample":11,"contentY":399.8457250087535,"endTimestamp":279236418,"flicking":true,"velocity":-1174.4053089985964}
{"coastSample":12,"contentY":372.275478160014,"endTimestamp":279236418,"flicking":true,"velocity":-1133.3732711834728}
{"coastSample":13,"contentY":352.2440476190476,"endTimestamp":279236418,"flicking":true,"velocity":-1102.5992428221325}
{"coastSample":14,"contentY":332.76654958858546,"endTimestamp":279236418,"flicking":true,"velocity":-1071.825214460792}
{"coastSample":15,"contentY":319.04396582851894,"endTimestamp":279236418,"flicking":true,"velocity":-1050.4543614320678}
{"angleX":0,"angleY":0,"contentY":0,"deviceType":4,"inverted":false,"overViewport":true,"phase":1,"pixelX":0,"pixelY":0,"pointerX":768.11328125,"pointerY":508.73828125,"source":0,"timestamp":279237910}
{"angleX":0,"angleY":0,"contentY":0,"deviceType":4,"inverted":false,"overViewport":true,"phase":1,"pixelX":0,"pixelY":0,"pointerX":768.11328125,"pointerY":508.73828125,"source":0,"timestamp":279237910}
{"angleX":0,"angleY":-59,"contentY":0,"deviceType":4,"inverted":true,"overViewport":true,"phase":2,"pixelX":0,"pixelY":-5,"pointerX":768.11328125,"pointerY":508.73828125,"source":1,"timestamp":279237910}
{"angleX":0,"angleY":-63,"contentY":0,"deviceType":4,"inverted":true,"overViewport":true,"phase":2,"pixelX":0,"pixelY":-5,"pointerX":768.11328125,"pointerY":508.73828125,"source":1,"timestamp":279237917}
{"angleX":0,"angleY":-65,"contentY":0,"deviceType":4,"inverted":true,"overViewport":true,"phase":2,"pixelX":0,"pixelY":-6,"pointerX":768.11328125,"pointerY":508.73828125,"source":1,"timestamp":279237925}
{"angleX":0,"angleY":-16,"contentY":0,"deviceType":4,"inverted":true,"overViewport":true,"phase":2,"pixelX":0,"pixelY":-1,"pointerX":768.11328125,"pointerY":508.73828125,"source":1,"timestamp":279237939}
{"angleX":0,"angleY":-53,"contentY":1,"deviceType":4,"inverted":true,"overViewport":true,"phase":2,"pixelX":0,"pixelY":-4,"pointerX":768.11328125,"pointerY":508.73828125,"source":1,"timestamp":279237947}
{"angleX":0,"angleY":-90,"contentY":5,"deviceType":4,"inverted":true,"overViewport":true,"phase":2,"pixelX":0,"pixelY":-8,"pointerX":768.11328125,"pointerY":508.73828125,"source":1,"timestamp":279237954}
{"angleX":0,"angleY":-81,"contentY":13,"deviceType":4,"inverted":true,"overViewport":true,"phase":2,"pixelX":0,"pixelY":-7,"pointerX":768.11328125,"pointerY":508.73828125,"source":1,"timestamp":279237961}
{"angleX":0,"angleY":-81,"contentY":20,"deviceType":4,"inverted":true,"overViewport":true,"phase":2,"pixelX":0,"pixelY":-6,"pointerX":768.11328125,"pointerY":508.73828125,"source":1,"timestamp":279237968}
{"angleX":0,"angleY":-75,"contentY":26,"deviceType":4,"inverted":true,"overViewport":true,"phase":2,"pixelX":0,"pixelY":-7,"pointerX":768.11328125,"pointerY":508.73828125,"source":1,"timestamp":279237975}
{"angleX":0,"angleY":-73,"contentY":33,"deviceType":4,"inverted":true,"overViewport":true,"phase":2,"pixelX":0,"pixelY":-6,"pointerX":768.11328125,"pointerY":508.73828125,"source":1,"timestamp":279237983}
{"angleX":0,"angleY":-69,"contentY":39,"deviceType":4,"inverted":true,"overViewport":true,"phase":2,"pixelX":0,"pixelY":-6,"pointerX":768.11328125,"pointerY":508.73828125,"source":1,"timestamp":279237990}
{"angleX":0,"angleY":-67,"contentY":45,"deviceType":4,"inverted":true,"overViewport":true,"phase":2,"pixelX":0,"pixelY":-5,"pointerX":768.11328125,"pointerY":508.73828125,"source":1,"timestamp":279237997}
{"angleX":0,"angleY":-67,"contentY":50,"deviceType":4,"inverted":true,"overViewport":true,"phase":2,"pixelX":0,"pixelY":-6,"pointerX":768.11328125,"pointerY":508.73828125,"source":1,"timestamp":279238004}
{"angleX":0,"angleY":-71,"contentY":56,"deviceType":4,"inverted":true,"overViewport":true,"phase":2,"pixelX":0,"pixelY":-6,"pointerX":768.11328125,"pointerY":508.73828125,"source":1,"timestamp":279238011}
{"angleX":0,"angleY":-12,"contentY":62,"deviceType":4,"inverted":true,"overViewport":true,"phase":2,"pixelX":0,"pixelY":-1,"pointerX":768.11328125,"pointerY":508.73828125,"source":1,"timestamp":279238040}
{"angleX":0,"angleY":-14,"contentY":63,"deviceType":4,"inverted":true,"overViewport":true,"phase":2,"pixelX":0,"pixelY":-1,"pointerX":768.11328125,"pointerY":508.73828125,"source":1,"timestamp":279238047}
{"angleX":0,"angleY":-14,"contentY":64,"deviceType":4,"inverted":true,"overViewport":true,"phase":2,"pixelX":0,"pixelY":-1,"pointerX":768.11328125,"pointerY":508.73828125,"source":1,"timestamp":279238054}
{"angleX":0,"angleY":-10,"contentY":65,"deviceType":4,"inverted":true,"overViewport":true,"phase":2,"pixelX":0,"pixelY":-1,"pointerX":768.11328125,"pointerY":508.73828125,"source":1,"timestamp":279238061}
{"angleX":0,"angleY":0,"contentY":66,"deviceType":4,"inverted":true,"overViewport":true,"phase":3,"pixelX":0,"pixelY":0,"pointerX":768.11328125,"pointerY":508.73828125,"source":0,"timestamp":279238068}
{"angleX":0,"angleY":0,"contentY":66,"deviceType":4,"inverted":true,"overViewport":true,"phase":3,"pixelX":0,"pixelY":0,"pointerX":768.11328125,"pointerY":508.73828125,"source":0,"timestamp":279238068}
{"coastSample":1,"contentY":68.29588196753136,"endTimestamp":279238068,"flicking":true,"velocity":80.58540003397259}
{"coastSample":2,"contentY":69.38458680142688,"endTimestamp":279238068,"flicking":true,"velocity":50.43270280764034}
{"coastSample":3,"contentY":69.99191772428352,"endTimestamp":279238068,"flicking":true,"velocity":10.229106505858473}
{"coastSample":4,"contentY":70,"endTimestamp":279238068,"flicking":false,"velocity":0}
{"coastSample":5,"contentY":70,"endTimestamp":279238068,"flicking":false,"velocity":0}
{"coastSample":6,"contentY":70,"endTimestamp":279238068,"flicking":false,"velocity":0}
{"coastSample":7,"contentY":70,"endTimestamp":279238068,"flicking":false,"velocity":0}
{"coastSample":8,"contentY":70,"endTimestamp":279238068,"flicking":false,"velocity":0}
{"coastSample":9,"contentY":70,"endTimestamp":279238068,"flicking":false,"velocity":0}
{"coastSample":10,"contentY":70,"endTimestamp":279238068,"flicking":false,"velocity":0}
{"coastSample":11,"contentY":70,"endTimestamp":279238068,"flicking":false,"velocity":0}
{"coastSample":12,"contentY":70,"endTimestamp":279238068,"flicking":false,"velocity":0}
{"coastSample":13,"contentY":70,"endTimestamp":279238068,"flicking":false,"velocity":0}
{"coastSample":14,"contentY":70,"endTimestamp":279238068,"flicking":false,"velocity":0}
{"coastSample":15,"contentY":70,"endTimestamp":279238068,"flicking":false,"velocity":0}
{"angleX":0,"angleY":0,"contentY":70,"deviceType":4,"inverted":false,"overViewport":true,"phase":1,"pixelX":0,"pixelY":0,"pointerX":768.11328125,"pointerY":508.73828125,"source":0,"timestamp":279240676}
{"angleX":0,"angleY":0,"contentY":70,"deviceType":4,"inverted":false,"overViewport":true,"phase":1,"pixelX":0,"pixelY":0,"pointerX":768.11328125,"pointerY":508.73828125,"source":0,"timestamp":279240676}
{"angleX":0,"angleY":-69,"contentY":70,"deviceType":4,"inverted":true,"overViewport":true,"phase":2,"pixelX":0,"pixelY":-6,"pointerX":768.11328125,"pointerY":508.73828125,"source":1,"timestamp":279240676}
{"angleX":0,"angleY":-67,"contentY":70,"deviceType":4,"inverted":true,"overViewport":true,"phase":2,"pixelX":0,"pixelY":-5,"pointerX":768.11328125,"pointerY":508.73828125,"source":1,"timestamp":279240684}
{"angleX":0,"angleY":-69,"contentY":70,"deviceType":4,"inverted":true,"overViewport":true,"phase":2,"pixelX":0,"pixelY":-6,"pointerX":768.11328125,"pointerY":508.73828125,"source":1,"timestamp":279240691}
{"angleX":0,"angleY":-65,"contentY":70,"deviceType":4,"inverted":true,"overViewport":true,"phase":2,"pixelX":0,"pixelY":-6,"pointerX":768.11328125,"pointerY":508.73828125,"source":1,"timestamp":279240698}
{"angleX":0,"angleY":-61,"contentY":76,"deviceType":4,"inverted":true,"overViewport":true,"phase":2,"pixelX":0,"pixelY":-5,"pointerX":768.11328125,"pointerY":508.73828125,"source":1,"timestamp":279240705}
{"angleX":0,"angleY":-20,"contentY":81,"deviceType":4,"inverted":true,"overViewport":true,"phase":2,"pixelX":0,"pixelY":-1,"pointerX":768.11328125,"pointerY":508.73828125,"source":1,"timestamp":279240720}
{"angleX":0,"angleY":-41,"contentY":82,"deviceType":4,"inverted":true,"overViewport":true,"phase":2,"pixelX":0,"pixelY":-4,"pointerX":768.11328125,"pointerY":508.73828125,"source":1,"timestamp":279240727}
{"angleX":0,"angleY":-73,"contentY":86,"deviceType":4,"inverted":true,"overViewport":true,"phase":2,"pixelX":0,"pixelY":-6,"pointerX":768.11328125,"pointerY":508.73828125,"source":1,"timestamp":279240734}
{"angleX":0,"angleY":-79,"contentY":92,"deviceType":4,"inverted":true,"overViewport":true,"phase":2,"pixelX":0,"pixelY":-6,"pointerX":768.11328125,"pointerY":508.73828125,"source":1,"timestamp":279240742}
{"angleX":0,"angleY":-61,"contentY":98,"deviceType":4,"inverted":true,"overViewport":true,"phase":2,"pixelX":0,"pixelY":-6,"pointerX":768.11328125,"pointerY":508.73828125,"source":1,"timestamp":279240748}
{"angleX":0,"angleY":-86,"contentY":104,"deviceType":4,"inverted":true,"overViewport":true,"phase":2,"pixelX":0,"pixelY":-7,"pointerX":768.11328125,"pointerY":508.73828125,"source":1,"timestamp":279240756}
{"angleX":0,"angleY":-94,"contentY":111,"deviceType":4,"inverted":true,"overViewport":true,"phase":2,"pixelX":0,"pixelY":-8,"pointerX":768.11328125,"pointerY":508.73828125,"source":1,"timestamp":279240763}
{"angleX":0,"angleY":0,"contentY":119,"deviceType":4,"inverted":true,"overViewport":true,"phase":3,"pixelX":0,"pixelY":0,"pointerX":768.11328125,"pointerY":508.73828125,"source":0,"timestamp":279240776}
{"angleX":0,"angleY":0,"contentY":119,"deviceType":4,"inverted":true,"overViewport":true,"phase":3,"pixelX":0,"pixelY":0,"pointerX":768.11328125,"pointerY":508.73828125,"source":0,"timestamp":279240776}
{"coastSample":1,"contentY":146.58446316264047,"endTimestamp":279240776,"flicking":true,"velocity":901.4963611870002}
{"coastSample":2,"contentY":167.680803504098,"endTimestamp":279240776,"flicking":true,"velocity":865.5248727183013}
{"coastSample":3,"contentY":182.93650781680915,"endTimestamp":279240776,"flicking":true,"velocity":838.5462563667783}
{"coastSample":4,"contentY":197.70659703519289,"endTimestamp":279240776,"flicking":true,"velocity":811.5676400152552}
{"coastSample":5,"contentY":212.77041434084455,"endTimestamp":279240776,"flicking":true,"velocity":783.0902116442029}
{"coastSample":6,"contentY":231.02500709327492,"endTimestamp":279240776,"flicking":true,"velocity":747.1187231755039}
{"coastSample":7,"contentY":239.8285600732718,"endTimestamp":279240776,"flicking":true,"velocity":729.132978941152}
{"coastSample":8,"contentY":252.62921029799432,"endTimestamp":279240776,"flicking":true,"velocity":702.1543625896338}
{"coastSample":9,"contentY":264.94424542838937,"endTimestamp":279240776,"flicking":true,"velocity":675.175746238106}
{"coastSample":10,"contentY":281.2428494267745,"endTimestamp":279240776,"flicking":true,"velocity":638.4548517596369}
{"coastSample":11,"contentY":296.0082077977412,"endTimestamp":279240776,"flicking":true,"velocity":601.7339572811883}
{"coastSample":12,"contentY":306.51567563258413,"endTimestamp":279240776,"flicking":true,"velocity":574.7553409296605}
{"coastSample":13,"contentY":319.77023148786543,"endTimestamp":279240776,"flicking":true,"velocity":538.7838524609568}
{"coastSample":14,"contentY":329.1445974359444,"endTimestamp":279240776,"flicking":true,"velocity":511.8052361094385}
{"coastSample":15,"contentY":338.51292906738547,"endTimestamp":279240776,"flicking":true,"velocity":483.3278077383814}
{"angleX":0,"angleY":0,"contentY":415,"deviceType":4,"inverted":false,"overViewport":true,"phase":1,"pixelX":0,"pixelY":0,"pointerX":768.11328125,"pointerY":508.73828125,"source":0,"timestamp":279242283}
{"angleX":0,"angleY":0,"contentY":415,"deviceType":4,"inverted":false,"overViewport":true,"phase":1,"pixelX":0,"pixelY":0,"pointerX":768.11328125,"pointerY":508.73828125,"source":0,"timestamp":279242283}
{"angleX":0,"angleY":-31,"contentY":415,"deviceType":4,"inverted":true,"overViewport":true,"phase":2,"pixelX":0,"pixelY":-3,"pointerX":768.11328125,"pointerY":508.73828125,"source":1,"timestamp":279242283}
{"angleX":0,"angleY":-29,"contentY":415,"deviceType":4,"inverted":true,"overViewport":true,"phase":2,"pixelX":0,"pixelY":-2,"pointerX":768.11328125,"pointerY":508.73828125,"source":1,"timestamp":279242290}
{"angleX":0,"angleY":-29,"contentY":415,"deviceType":4,"inverted":true,"overViewport":true,"phase":2,"pixelX":0,"pixelY":-2,"pointerX":768.11328125,"pointerY":508.73828125,"source":1,"timestamp":279242297}
{"angleX":0,"angleY":-18,"contentY":415,"deviceType":4,"inverted":true,"overViewport":true,"phase":2,"pixelX":0,"pixelY":-2,"pointerX":768.11328125,"pointerY":508.73828125,"source":1,"timestamp":279242304}
{"angleX":0,"angleY":-16,"contentY":417,"deviceType":4,"inverted":true,"overViewport":true,"phase":2,"pixelX":0,"pixelY":-1,"pointerX":768.11328125,"pointerY":508.73828125,"source":1,"timestamp":279242312}
{"angleX":0,"angleY":-18,"contentY":418,"deviceType":4,"inverted":true,"overViewport":true,"phase":2,"pixelX":0,"pixelY":-2,"pointerX":768.11328125,"pointerY":508.73828125,"source":1,"timestamp":279242319}
{"angleX":0,"angleY":-12,"contentY":420,"deviceType":4,"inverted":true,"overViewport":true,"phase":2,"pixelX":0,"pixelY":-1,"pointerX":768.11328125,"pointerY":508.73828125,"source":1,"timestamp":279242326}
{"angleX":0,"angleY":-16,"contentY":421,"deviceType":4,"inverted":true,"overViewport":true,"phase":2,"pixelX":0,"pixelY":-1,"pointerX":768.11328125,"pointerY":508.73828125,"source":1,"timestamp":279242333}
{"angleX":0,"angleY":-35,"contentY":422,"deviceType":4,"inverted":true,"overViewport":true,"phase":2,"pixelX":0,"pixelY":-3,"pointerX":768.11328125,"pointerY":508.73828125,"source":1,"timestamp":279242340}
{"angleX":0,"angleY":-41,"contentY":425,"deviceType":4,"inverted":true,"overViewport":true,"phase":2,"pixelX":0,"pixelY":-3,"pointerX":768.11328125,"pointerY":508.73828125,"source":1,"timestamp":279242348}
{"angleX":0,"angleY":-47,"contentY":428,"deviceType":4,"inverted":true,"overViewport":true,"phase":2,"pixelX":0,"pixelY":-4,"pointerX":768.11328125,"pointerY":508.73828125,"source":1,"timestamp":279242355}
{"angleX":0,"angleY":-41,"contentY":432,"deviceType":4,"inverted":true,"overViewport":true,"phase":2,"pixelX":0,"pixelY":-4,"pointerX":768.11328125,"pointerY":508.73828125,"source":1,"timestamp":279242362}
{"angleX":0,"angleY":-41,"contentY":436,"deviceType":4,"inverted":true,"overViewport":true,"phase":2,"pixelX":0,"pixelY":-3,"pointerX":768.11328125,"pointerY":508.73828125,"source":1,"timestamp":279242369}
{"angleX":0,"angleY":-39,"contentY":439,"deviceType":4,"inverted":true,"overViewport":true,"phase":2,"pixelX":0,"pixelY":-3,"pointerX":768.11328125,"pointerY":508.73828125,"source":1,"timestamp":279242376}
{"angleX":0,"angleY":-29,"contentY":442,"deviceType":4,"inverted":true,"overViewport":true,"phase":2,"pixelX":0,"pixelY":-3,"pointerX":768.11328125,"pointerY":508.73828125,"source":1,"timestamp":279242384}
{"angleX":0,"angleY":-22,"contentY":445,"deviceType":4,"inverted":true,"overViewport":true,"phase":2,"pixelX":0,"pixelY":-2,"pointerX":768.11328125,"pointerY":508.73828125,"source":1,"timestamp":279242391}
{"angleX":0,"angleY":-14,"contentY":447,"deviceType":4,"inverted":true,"overViewport":true,"phase":2,"pixelX":0,"pixelY":-1,"pointerX":768.11328125,"pointerY":508.73828125,"source":1,"timestamp":279242398}
{"angleX":0,"angleY":-12,"contentY":448,"deviceType":4,"inverted":true,"overViewport":true,"phase":2,"pixelX":0,"pixelY":-1,"pointerX":768.11328125,"pointerY":508.73828125,"source":1,"timestamp":279242405}
{"angleX":0,"angleY":-4,"contentY":449,"deviceType":4,"inverted":true,"overViewport":true,"phase":2,"pixelX":0,"pixelY":0,"pointerX":768.11328125,"pointerY":508.73828125,"source":1,"timestamp":279242412}
{"angleX":0,"angleY":-2,"contentY":449.3109893267374,"deviceType":4,"inverted":true,"overViewport":true,"phase":2,"pixelX":0,"pixelY":0,"pointerX":768.11328125,"pointerY":508.73828125,"source":1,"timestamp":279242420}
{"angleX":0,"angleY":-2,"contentY":450.05701964181435,"deviceType":4,"inverted":true,"overViewport":true,"phase":2,"pixelX":0,"pixelY":0,"pointerX":768.11328125,"pointerY":508.73828125,"source":1,"timestamp":279242463}
{"angleX":0,"angleY":-4,"contentY":451.11149907255395,"deviceType":4,"inverted":true,"overViewport":true,"phase":2,"pixelX":0,"pixelY":-1,"pointerX":768.11328125,"pointerY":508.73828125,"source":1,"timestamp":279242556}
{"angleX":0,"angleY":-6,"contentY":450,"deviceType":4,"inverted":true,"overViewport":true,"phase":2,"pixelX":0,"pixelY":0,"pointerX":768.11328125,"pointerY":508.73828125,"source":1,"timestamp":279242571}
{"angleX":0,"angleY":-14,"contentY":450.4664839901061,"deviceType":4,"inverted":true,"overViewport":true,"phase":2,"pixelX":0,"pixelY":-1,"pointerX":768.11328125,"pointerY":508.73828125,"source":1,"timestamp":279242578}
{"angleX":0,"angleY":-12,"contentY":451,"deviceType":4,"inverted":true,"overViewport":true,"phase":2,"pixelX":0,"pixelY":-1,"pointerX":768.11328125,"pointerY":508.73828125,"source":1,"timestamp":279242585}
{"angleX":0,"angleY":-8,"contentY":452,"deviceType":4,"inverted":true,"overViewport":true,"phase":2,"pixelX":0,"pixelY":-1,"pointerX":768.11328125,"pointerY":508.73828125,"source":1,"timestamp":279242592}
{"angleX":0,"angleY":-2,"contentY":453,"deviceType":4,"inverted":true,"overViewport":true,"phase":2,"pixelX":0,"pixelY":0,"pointerX":768.11328125,"pointerY":508.73828125,"source":1,"timestamp":279242599}
{"angleX":0,"angleY":-2,"contentY":453,"deviceType":4,"inverted":true,"overViewport":true,"phase":2,"pixelX":0,"pixelY":0,"pointerX":768.11328125,"pointerY":508.73828125,"source":1,"timestamp":279242606}
{"angleX":0,"angleY":-2,"contentY":453.1554946633687,"deviceType":4,"inverted":true,"overViewport":true,"phase":2,"pixelX":0,"pixelY":-1,"pointerX":768.11328125,"pointerY":508.73828125,"source":1,"timestamp":279242621}
{"angleX":0,"angleY":-2,"contentY":454,"deviceType":4,"inverted":true,"overViewport":true,"phase":2,"pixelX":0,"pixelY":0,"pointerX":768.11328125,"pointerY":508.73828125,"source":1,"timestamp":279242635}
{"angleX":0,"angleY":-2,"contentY":454.67834733168434,"deviceType":4,"inverted":true,"overViewport":true,"phase":2,"pixelX":0,"pixelY":0,"pointerX":768.11328125,"pointerY":508.73828125,"source":1,"timestamp":279242671}
{"angleX":0,"angleY":-2,"contentY":455.7952784934075,"deviceType":4,"inverted":true,"overViewport":true,"phase":2,"pixelX":0,"pixelY":0,"pointerX":768.11328125,"pointerY":508.73828125,"source":1,"timestamp":279242801}
{"angleX":0,"angleY":-12,"contentY":455.9507731567762,"deviceType":4,"inverted":true,"overViewport":true,"phase":2,"pixelX":0,"pixelY":-1,"pointerX":768.11328125,"pointerY":508.73828125,"source":1,"timestamp":279242808}
{"angleX":0,"angleY":-8,"contentY":455,"deviceType":4,"inverted":true,"overViewport":true,"phase":2,"pixelX":0,"pixelY":-1,"pointerX":768.11328125,"pointerY":508.73828125,"source":1,"timestamp":279242815}
{"angleX":0,"angleY":-4,"contentY":456,"deviceType":4,"inverted":true,"overViewport":true,"phase":2,"pixelX":0,"pixelY":0,"pointerX":768.11328125,"pointerY":508.73828125,"source":1,"timestamp":279242822}
{"angleX":0,"angleY":-2,"contentY":456.3109893267374,"deviceType":4,"inverted":true,"overViewport":true,"phase":2,"pixelX":0,"pixelY":0,"pointerX":768.11328125,"pointerY":508.73828125,"source":1,"timestamp":279242829}
{"angleX":0,"angleY":-2,"contentY":456.3109893267374,"deviceType":4,"inverted":true,"overViewport":true,"phase":2,"pixelX":0,"pixelY":-1,"pointerX":768.11328125,"pointerY":508.73828125,"source":1,"timestamp":279242837}
{"angleX":0,"angleY":-2,"contentY":457,"deviceType":4,"inverted":true,"overViewport":true,"phase":2,"pixelX":0,"pixelY":0,"pointerX":768.11328125,"pointerY":508.73828125,"source":1,"timestamp":279242851}
{"angleX":0,"angleY":-2,"contentY":457.6006,"deviceType":4,"inverted":true,"overViewport":true,"phase":2,"pixelX":0,"pixelY":0,"pointerX":768.11328125,"pointerY":508.73828125,"source":1,"timestamp":279242887}
{"angleX":0,"angleY":-2,"contentY":458.4055517743949,"deviceType":4,"inverted":true,"overViewport":true,"phase":2,"pixelX":0,"pixelY":0,"pointerX":768.11328125,"pointerY":508.73828125,"source":1,"timestamp":279242937}
{"angleX":0,"angleY":-16,"contentY":458.4055517743949,"deviceType":4,"inverted":true,"overViewport":true,"phase":2,"pixelX":0,"pixelY":-1,"pointerX":768.11328125,"pointerY":508.73828125,"source":1,"timestamp":279242945}
{"angleX":0,"angleY":-22,"contentY":458,"deviceType":4,"inverted":true,"overViewport":true,"phase":2,"pixelX":0,"pixelY":-2,"pointerX":768.11328125,"pointerY":508.73828125,"source":1,"timestamp":279242952}
{"angleX":0,"angleY":-16,"contentY":460,"deviceType":4,"inverted":true,"overViewport":true,"phase":2,"pixelX":0,"pixelY":-2,"pointerX":768.11328125,"pointerY":508.73828125,"source":1,"timestamp":279242959}
{"angleX":0,"angleY":-14,"contentY":462,"deviceType":4,"inverted":true,"overViewport":true,"phase":2,"pixelX":0,"pixelY":-1,"pointerX":768.11328125,"pointerY":508.73828125,"source":1,"timestamp":279242966}
{"angleX":0,"angleY":-10,"contentY":463,"deviceType":4,"inverted":true,"overViewport":true,"phase":2,"pixelX":0,"pixelY":-1,"pointerX":768.11328125,"pointerY":508.73828125,"source":1,"timestamp":279242973}
{"angleX":0,"angleY":-8,"contentY":464,"deviceType":4,"inverted":true,"overViewport":true,"phase":2,"pixelX":0,"pixelY":0,"pointerX":768.11328125,"pointerY":508.73828125,"source":1,"timestamp":279242981}
{"angleX":0,"angleY":-4,"contentY":464,"deviceType":4,"inverted":true,"overViewport":true,"phase":2,"pixelX":0,"pixelY":-1,"pointerX":768.11328125,"pointerY":508.73828125,"source":1,"timestamp":279242988}
{"angleX":0,"angleY":-4,"contentY":465,"deviceType":4,"inverted":true,"overViewport":true,"phase":2,"pixelX":0,"pixelY":0,"pointerX":768.11328125,"pointerY":508.73828125,"source":1,"timestamp":279242995}
{"angleX":0,"angleY":-10,"contentY":465.3109893267374,"deviceType":4,"inverted":true,"overViewport":true,"phase":2,"pixelX":0,"pixelY":-1,"pointerX":768.11328125,"pointerY":508.73828125,"source":1,"timestamp":279243002}
{"angleX":0,"angleY":-10,"contentY":466,"deviceType":4,"inverted":true,"overViewport":true,"phase":2,"pixelX":0,"pixelY":-1,"pointerX":768.11328125,"pointerY":508.73828125,"source":1,"timestamp":279243009}
{"angleX":0,"angleY":-6,"contentY":467,"deviceType":4,"inverted":true,"overViewport":true,"phase":2,"pixelX":0,"pixelY":0,"pointerX":768.11328125,"pointerY":508.73828125,"source":1,"timestamp":279243016}
{"angleX":0,"angleY":-4,"contentY":467.87258189046156,"deviceType":4,"inverted":true,"overViewport":true,"phase":2,"pixelX":0,"pixelY":-1,"pointerX":768.11328125,"pointerY":508.73828125,"source":1,"timestamp":279243031}
{"angleX":0,"angleY":-2,"contentY":468,"deviceType":4,"inverted":true,"overViewport":true,"phase":2,"pixelX":0,"pixelY":0,"pointerX":768.11328125,"pointerY":508.73828125,"source":1,"timestamp":279243038}
{"angleX":0,"angleY":-2,"contentY":468.2908606301539,"deviceType":4,"inverted":true,"overViewport":true,"phase":2,"pixelX":0,"pixelY":0,"pointerX":768.11328125,"pointerY":508.73828125,"source":1,"timestamp":279243045}
{"angleX":0,"angleY":-2,"contentY":468.2908606301539,"deviceType":4,"inverted":true,"overViewport":true,"phase":2,"pixelX":0,"pixelY":0,"pointerX":768.11328125,"pointerY":508.73828125,"source":1,"timestamp":279243052}
{"angleX":0,"angleY":-6,"contentY":468.4463552935226,"deviceType":4,"inverted":true,"overViewport":true,"phase":2,"pixelX":0,"pixelY":-1,"pointerX":768.11328125,"pointerY":508.73828125,"source":1,"timestamp":279243060}
{"angleX":0,"angleY":-10,"contentY":469,"deviceType":4,"inverted":true,"overViewport":true,"phase":2,"pixelX":0,"pixelY":0,"pointerX":768.11328125,"pointerY":508.73828125,"source":1,"timestamp":279243067}
{"angleX":0,"angleY":-6,"contentY":469,"deviceType":4,"inverted":true,"overViewport":true,"phase":2,"pixelX":0,"pixelY":-1,"pointerX":768.11328125,"pointerY":508.73828125,"source":1,"timestamp":279243074}
{"angleX":0,"angleY":-4,"contentY":470,"deviceType":4,"inverted":true,"overViewport":true,"phase":2,"pixelX":0,"pixelY":0,"pointerX":768.11328125,"pointerY":508.73828125,"source":1,"timestamp":279243081}
{"angleX":0,"angleY":-4,"contentY":470.3109893267374,"deviceType":4,"inverted":true,"overViewport":true,"phase":2,"pixelX":0,"pixelY":-1,"pointerX":768.11328125,"pointerY":508.73828125,"source":1,"timestamp":279243088}
{"angleX":0,"angleY":-12,"contentY":471,"deviceType":4,"inverted":true,"overViewport":true,"phase":2,"pixelX":0,"pixelY":-1,"pointerX":768.11328125,"pointerY":508.73828125,"source":1,"timestamp":279243096}
{"angleX":0,"angleY":-8,"contentY":472,"deviceType":4,"inverted":true,"overViewport":true,"phase":2,"pixelX":0,"pixelY":0,"pointerX":768.11328125,"pointerY":508.73828125,"source":1,"timestamp":279243103}
{"angleX":0,"angleY":-8,"contentY":472,"deviceType":4,"inverted":true,"overViewport":true,"phase":2,"pixelX":0,"pixelY":-1,"pointerX":768.11328125,"pointerY":508.73828125,"source":1,"timestamp":279243110}
{"angleX":0,"angleY":-10,"contentY":473,"deviceType":4,"inverted":true,"overViewport":true,"phase":2,"pixelX":0,"pixelY":-1,"pointerX":768.11328125,"pointerY":508.73828125,"source":1,"timestamp":279243117}
{"angleX":0,"angleY":-10,"contentY":474,"deviceType":4,"inverted":true,"overViewport":true,"phase":2,"pixelX":0,"pixelY":-1,"pointerX":768.11328125,"pointerY":508.73828125,"source":1,"timestamp":279243124}
{"angleX":0,"angleY":-8,"contentY":475,"deviceType":4,"inverted":true,"overViewport":true,"phase":2,"pixelX":0,"pixelY":0,"pointerX":768.11328125,"pointerY":508.73828125,"source":1,"timestamp":279243139}
{"angleX":0,"angleY":-10,"contentY":476.16344252061543,"deviceType":4,"inverted":true,"overViewport":true,"phase":2,"pixelX":0,"pixelY":-1,"pointerX":768.11328125,"pointerY":508.73828125,"source":1,"timestamp":279243146}
{"angleX":0,"angleY":-14,"contentY":476,"deviceType":4,"inverted":true,"overViewport":true,"phase":2,"pixelX":0,"pixelY":-1,"pointerX":768.11328125,"pointerY":508.73828125,"source":1,"timestamp":279243153}
{"angleX":0,"angleY":-10,"contentY":477,"deviceType":4,"inverted":true,"overViewport":true,"phase":2,"pixelX":0,"pixelY":-1,"pointerX":768.11328125,"pointerY":508.73828125,"source":1,"timestamp":279243160}
{"angleX":0,"angleY":-4,"contentY":478,"deviceType":4,"inverted":true,"overViewport":true,"phase":2,"pixelX":0,"pixelY":-1,"pointerX":768.11328125,"pointerY":508.73828125,"source":1,"timestamp":279243168}
{"angleX":0,"angleY":-6,"contentY":479,"deviceType":4,"inverted":true,"overViewport":true,"phase":2,"pixelX":0,"pixelY":0,"pointerX":768.11328125,"pointerY":508.73828125,"source":1,"timestamp":279243175}
{"angleX":0,"angleY":-22,"contentY":479.4664839901061,"deviceType":4,"inverted":true,"overViewport":true,"phase":2,"pixelX":0,"pixelY":-2,"pointerX":768.11328125,"pointerY":508.73828125,"source":1,"timestamp":279243182}
{"angleX":0,"angleY":-26,"contentY":481,"deviceType":4,"inverted":true,"overViewport":true,"phase":2,"pixelX":0,"pixelY":-2,"pointerX":768.11328125,"pointerY":508.73828125,"source":1,"timestamp":279243189}
{"angleX":0,"angleY":-16,"contentY":483,"deviceType":4,"inverted":true,"overViewport":true,"phase":2,"pixelX":0,"pixelY":-2,"pointerX":768.11328125,"pointerY":508.73828125,"source":1,"timestamp":279243196}
{"angleX":0,"angleY":-12,"contentY":485,"deviceType":4,"inverted":true,"overViewport":true,"phase":2,"pixelX":0,"pixelY":-1,"pointerX":768.11328125,"pointerY":508.73828125,"source":1,"timestamp":279243204}
{"angleX":0,"angleY":-18,"contentY":486,"deviceType":4,"inverted":true,"overViewport":true,"phase":2,"pixelX":0,"pixelY":-1,"pointerX":768.11328125,"pointerY":508.73828125,"source":1,"timestamp":279243211}
{"angleX":0,"angleY":-26,"contentY":487,"deviceType":4,"inverted":true,"overViewport":true,"phase":2,"pixelX":0,"pixelY":-2,"pointerX":768.11328125,"pointerY":508.73828125,"source":1,"timestamp":279243218}
{"angleX":0,"angleY":-35,"contentY":489,"deviceType":4,"inverted":true,"overViewport":true,"phase":2,"pixelX":0,"pixelY":-3,"pointerX":768.11328125,"pointerY":508.73828125,"source":1,"timestamp":279243225}
{"angleX":0,"angleY":-43,"contentY":492,"deviceType":4,"inverted":true,"overViewport":true,"phase":2,"pixelX":0,"pixelY":-4,"pointerX":768.11328125,"pointerY":508.73828125,"source":1,"timestamp":279243232}
{"angleX":0,"angleY":-49,"contentY":496,"deviceType":4,"inverted":true,"overViewport":true,"phase":2,"pixelX":0,"pixelY":-4,"pointerX":768.11328125,"pointerY":508.73828125,"source":1,"timestamp":279243239}
{"angleX":0,"angleY":-51,"contentY":500,"deviceType":4,"inverted":true,"overViewport":true,"phase":2,"pixelX":0,"pixelY":-4,"pointerX":768.11328125,"pointerY":508.73828125,"source":1,"timestamp":279243247}
{"angleX":0,"angleY":-51,"contentY":504,"deviceType":4,"inverted":true,"overViewport":true,"phase":2,"pixelX":0,"pixelY":-4,"pointerX":768.11328125,"pointerY":508.73828125,"source":1,"timestamp":279243254}
{"angleX":0,"angleY":-49,"contentY":508,"deviceType":4,"inverted":true,"overViewport":true,"phase":2,"pixelX":0,"pixelY":-4,"pointerX":768.11328125,"pointerY":508.73828125,"source":1,"timestamp":279243261}
{"angleX":0,"angleY":-45,"contentY":512,"deviceType":4,"inverted":true,"overViewport":true,"phase":2,"pixelX":0,"pixelY":-4,"pointerX":768.11328125,"pointerY":508.73828125,"source":1,"timestamp":279243268}
{"angleX":0,"angleY":-45,"contentY":516,"deviceType":4,"inverted":true,"overViewport":true,"phase":2,"pixelX":0,"pixelY":-4,"pointerX":768.11328125,"pointerY":508.73828125,"source":1,"timestamp":279243275}
{"angleX":0,"angleY":-41,"contentY":520,"deviceType":4,"inverted":true,"overViewport":true,"phase":2,"pixelX":0,"pixelY":-3,"pointerX":768.11328125,"pointerY":508.73828125,"source":1,"timestamp":279243283}
{"angleX":0,"angleY":-43,"contentY":523,"deviceType":4,"inverted":true,"overViewport":true,"phase":2,"pixelX":0,"pixelY":-4,"pointerX":768.11328125,"pointerY":508.73828125,"source":1,"timestamp":279243290}
{"angleX":0,"angleY":-45,"contentY":527,"deviceType":4,"inverted":true,"overViewport":true,"phase":2,"pixelX":0,"pixelY":-4,"pointerX":768.11328125,"pointerY":508.73828125,"source":1,"timestamp":279243297}
{"angleX":0,"angleY":-45,"contentY":531,"deviceType":4,"inverted":true,"overViewport":true,"phase":2,"pixelX":0,"pixelY":-3,"pointerX":768.11328125,"pointerY":508.73828125,"source":1,"timestamp":279243304}
{"angleX":0,"angleY":-45,"contentY":534,"deviceType":4,"inverted":true,"overViewport":true,"phase":2,"pixelX":0,"pixelY":-4,"pointerX":768.11328125,"pointerY":508.73828125,"source":1,"timestamp":279243311}
{"angleX":0,"angleY":-41,"contentY":538,"deviceType":4,"inverted":true,"overViewport":true,"phase":2,"pixelX":0,"pixelY":-3,"pointerX":768.11328125,"pointerY":508.73828125,"source":1,"timestamp":279243319}
{"angleX":0,"angleY":-39,"contentY":541,"deviceType":4,"inverted":true,"overViewport":true,"phase":2,"pixelX":0,"pixelY":-4,"pointerX":768.11328125,"pointerY":508.73828125,"source":1,"timestamp":279243326}
{"angleX":0,"angleY":-33,"contentY":545,"deviceType":4,"inverted":true,"overViewport":true,"phase":2,"pixelX":0,"pixelY":-2,"pointerX":768.11328125,"pointerY":508.73828125,"source":1,"timestamp":279243333}
{"angleX":0,"angleY":-26,"contentY":547,"deviceType":4,"inverted":true,"overViewport":true,"phase":2,"pixelX":0,"pixelY":-3,"pointerX":768.11328125,"pointerY":508.73828125,"source":1,"timestamp":279243340}
{"angleX":0,"angleY":-22,"contentY":550,"deviceType":4,"inverted":true,"overViewport":true,"phase":2,"pixelX":0,"pixelY":-1,"pointerX":768.11328125,"pointerY":508.73828125,"source":1,"timestamp":279243347}
{"angleX":0,"angleY":-18,"contentY":551,"deviceType":4,"inverted":true,"overViewport":true,"phase":2,"pixelX":0,"pixelY":-2,"pointerX":768.11328125,"pointerY":508.73828125,"source":1,"timestamp":279243355}
{"angleX":0,"angleY":-18,"contentY":553,"deviceType":4,"inverted":true,"overViewport":true,"phase":2,"pixelX":0,"pixelY":-1,"pointerX":768.11328125,"pointerY":508.73828125,"source":1,"timestamp":279243362}
{"angleX":0,"angleY":-18,"contentY":554,"deviceType":4,"inverted":true,"overViewport":true,"phase":2,"pixelX":0,"pixelY":-2,"pointerX":768.11328125,"pointerY":508.73828125,"source":1,"timestamp":279243369}
{"angleX":0,"angleY":-16,"contentY":556,"deviceType":4,"inverted":true,"overViewport":true,"phase":2,"pixelX":0,"pixelY":-1,"pointerX":768.11328125,"pointerY":508.73828125,"source":1,"timestamp":279243376}
{"angleX":0,"angleY":-14,"contentY":557,"deviceType":4,"inverted":true,"overViewport":true,"phase":2,"pixelX":0,"pixelY":-2,"pointerX":768.11328125,"pointerY":508.73828125,"source":1,"timestamp":279243383}
{"angleX":0,"angleY":-16,"contentY":559,"deviceType":4,"inverted":true,"overViewport":true,"phase":2,"pixelX":0,"pixelY":-1,"pointerX":768.11328125,"pointerY":508.73828125,"source":1,"timestamp":279243390}
{"angleX":0,"angleY":-12,"contentY":560,"deviceType":4,"inverted":true,"overViewport":true,"phase":2,"pixelX":0,"pixelY":-1,"pointerX":768.11328125,"pointerY":508.73828125,"source":1,"timestamp":279243398}
{"angleX":0,"angleY":-12,"contentY":561,"deviceType":4,"inverted":true,"overViewport":true,"phase":2,"pixelX":0,"pixelY":-1,"pointerX":768.11328125,"pointerY":508.73828125,"source":1,"timestamp":279243405}
{"angleX":0,"angleY":-12,"contentY":562,"deviceType":4,"inverted":true,"overViewport":true,"phase":2,"pixelX":0,"pixelY":-1,"pointerX":768.11328125,"pointerY":508.73828125,"source":1,"timestamp":279243412}
{"angleX":0,"angleY":-12,"contentY":563,"deviceType":4,"inverted":true,"overViewport":true,"phase":2,"pixelX":0,"pixelY":-1,"pointerX":768.11328125,"pointerY":508.73828125,"source":1,"timestamp":279243419}
{"angleX":0,"angleY":-12,"contentY":564,"deviceType":4,"inverted":true,"overViewport":true,"phase":2,"pixelX":0,"pixelY":-1,"pointerX":768.11328125,"pointerY":508.73828125,"source":1,"timestamp":279243426}
{"angleX":0,"angleY":-10,"contentY":565,"deviceType":4,"inverted":true,"overViewport":true,"phase":2,"pixelX":0,"pixelY":-1,"pointerX":768.11328125,"pointerY":508.73828125,"source":1,"timestamp":279243434}
{"angleX":0,"angleY":-6,"contentY":566,"deviceType":4,"inverted":true,"overViewport":true,"phase":2,"pixelX":0,"pixelY":0,"pointerX":768.11328125,"pointerY":508.73828125,"source":1,"timestamp":279243441}
{"angleX":0,"angleY":-8,"contentY":566.4664839901061,"deviceType":4,"inverted":true,"overViewport":true,"phase":2,"pixelX":0,"pixelY":-1,"pointerX":768.11328125,"pointerY":508.73828125,"source":1,"timestamp":279243448}
{"angleX":0,"angleY":-6,"contentY":567,"deviceType":4,"inverted":true,"overViewport":true,"phase":2,"pixelX":0,"pixelY":-1,"pointerX":768.11328125,"pointerY":508.73828125,"source":1,"timestamp":279243455}
{"angleX":0,"angleY":-10,"contentY":568,"deviceType":4,"inverted":true,"overViewport":true,"phase":2,"pixelX":0,"pixelY":0,"pointerX":768.11328125,"pointerY":508.73828125,"source":1,"timestamp":279243463}
{"angleX":0,"angleY":-8,"contentY":568.7774733168435,"deviceType":4,"inverted":true,"overViewport":true,"phase":2,"pixelX":0,"pixelY":-1,"pointerX":768.11328125,"pointerY":508.73828125,"source":1,"timestamp":279243470}
{"angleX":0,"angleY":-8,"contentY":569,"deviceType":4,"inverted":true,"overViewport":true,"phase":2,"pixelX":0,"pixelY":-1,"pointerX":768.11328125,"pointerY":508.73828125,"source":1,"timestamp":279243477}
{"angleX":0,"angleY":-8,"contentY":570,"deviceType":4,"inverted":true,"overViewport":true,"phase":2,"pixelX":0,"pixelY":0,"pointerX":768.11328125,"pointerY":508.73828125,"source":1,"timestamp":279243484}
{"angleX":0,"angleY":-10,"contentY":570.6219786534748,"deviceType":4,"inverted":true,"overViewport":true,"phase":2,"pixelX":0,"pixelY":-1,"pointerX":768.11328125,"pointerY":508.73828125,"source":1,"timestamp":279243491}
{"angleX":0,"angleY":-14,"contentY":571,"deviceType":4,"inverted":true,"overViewport":true,"phase":2,"pixelX":0,"pixelY":-1,"pointerX":768.11328125,"pointerY":508.73828125,"source":1,"timestamp":279243499}
{"angleX":0,"angleY":-18,"contentY":572,"deviceType":4,"inverted":true,"overViewport":true,"phase":2,"pixelX":0,"pixelY":-2,"pointerX":768.11328125,"pointerY":508.73828125,"source":1,"timestamp":279243506}
{"angleX":0,"angleY":-22,"contentY":574,"deviceType":4,"inverted":true,"overViewport":true,"phase":2,"pixelX":0,"pixelY":-2,"pointerX":768.11328125,"pointerY":508.73828125,"source":1,"timestamp":279243513}
{"angleX":0,"angleY":-20,"contentY":576,"deviceType":4,"inverted":true,"overViewport":true,"phase":2,"pixelX":0,"pixelY":-2,"pointerX":768.11328125,"pointerY":508.73828125,"source":1,"timestamp":279243520}
{"angleX":0,"angleY":-24,"contentY":578,"deviceType":4,"inverted":true,"overViewport":true,"phase":2,"pixelX":0,"pixelY":-2,"pointerX":768.11328125,"pointerY":508.73828125,"source":1,"timestamp":279243527}
{"angleX":0,"angleY":-20,"contentY":580,"deviceType":4,"inverted":true,"overViewport":true,"phase":2,"pixelX":0,"pixelY":-1,"pointerX":768.11328125,"pointerY":508.73828125,"source":1,"timestamp":279243534}
{"angleX":0,"angleY":-18,"contentY":581,"deviceType":4,"inverted":true,"overViewport":true,"phase":2,"pixelX":0,"pixelY":-2,"pointerX":768.11328125,"pointerY":508.73828125,"source":1,"timestamp":279243549}
{"angleX":0,"angleY":-16,"contentY":583,"deviceType":4,"inverted":true,"overViewport":true,"phase":2,"pixelX":0,"pixelY":-1,"pointerX":768.11328125,"pointerY":508.73828125,"source":1,"timestamp":279243556}
{"angleX":0,"angleY":-14,"contentY":584,"deviceType":4,"inverted":true,"overViewport":true,"phase":2,"pixelX":0,"pixelY":-1,"pointerX":768.11328125,"pointerY":508.73828125,"source":1,"timestamp":279243563}
{"angleX":0,"angleY":-14,"contentY":585,"deviceType":4,"inverted":true,"overViewport":true,"phase":2,"pixelX":0,"pixelY":-2,"pointerX":768.11328125,"pointerY":508.73828125,"source":1,"timestamp":279243570}
{"angleX":0,"angleY":-14,"contentY":587,"deviceType":4,"inverted":true,"overViewport":true,"phase":2,"pixelX":0,"pixelY":-1,"pointerX":768.11328125,"pointerY":508.73828125,"source":1,"timestamp":279243578}
{"angleX":0,"angleY":-12,"contentY":588,"deviceType":4,"inverted":true,"overViewport":true,"phase":2,"pixelX":0,"pixelY":-1,"pointerX":768.11328125,"pointerY":508.73828125,"source":1,"timestamp":279243585}
{"angleX":0,"angleY":-12,"contentY":589,"deviceType":4,"inverted":true,"overViewport":true,"phase":2,"pixelX":0,"pixelY":-1,"pointerX":768.11328125,"pointerY":508.73828125,"source":1,"timestamp":279243592}
{"angleX":0,"angleY":-12,"contentY":590,"deviceType":4,"inverted":true,"overViewport":true,"phase":2,"pixelX":0,"pixelY":-1,"pointerX":768.11328125,"pointerY":508.73828125,"source":1,"timestamp":279243599}
{"angleX":0,"angleY":-12,"contentY":591,"deviceType":4,"inverted":true,"overViewport":true,"phase":2,"pixelX":0,"pixelY":-1,"pointerX":768.11328125,"pointerY":508.73828125,"source":1,"timestamp":279243606}
{"angleX":0,"angleY":-10,"contentY":592,"deviceType":4,"inverted":true,"overViewport":true,"phase":2,"pixelX":0,"pixelY":-1,"pointerX":768.11328125,"pointerY":508.73828125,"source":1,"timestamp":279243614}
{"angleX":0,"angleY":-14,"contentY":593,"deviceType":4,"inverted":true,"overViewport":true,"phase":2,"pixelX":0,"pixelY":-1,"pointerX":768.11328125,"pointerY":508.73828125,"source":1,"timestamp":279243621}
{"angleX":0,"angleY":-14,"contentY":594,"deviceType":4,"inverted":true,"overViewport":true,"phase":2,"pixelX":0,"pixelY":-1,"pointerX":768.11328125,"pointerY":508.73828125,"source":1,"timestamp":279243628}
{"angleX":0,"angleY":-14,"contentY":595,"deviceType":4,"inverted":true,"overViewport":true,"phase":2,"pixelX":0,"pixelY":-1,"pointerX":768.11328125,"pointerY":508.73828125,"source":1,"timestamp":279243635}
{"angleX":0,"angleY":-10,"contentY":596,"deviceType":4,"inverted":true,"overViewport":true,"phase":2,"pixelX":0,"pixelY":-1,"pointerX":768.11328125,"pointerY":508.73828125,"source":1,"timestamp":279243642}
{"angleX":0,"angleY":-14,"contentY":597,"deviceType":4,"inverted":true,"overViewport":true,"phase":2,"pixelX":0,"pixelY":-1,"pointerX":768.11328125,"pointerY":508.73828125,"source":1,"timestamp":279243650}
{"angleX":0,"angleY":-12,"contentY":598,"deviceType":4,"inverted":true,"overViewport":true,"phase":2,"pixelX":0,"pixelY":-1,"pointerX":768.11328125,"pointerY":508.73828125,"source":1,"timestamp":279243657}
{"angleX":0,"angleY":-8,"contentY":599,"deviceType":4,"inverted":true,"overViewport":true,"phase":2,"pixelX":0,"pixelY":-1,"pointerX":768.11328125,"pointerY":508.73828125,"source":1,"timestamp":279243664}
{"angleX":0,"angleY":-12,"contentY":600,"deviceType":4,"inverted":true,"overViewport":true,"phase":2,"pixelX":0,"pixelY":-1,"pointerX":768.11328125,"pointerY":508.73828125,"source":1,"timestamp":279243671}
{"angleX":0,"angleY":-6,"contentY":601,"deviceType":4,"inverted":true,"overViewport":true,"phase":2,"pixelX":0,"pixelY":0,"pointerX":768.11328125,"pointerY":508.73828125,"source":1,"timestamp":279243678}
{"angleX":0,"angleY":-6,"contentY":601.4664839901061,"deviceType":4,"inverted":true,"overViewport":true,"phase":2,"pixelX":0,"pixelY":-1,"pointerX":768.11328125,"pointerY":508.73828125,"source":1,"timestamp":279243686}
{"angleX":0,"angleY":0,"contentY":602,"deviceType":4,"inverted":true,"overViewport":true,"phase":3,"pixelX":0,"pixelY":0,"pointerX":768.11328125,"pointerY":508.73828125,"source":0,"timestamp":279243706}
{"angleX":0,"angleY":0,"contentY":602,"deviceType":4,"inverted":true,"overViewport":true,"phase":3,"pixelX":0,"pixelY":0,"pointerX":768.11328125,"pointerY":508.73828125,"source":0,"timestamp":279243706}
{"coastSample":1,"contentY":605.4335638552296,"endTimestamp":279243706,"flicking":true,"velocity":95.29954559949753}
{"coastSample":2,"contentY":606.8042091836735,"endTimestamp":279243706,"flicking":true,"velocity":66.57067123724876}
{"coastSample":3,"contentY":607.8273278061224,"endTimestamp":279243706,"flicking":true,"velocity":28.265505420904447}
{"coastSample":4,"contentY":608,"endTimestamp":279243706,"flicking":false,"velocity":0}
{"coastSample":5,"contentY":608,"endTimestamp":279243706,"flicking":false,"velocity":0}
{"coastSample":6,"contentY":608,"endTimestamp":279243706,"flicking":false,"velocity":0}
{"coastSample":7,"contentY":608,"endTimestamp":279243706,"flicking":false,"velocity":0}
{"coastSample":8,"contentY":608,"endTimestamp":279243706,"flicking":false,"velocity":0}
{"coastSample":9,"contentY":608,"endTimestamp":279243706,"flicking":false,"velocity":0}
{"coastSample":10,"contentY":608,"endTimestamp":279243706,"flicking":false,"velocity":0}
{"coastSample":11,"contentY":608,"endTimestamp":279243706,"flicking":false,"velocity":0}
{"coastSample":12,"contentY":608,"endTimestamp":279243706,"flicking":false,"velocity":0}
{"coastSample":13,"contentY":608,"endTimestamp":279243706,"flicking":false,"velocity":0}
{"coastSample":14,"contentY":608,"endTimestamp":279243706,"flicking":false,"velocity":0}
{"coastSample":15,"contentY":608,"endTimestamp":279243706,"flicking":false,"velocity":0}
{"angleX":0,"angleY":0,"contentY":608,"deviceType":4,"inverted":false,"overViewport":true,"phase":1,"pixelX":0,"pixelY":0,"pointerX":768.11328125,"pointerY":508.73828125,"source":0,"timestamp":279244060}
{"angleX":0,"angleY":0,"contentY":608,"deviceType":4,"inverted":false,"overViewport":true,"phase":1,"pixelX":0,"pixelY":0,"pointerX":768.11328125,"pointerY":508.73828125,"source":0,"timestamp":279244060}
{"angleX":0,"angleY":-53,"contentY":608,"deviceType":4,"inverted":true,"overViewport":true,"phase":2,"pixelX":0,"pixelY":-4,"pointerX":768.11328125,"pointerY":508.73828125,"source":1,"timestamp":279244060}
{"angleX":0,"angleY":-63,"contentY":608,"deviceType":4,"inverted":true,"overViewport":true,"phase":2,"pixelX":0,"pixelY":-6,"pointerX":768.11328125,"pointerY":508.73828125,"source":1,"timestamp":279244067}
{"angleX":0,"angleY":-65,"contentY":608,"deviceType":4,"inverted":true,"overViewport":true,"phase":2,"pixelX":0,"pixelY":-5,"pointerX":768.11328125,"pointerY":508.73828125,"source":1,"timestamp":279244074}
{"angleX":0,"angleY":-75,"contentY":608,"deviceType":4,"inverted":true,"overViewport":true,"phase":2,"pixelX":0,"pixelY":-6,"pointerX":768.11328125,"pointerY":508.73828125,"source":1,"timestamp":279244082}
{"angleX":0,"angleY":-83,"contentY":614,"deviceType":4,"inverted":true,"overViewport":true,"phase":2,"pixelX":0,"pixelY":-7,"pointerX":768.11328125,"pointerY":508.73828125,"source":1,"timestamp":279244089}
{"angleX":0,"angleY":-88,"contentY":621,"deviceType":4,"inverted":true,"overViewport":true,"phase":2,"pixelX":0,"pixelY":-8,"pointerX":768.11328125,"pointerY":508.73828125,"source":1,"timestamp":279244096}
{"angleX":0,"angleY":-94,"contentY":629,"deviceType":4,"inverted":true,"overViewport":true,"phase":2,"pixelX":0,"pixelY":-7,"pointerX":768.11328125,"pointerY":508.73828125,"source":1,"timestamp":279244103}
{"angleX":0,"angleY":-98,"contentY":636,"deviceType":4,"inverted":true,"overViewport":true,"phase":2,"pixelX":0,"pixelY":-9,"pointerX":768.11328125,"pointerY":508.73828125,"source":1,"timestamp":279244110}
{"angleX":0,"angleY":-96,"contentY":645,"deviceType":4,"inverted":true,"overViewport":true,"phase":2,"pixelX":0,"pixelY":-8,"pointerX":768.11328125,"pointerY":508.73828125,"source":1,"timestamp":279244118}
{"angleX":0,"angleY":-92,"contentY":653,"deviceType":4,"inverted":true,"overViewport":true,"phase":2,"pixelX":0,"pixelY":-7,"pointerX":768.11328125,"pointerY":508.73828125,"source":1,"timestamp":279244125}
{"angleX":0,"angleY":-94,"contentY":660,"deviceType":4,"inverted":true,"overViewport":true,"phase":2,"pixelX":0,"pixelY":-8,"pointerX":768.11328125,"pointerY":508.73828125,"source":1,"timestamp":279244132}
{"angleX":0,"angleY":-90,"contentY":668,"deviceType":4,"inverted":true,"overViewport":true,"phase":2,"pixelX":0,"pixelY":-7,"pointerX":768.11328125,"pointerY":508.73828125,"source":1,"timestamp":279244139}
{"angleX":0,"angleY":-90,"contentY":675,"deviceType":4,"inverted":true,"overViewport":true,"phase":2,"pixelX":0,"pixelY":-8,"pointerX":768.11328125,"pointerY":508.73828125,"source":1,"timestamp":279244146}
{"angleX":0,"angleY":-94,"contentY":683,"deviceType":4,"inverted":true,"overViewport":true,"phase":2,"pixelX":0,"pixelY":-8,"pointerX":768.11328125,"pointerY":508.73828125,"source":1,"timestamp":279244154}
{"angleX":0,"angleY":-96,"contentY":691,"deviceType":4,"inverted":true,"overViewport":true,"phase":2,"pixelX":0,"pixelY":-8,"pointerX":768.11328125,"pointerY":508.73828125,"source":1,"timestamp":279244161}
{"angleX":0,"angleY":-98,"contentY":699,"deviceType":4,"inverted":true,"overViewport":true,"phase":2,"pixelX":0,"pixelY":-8,"pointerX":768.11328125,"pointerY":508.73828125,"source":1,"timestamp":279244168}
{"angleX":0,"angleY":-94,"contentY":707,"deviceType":4,"inverted":true,"overViewport":true,"phase":2,"pixelX":0,"pixelY":-8,"pointerX":768.11328125,"pointerY":508.73828125,"source":1,"timestamp":279244175}
{"angleX":0,"angleY":-92,"contentY":715,"deviceType":4,"inverted":true,"overViewport":true,"phase":2,"pixelX":0,"pixelY":-7,"pointerX":768.11328125,"pointerY":508.73828125,"source":1,"timestamp":279244182}
{"angleX":0,"angleY":-88,"contentY":722,"deviceType":4,"inverted":true,"overViewport":true,"phase":2,"pixelX":0,"pixelY":-8,"pointerX":768.11328125,"pointerY":508.73828125,"source":1,"timestamp":279244189}
{"angleX":0,"angleY":-88,"contentY":730,"deviceType":4,"inverted":true,"overViewport":true,"phase":2,"pixelX":0,"pixelY":-7,"pointerX":768.11328125,"pointerY":508.73828125,"source":1,"timestamp":279244197}
{"angleX":0,"angleY":0,"contentY":737,"deviceType":4,"inverted":true,"overViewport":true,"phase":3,"pixelX":0,"pixelY":0,"pointerX":768.11328125,"pointerY":508.73828125,"source":0,"timestamp":279244217}
{"angleX":0,"angleY":0,"contentY":737,"deviceType":4,"inverted":true,"overViewport":true,"phase":3,"pixelX":0,"pixelY":0,"pointerX":768.11328125,"pointerY":508.73828125,"source":0,"timestamp":279244217}
{"coastSample":1,"contentY":765.1237928567392,"endTimestamp":279244217,"flicking":true,"velocity":855.2847142614913}
{"coastSample":2,"contentY":779.0397668561095,"endTimestamp":279244217,"flicking":true,"velocity":732.0221428167694}
{"coastSample":3,"contentY":794.1430468548178,"endTimestamp":279244217,"flicking":true,"velocity":567.6720475571528}
{"coastSample":4,"contentY":805.3019245672953,"endTimestamp":279244217,"flicking":true,"velocity":403.32195229753626}
{"coastSample":5,"contentY":809.6993917486398,"endTimestamp":279244217,"flicking":true,"velocity":314.2989840319122}
{"coastSample":6,"contentY":813.8776226038774,"endTimestamp":279244217,"flicking":true,"velocity":191.0364125871903}
{"coastSample":7,"contentY":815.9972450770755,"endTimestamp":279244217,"flicking":true,"velocity":26.686317327554814}
{"coastSample":8,"contentY":816,"endTimestamp":279244217,"flicking":false,"velocity":0}
{"coastSample":9,"contentY":816,"endTimestamp":279244217,"flicking":false,"velocity":0}
{"coastSample":10,"contentY":816,"endTimestamp":279244217,"flicking":false,"velocity":0}
{"coastSample":11,"contentY":816,"endTimestamp":279244217,"flicking":false,"velocity":0}
{"coastSample":12,"contentY":816,"endTimestamp":279244217,"flicking":false,"velocity":0}
{"coastSample":13,"contentY":816,"endTimestamp":279244217,"flicking":false,"velocity":0}
{"coastSample":14,"contentY":816,"endTimestamp":279244217,"flicking":false,"velocity":0}
{"coastSample":15,"contentY":816,"endTimestamp":279244217,"flicking":false,"velocity":0}
{"angleX":0,"angleY":0,"contentY":816,"deviceType":4,"inverted":false,"overViewport":true,"phase":1,"pixelX":0,"pixelY":0,"pointerX":768.11328125,"pointerY":508.73828125,"source":0,"timestamp":279244781}
{"angleX":0,"angleY":0,"contentY":816,"deviceType":4,"inverted":false,"overViewport":true,"phase":1,"pixelX":0,"pixelY":0,"pointerX":768.11328125,"pointerY":508.73828125,"source":0,"timestamp":279244781}
{"angleX":0,"angleY":118,"contentY":816,"deviceType":4,"inverted":true,"overViewport":true,"phase":2,"pixelX":0,"pixelY":10,"pointerX":768.11328125,"pointerY":508.73828125,"source":1,"timestamp":279244781}
{"angleX":0,"angleY":134,"contentY":816,"deviceType":4,"inverted":true,"overViewport":true,"phase":2,"pixelX":0,"pixelY":11,"pointerX":768.11328125,"pointerY":508.73828125,"source":1,"timestamp":279244788}
{"angleX":0,"angleY":149,"contentY":816,"deviceType":4,"inverted":true,"overViewport":true,"phase":2,"pixelX":0,"pixelY":12,"pointerX":768.11328125,"pointerY":508.73828125,"source":1,"timestamp":279244795}
{"angleX":0,"angleY":149,"contentY":816,"deviceType":4,"inverted":true,"overViewport":true,"phase":2,"pixelX":0,"pixelY":13,"pointerX":768.11328125,"pointerY":508.73828125,"source":1,"timestamp":279244802}
{"angleX":0,"angleY":153,"contentY":803,"deviceType":4,"inverted":true,"overViewport":true,"phase":2,"pixelX":0,"pixelY":13,"pointerX":768.11328125,"pointerY":508.73828125,"source":1,"timestamp":279244809}
{"angleX":0,"angleY":163,"contentY":790,"deviceType":4,"inverted":true,"overViewport":true,"phase":2,"pixelX":0,"pixelY":13,"pointerX":768.11328125,"pointerY":508.73828125,"source":1,"timestamp":279244817}
{"angleX":0,"angleY":163,"contentY":777,"deviceType":4,"inverted":true,"overViewport":true,"phase":2,"pixelX":0,"pixelY":14,"pointerX":768.11328125,"pointerY":508.73828125,"source":1,"timestamp":279244824}
{"angleX":0,"angleY":181,"contentY":763,"deviceType":4,"inverted":true,"overViewport":true,"phase":2,"pixelX":0,"pixelY":15,"pointerX":768.11328125,"pointerY":508.73828125,"source":1,"timestamp":279244831}
{"angleX":0,"angleY":208,"contentY":748,"deviceType":4,"inverted":true,"overViewport":true,"phase":2,"pixelX":0,"pixelY":17,"pointerX":768.11328125,"pointerY":508.73828125,"source":1,"timestamp":279244838}
{"angleX":0,"angleY":230,"contentY":731,"deviceType":4,"inverted":true,"overViewport":true,"phase":2,"pixelX":0,"pixelY":19,"pointerX":768.11328125,"pointerY":508.73828125,"source":1,"timestamp":279244846}
{"angleX":0,"angleY":253,"contentY":712,"deviceType":4,"inverted":true,"overViewport":true,"phase":2,"pixelX":0,"pixelY":21,"pointerX":768.11328125,"pointerY":508.73828125,"source":1,"timestamp":279244853}
{"angleX":0,"angleY":271,"contentY":691,"deviceType":4,"inverted":true,"overViewport":true,"phase":2,"pixelX":0,"pixelY":23,"pointerX":768.11328125,"pointerY":508.73828125,"source":1,"timestamp":279244860}
{"angleX":0,"angleY":0,"contentY":668,"deviceType":4,"inverted":true,"overViewport":true,"phase":3,"pixelX":0,"pixelY":0,"pointerX":768.11328125,"pointerY":508.73828125,"source":0,"timestamp":279244873}
{"angleX":0,"angleY":0,"contentY":668,"deviceType":4,"inverted":true,"overViewport":true,"phase":3,"pixelX":0,"pixelY":0,"pointerX":768.11328125,"pointerY":508.73828125,"source":0,"timestamp":279244873}
{"coastSample":1,"contentY":587.4191256656808,"endTimestamp":279244873,"flicking":true,"velocity":-2616.9953172020164}
{"coastSample":2,"contentY":526.6822528710914,"endTimestamp":279244873,"flicking":true,"velocity":-2478.9276626514343}
{"coastSample":3,"contentY":483.3041638343212,"endTimestamp":279244873,"flicking":true,"velocity":-2375.3769217384784}
{"coastSample":4,"contentY":428.3661325308567,"endTimestamp":279244873,"flicking":true,"velocity":-2237.3092671878776}
{"coastSample":5,"contentY":387.2235509524438,"endTimestamp":279244873,"flicking":true,"velocity":-2128.0057073353287}
{"coastSample":6,"contentY":338.2224287946548,"endTimestamp":279244873,"flicking":true,"velocity":-1989.938052784737}
{"coastSample":7,"contentY":314.96447660671566,"endTimestamp":279244873,"flicking":true,"velocity":-1920.9042255094364}
{"coastSample":8,"contentY":281.630809438501,"endTimestamp":279244873,"flicking":true,"velocity":-1817.3534845965094}
{"coastSample":9,"contentY":240.08534062644407,"endTimestamp":279244873,"flicking":true,"velocity":-1679.2858300458986}
{"coastSample":10,"contentY":209.54520435372882,"endTimestamp":279244873,"flicking":true,"velocity":-1569.9822701933406}
{"coastSample":11,"contentY":173.9366446873472,"endTimestamp":279244873,"flicking":true,"velocity":-1431.9146156427678}
{"coastSample":12,"contentY":149.40479049673286,"endTimestamp":279244873,"flicking":true,"velocity":-1328.3638747298312}
{"coastSample":13,"contentY":119.59507232147621,"endTimestamp":279244873,"flicking":true,"velocity":-1190.2962201792395}
{"coastSample":14,"contentY":99.4123492492057,"endTimestamp":279244873,"flicking":true,"velocity":-1086.7454792662745}
{"coastSample":15,"contentY":85.99513115778575,"endTimestamp":279244873,"flicking":true,"velocity":-1011.9588330513617}
{"angleX":0,"angleY":0,"contentY":0,"deviceType":4,"inverted":false,"overViewport":true,"phase":1,"pixelX":0,"pixelY":0,"pointerX":768.11328125,"pointerY":508.73828125,"source":0,"timestamp":279246041}
{"angleX":0,"angleY":0,"contentY":0,"deviceType":4,"inverted":false,"overViewport":true,"phase":1,"pixelX":0,"pixelY":0,"pointerX":768.11328125,"pointerY":508.73828125,"source":0,"timestamp":279246041}
{"angleX":0,"angleY":96,"contentY":0,"deviceType":4,"inverted":true,"overViewport":true,"phase":2,"pixelX":0,"pixelY":8,"pointerX":768.11328125,"pointerY":508.73828125,"source":1,"timestamp":279246041}
{"angleX":0,"angleY":98,"contentY":0,"deviceType":4,"inverted":true,"overViewport":true,"phase":2,"pixelX":0,"pixelY":8,"pointerX":768.11328125,"pointerY":508.73828125,"source":1,"timestamp":279246049}
{"angleX":0,"angleY":104,"contentY":0,"deviceType":4,"inverted":true,"overViewport":true,"phase":2,"pixelX":0,"pixelY":9,"pointerX":768.11328125,"pointerY":508.73828125,"source":1,"timestamp":279246056}
{"angleX":0,"angleY":106,"contentY":0,"deviceType":4,"inverted":true,"overViewport":true,"phase":2,"pixelX":0,"pixelY":9,"pointerX":768.11328125,"pointerY":508.73828125,"source":1,"timestamp":279246063}
{"angleX":0,"angleY":0,"contentY":0,"deviceType":4,"inverted":true,"overViewport":true,"phase":3,"pixelX":0,"pixelY":0,"pointerX":768.11328125,"pointerY":508.73828125,"source":0,"timestamp":279246083}
{"angleX":0,"angleY":0,"contentY":0,"deviceType":4,"inverted":true,"overViewport":true,"phase":3,"pixelX":0,"pixelY":0,"pointerX":768.11328125,"pointerY":508.73828125,"source":0,"timestamp":279246083}
{"coastSample":1,"contentY":0,"endTimestamp":279246083,"flicking":false,"velocity":0}
{"coastSample":2,"contentY":0,"endTimestamp":279246083,"flicking":false,"velocity":0}
{"coastSample":3,"contentY":0,"endTimestamp":279246083,"flicking":false,"velocity":0}
{"coastSample":4,"contentY":0,"endTimestamp":279246083,"flicking":false,"velocity":0}
{"coastSample":5,"contentY":0,"endTimestamp":279246083,"flicking":false,"velocity":0}
{"coastSample":6,"contentY":0,"endTimestamp":279246083,"flicking":false,"velocity":0}
{"coastSample":7,"contentY":0,"endTimestamp":279246083,"flicking":false,"velocity":0}
{"coastSample":8,"contentY":0,"endTimestamp":279246083,"flicking":false,"velocity":0}
{"coastSample":9,"contentY":0,"endTimestamp":279246083,"flicking":false,"velocity":0}
{"coastSample":10,"contentY":0,"endTimestamp":279246083,"flicking":false,"velocity":0}
{"coastSample":11,"contentY":0,"endTimestamp":279246083,"flicking":false,"velocity":0}
{"coastSample":12,"contentY":0,"endTimestamp":279246083,"flicking":false,"velocity":0}
{"coastSample":13,"contentY":0,"endTimestamp":279246083,"flicking":false,"velocity":0}
{"coastSample":14,"contentY":0,"endTimestamp":279246083,"flicking":false,"velocity":0}
{"coastSample":15,"contentY":0,"endTimestamp":279246083,"flicking":false,"velocity":0}
{"angleX":0,"angleY":0,"contentY":0,"deviceType":4,"inverted":false,"overViewport":true,"phase":1,"pixelX":0,"pixelY":0,"pointerX":768.11328125,"pointerY":508.73828125,"source":0,"timestamp":279246452}
{"angleX":0,"angleY":0,"contentY":0,"deviceType":4,"inverted":false,"overViewport":true,"phase":1,"pixelX":0,"pixelY":0,"pointerX":768.11328125,"pointerY":508.73828125,"source":0,"timestamp":279246452}
{"angleX":0,"angleY":-120,"contentY":0,"deviceType":4,"inverted":true,"overViewport":true,"phase":2,"pixelX":0,"pixelY":-10,"pointerX":768.11328125,"pointerY":508.73828125,"source":1,"timestamp":279246452}
{"angleX":0,"angleY":-136,"contentY":0,"deviceType":4,"inverted":true,"overViewport":true,"phase":2,"pixelX":0,"pixelY":-11,"pointerX":768.11328125,"pointerY":508.73828125,"source":1,"timestamp":279246459}
{"angleX":0,"angleY":-151,"contentY":0,"deviceType":4,"inverted":true,"overViewport":true,"phase":2,"pixelX":0,"pixelY":-13,"pointerX":768.11328125,"pointerY":508.73828125,"source":1,"timestamp":279246466}
{"angleX":0,"angleY":-171,"contentY":0,"deviceType":4,"inverted":true,"overViewport":true,"phase":2,"pixelX":0,"pixelY":-14,"pointerX":768.11328125,"pointerY":508.73828125,"source":1,"timestamp":279246474}
{"angleX":0,"angleY":-179,"contentY":14,"deviceType":4,"inverted":true,"overViewport":true,"phase":2,"pixelX":0,"pixelY":-15,"pointerX":768.11328125,"pointerY":508.73828125,"source":1,"timestamp":279246481}
{"angleX":0,"angleY":-202,"contentY":29,"deviceType":4,"inverted":true,"overViewport":true,"phase":2,"pixelX":0,"pixelY":-17,"pointerX":768.11328125,"pointerY":508.73828125,"source":1,"timestamp":279246488}
{"angleX":0,"angleY":-212,"contentY":46,"deviceType":4,"inverted":true,"overViewport":true,"phase":2,"pixelX":0,"pixelY":-18,"pointerX":768.11328125,"pointerY":508.73828125,"source":1,"timestamp":279246495}
{"angleX":0,"angleY":-222,"contentY":64,"deviceType":4,"inverted":true,"overViewport":true,"phase":2,"pixelX":0,"pixelY":-18,"pointerX":768.11328125,"pointerY":508.73828125,"source":1,"timestamp":279246502}
{"angleX":0,"angleY":-212,"contentY":82,"deviceType":4,"inverted":true,"overViewport":true,"phase":2,"pixelX":0,"pixelY":-18,"pointerX":768.11328125,"pointerY":508.73828125,"source":1,"timestamp":279246509}
{"angleX":0,"angleY":-214,"contentY":100,"deviceType":4,"inverted":true,"overViewport":true,"phase":2,"pixelX":0,"pixelY":-18,"pointerX":768.11328125,"pointerY":508.73828125,"source":1,"timestamp":279246517}
{"angleX":0,"angleY":-206,"contentY":118,"deviceType":4,"inverted":true,"overViewport":true,"phase":2,"pixelX":0,"pixelY":-17,"pointerX":768.11328125,"pointerY":508.73828125,"source":1,"timestamp":279246524}
{"angleX":0,"angleY":-206,"contentY":135,"deviceType":4,"inverted":true,"overViewport":true,"phase":2,"pixelX":0,"pixelY":-17,"pointerX":768.11328125,"pointerY":508.73828125,"source":1,"timestamp":279246531}
{"angleX":0,"angleY":-200,"contentY":152,"deviceType":4,"inverted":true,"overViewport":true,"phase":2,"pixelX":0,"pixelY":-16,"pointerX":768.11328125,"pointerY":508.73828125,"source":1,"timestamp":279246538}
{"angleX":0,"angleY":0,"contentY":168,"deviceType":4,"inverted":true,"overViewport":true,"phase":3,"pixelX":0,"pixelY":0,"pointerX":768.11328125,"pointerY":508.73828125,"source":0,"timestamp":279246552}
{"angleX":0,"angleY":0,"contentY":168,"deviceType":4,"inverted":true,"overViewport":true,"phase":3,"pixelX":0,"pixelY":0,"pointerX":768.11328125,"pointerY":508.73828125,"source":0,"timestamp":279246552}
{"coastSample":1,"contentY":236.53180692850057,"endTimestamp":279246552,"flicking":true,"velocity":2233.3369871386044}
{"coastSample":2,"contentY":275.81285430839,"endTimestamp":279246552,"flicking":true,"velocity":2156.752121421476}
{"coastSample":3,"contentY":326.04320790816325,"endTimestamp":279246552,"flicking":true,"velocity":2054.638967131988}
{"coastSample":4,"contentY":362.1076909279337,"endTimestamp":279246552,"flicking":true,"velocity":1978.0541014148696}
{"coastSample":5,"contentY":409.9103414930064,"endTimestamp":279246552,"flicking":true,"velocity":1871.686232363326}
{"coastSample":6,"contentY":431.91106708706343,"endTimestamp":279246552,"flicking":true,"velocity":1820.629655218577}
{"coastSample":7,"contentY":463.76338249239217,"endTimestamp":279246552,"flicking":true,"velocity":1744.0447895014302}
{"coastSample":8,"contentY":504.0887601260846,"endTimestamp":279246552,"flicking":true,"velocity":1641.9316352119513}
{"coastSample":9,"contentY":541.9634220568291,"endTimestamp":279246552,"flicking":true,"velocity":1539.818480922463}
{"coastSample":10,"contentY":570.2094784383661,"endTimestamp":279246552,"flicking":true,"velocity":1458.9789004432798}
{"coastSample":11,"contentY":603.6932747346624,"endTimestamp":279246552,"flicking":true,"velocity":1356.865746153782}
{"coastSample":12,"contentY":619.5161544942051,"endTimestamp":279246552,"flicking":true,"velocity":1305.8091690090616}
{"coastSample":13,"contentY":642.1017011477624,"endTimestamp":279246552,"flicking":true,"velocity":1229.2243032919146}
{"coastSample":14,"contentY":670.0713871124259,"endTimestamp":279246552,"flicking":true,"velocity":1127.1111490024168}
{"coastSample":15,"contentY":690.4760041874823,"endTimestamp":279246552,"flicking":true,"velocity":1046.2715685232524}
{"angleX":0,"angleY":0,"contentY":816,"deviceType":4,"inverted":false,"overViewport":true,"phase":1,"pixelX":0,"pixelY":0,"pointerX":768.11328125,"pointerY":508.73828125,"source":0,"timestamp":279247655}
{"angleX":0,"angleY":0,"contentY":816,"deviceType":4,"inverted":false,"overViewport":true,"phase":1,"pixelX":0,"pixelY":0,"pointerX":768.11328125,"pointerY":508.73828125,"source":0,"timestamp":279247655}
{"angleX":0,"angleY":167,"contentY":816,"deviceType":4,"inverted":true,"overViewport":true,"phase":2,"pixelX":0,"pixelY":14,"pointerX":768.11328125,"pointerY":508.73828125,"source":1,"timestamp":279247655}
{"angleX":0,"angleY":177,"contentY":816,"deviceType":4,"inverted":true,"overViewport":true,"phase":2,"pixelX":0,"pixelY":15,"pointerX":768.11328125,"pointerY":508.73828125,"source":1,"timestamp":279247662}
{"angleX":0,"angleY":189,"contentY":816,"deviceType":4,"inverted":true,"overViewport":true,"phase":2,"pixelX":0,"pixelY":15,"pointerX":768.11328125,"pointerY":508.73828125,"source":1,"timestamp":279247670}
{"angleX":0,"angleY":196,"contentY":816,"deviceType":4,"inverted":true,"overViewport":true,"phase":2,"pixelX":0,"pixelY":17,"pointerX":768.11328125,"pointerY":508.73828125,"source":1,"timestamp":279247677}
{"angleX":0,"angleY":193,"contentY":799,"deviceType":4,"inverted":true,"overViewport":true,"phase":2,"pixelX":0,"pixelY":16,"pointerX":768.11328125,"pointerY":508.73828125,"source":1,"timestamp":279247684}
{"angleX":0,"angleY":193,"contentY":783,"deviceType":4,"inverted":true,"overViewport":true,"phase":2,"pixelX":0,"pixelY":16,"pointerX":768.11328125,"pointerY":508.73828125,"source":1,"timestamp":279247691}
{"angleX":0,"angleY":200,"contentY":767,"deviceType":4,"inverted":true,"overViewport":true,"phase":2,"pixelX":0,"pixelY":17,"pointerX":768.11328125,"pointerY":508.73828125,"source":1,"timestamp":279247698}
{"angleX":0,"angleY":198,"contentY":750,"deviceType":4,"inverted":true,"overViewport":true,"phase":2,"pixelX":0,"pixelY":16,"pointerX":768.11328125,"pointerY":508.73828125,"source":1,"timestamp":279247705}
{"angleX":0,"angleY":200,"contentY":734,"deviceType":4,"inverted":true,"overViewport":true,"phase":2,"pixelX":0,"pixelY":17,"pointerX":768.11328125,"pointerY":508.73828125,"source":1,"timestamp":279247713}
{"angleX":0,"angleY":220,"contentY":717,"deviceType":4,"inverted":true,"overViewport":true,"phase":2,"pixelX":0,"pixelY":18,"pointerX":768.11328125,"pointerY":508.73828125,"source":1,"timestamp":279247720}
{"angleX":0,"angleY":214,"contentY":699,"deviceType":4,"inverted":true,"overViewport":true,"phase":2,"pixelX":0,"pixelY":18,"pointerX":768.11328125,"pointerY":508.73828125,"source":1,"timestamp":279247727}
{"angleX":0,"angleY":220,"contentY":681,"deviceType":4,"inverted":true,"overViewport":true,"phase":2,"pixelX":0,"pixelY":18,"pointerX":768.11328125,"pointerY":508.73828125,"source":1,"timestamp":279247734}
{"angleX":0,"angleY":0,"contentY":663,"deviceType":4,"inverted":true,"overViewport":true,"phase":3,"pixelX":0,"pixelY":0,"pointerX":768.11328125,"pointerY":508.73828125,"source":0,"timestamp":279247747}
{"angleX":0,"angleY":0,"contentY":663,"deviceType":4,"inverted":true,"overViewport":true,"phase":3,"pixelX":0,"pixelY":0,"pointerX":768.11328125,"pointerY":508.73828125,"source":0,"timestamp":279247747}
{"coastSample":1,"contentY":591.258769403194,"endTimestamp":279247747,"flicking":true,"velocity":-2336.6166929512056}
{"coastSample":2,"contentY":536.8226985806342,"endTimestamp":279247747,"flicking":true,"velocity":-2227.101372399924}
{"coastSample":3,"contentY":497.7205117623973,"endTimestamp":279247747,"flicking":true,"velocity":-2144.9648819864537}
{"coastSample":4,"contentY":460.0967817716029,"endTimestamp":279247747,"flicking":true,"velocity":-2062.8283915729735}
{"coastSample":5,"contentY":421.9867876913386,"endTimestamp":279247747,"flicking":true,"velocity":-1976.1287628031994}
{"coastSample":6,"contentY":398.76606148018107,"endTimestamp":279247747,"flicking":true,"velocity":-1921.371102527549}
{"coastSample":7,"contentY":365.1670195196468,"endTimestamp":279247747,"flicking":true,"velocity":-1839.2346121140783}
{"coastSample":8,"contentY":333.0464343865551,"endTimestamp":279247747,"flicking":true,"velocity":-1757.0981217006076}
{"coastSample":9,"contentY":292.5188092740101,"endTimestamp":279247747,"flicking":true,"velocity":-1647.5828011493074}
{"coastSample":10,"contentY":263.84795673828427,"endTimestamp":279247747,"flicking":true,"velocity":-1565.4463107358272}
{"coastSample":11,"contentY":226.48001508295624,"endTimestamp":279247747,"flicking":true,"velocity":-1451.367851828233}
{"coastSample":12,"contentY":209.55641980349833,"endTimestamp":279247747,"flicking":true,"velocity":-1396.6101915525826}
{"coastSample":13,"contentY":185.4030742405135,"endTimestamp":279247747,"flicking":true,"velocity":-1314.4737011391214}
{"coastSample":14,"contentY":155.4984352214443,"endTimestamp":279247747,"flicking":true,"velocity":-1204.958380587821}
{"coastSample":15,"contentY":127.14269181981695,"endTimestamp":279247747,"flicking":true,"velocity":-1093.16149085836}
{"angleX":0,"angleY":0,"contentY":0,"deviceType":4,"inverted":false,"overViewport":true,"phase":1,"pixelX":0,"pixelY":0,"pointerX":768.11328125,"pointerY":508.73828125,"source":0,"timestamp":279248620}
{"angleX":0,"angleY":0,"contentY":0,"deviceType":4,"inverted":false,"overViewport":true,"phase":1,"pixelX":0,"pixelY":0,"pointerX":768.11328125,"pointerY":508.73828125,"source":0,"timestamp":279248620}
{"angleX":0,"angleY":-165,"contentY":0,"deviceType":4,"inverted":true,"overViewport":true,"phase":2,"pixelX":0,"pixelY":-14,"pointerX":768.11328125,"pointerY":508.73828125,"source":1,"timestamp":279248620}
{"angleX":0,"angleY":-183,"contentY":0,"deviceType":4,"inverted":true,"overViewport":true,"phase":2,"pixelX":0,"pixelY":-15,"pointerX":768.11328125,"pointerY":508.73828125,"source":1,"timestamp":279248628}
{"angleX":0,"angleY":-214,"contentY":0,"deviceType":4,"inverted":true,"overViewport":true,"phase":2,"pixelX":0,"pixelY":-18,"pointerX":768.11328125,"pointerY":508.73828125,"source":1,"timestamp":279248635}
{"angleX":0,"angleY":-240,"contentY":0,"deviceType":4,"inverted":true,"overViewport":true,"phase":2,"pixelX":0,"pixelY":-20,"pointerX":768.11328125,"pointerY":508.73828125,"source":1,"timestamp":279248642}
{"angleX":0,"angleY":-259,"contentY":20,"deviceType":4,"inverted":true,"overViewport":true,"phase":2,"pixelX":0,"pixelY":-21,"pointerX":768.11328125,"pointerY":508.73828125,"source":1,"timestamp":279248649}
{"angleX":0,"angleY":-281,"contentY":41,"deviceType":4,"inverted":true,"overViewport":true,"phase":2,"pixelX":0,"pixelY":-24,"pointerX":768.11328125,"pointerY":508.73828125,"source":1,"timestamp":279248656}
{"angleX":0,"angleY":-283,"contentY":65,"deviceType":4,"inverted":true,"overViewport":true,"phase":2,"pixelX":0,"pixelY":-23,"pointerX":768.11328125,"pointerY":508.73828125,"source":1,"timestamp":279248663}
{"angleX":0,"angleY":-285,"contentY":88,"deviceType":4,"inverted":true,"overViewport":true,"phase":2,"pixelX":0,"pixelY":-24,"pointerX":768.11328125,"pointerY":508.73828125,"source":1,"timestamp":279248671}
{"angleX":0,"angleY":-285,"contentY":112,"deviceType":4,"inverted":true,"overViewport":true,"phase":2,"pixelX":0,"pixelY":-24,"pointerX":768.11328125,"pointerY":508.73828125,"source":1,"timestamp":279248678}
{"angleX":0,"angleY":-291,"contentY":136,"deviceType":4,"inverted":true,"overViewport":true,"phase":2,"pixelX":0,"pixelY":-24,"pointerX":768.11328125,"pointerY":508.73828125,"source":1,"timestamp":279248685}
{"angleX":0,"angleY":-287,"contentY":160,"deviceType":4,"inverted":true,"overViewport":true,"phase":2,"pixelX":0,"pixelY":-24,"pointerX":768.11328125,"pointerY":508.73828125,"source":1,"timestamp":279248692}
{"angleX":0,"angleY":-279,"contentY":184,"deviceType":4,"inverted":true,"overViewport":true,"phase":2,"pixelX":0,"pixelY":-23,"pointerX":768.11328125,"pointerY":508.73828125,"source":1,"timestamp":279248699}
{"angleX":0,"angleY":-275,"contentY":207,"deviceType":4,"inverted":true,"overViewport":true,"phase":2,"pixelX":0,"pixelY":-23,"pointerX":768.11328125,"pointerY":508.73828125,"source":1,"timestamp":279248707}
{"angleX":0,"angleY":-259,"contentY":230,"deviceType":4,"inverted":true,"overViewport":true,"phase":2,"pixelX":0,"pixelY":-22,"pointerX":768.11328125,"pointerY":508.73828125,"source":1,"timestamp":279248714}
{"angleX":0,"angleY":-232,"contentY":252,"deviceType":4,"inverted":true,"overViewport":true,"phase":2,"pixelX":0,"pixelY":-19,"pointerX":768.11328125,"pointerY":508.73828125,"source":1,"timestamp":279248721}
{"angleX":0,"angleY":-228,"contentY":271,"deviceType":4,"inverted":true,"overViewport":true,"phase":2,"pixelX":0,"pixelY":-19,"pointerX":768.11328125,"pointerY":508.73828125,"source":1,"timestamp":279248728}
{"angleX":0,"angleY":0,"contentY":290,"deviceType":4,"inverted":true,"overViewport":true,"phase":3,"pixelX":0,"pixelY":0,"pointerX":768.11328125,"pointerY":508.73828125,"source":0,"timestamp":279248742}
{"angleX":0,"angleY":0,"contentY":290,"deviceType":4,"inverted":true,"overViewport":true,"phase":3,"pixelX":0,"pixelY":0,"pointerX":768.11328125,"pointerY":508.73828125,"source":0,"timestamp":279248742}
{"coastSample":1,"contentY":372.34540254804983,"endTimestamp":279248742,"flicking":true,"velocity":2651.4384385972676}
{"coastSample":2,"contentY":433.177675684253,"endTimestamp":279248742,"flicking":true,"velocity":2464.621812588509}
{"coastSample":3,"contentY":489.52634979624577,"endTimestamp":279248742,"flicking":true,"velocity":2277.80518657975}
{"coastSample":4,"contentY":528.8454935206022,"endTimestamp":279248742,"flicking":true,"velocity":2137.692717073169}
{"coastSample":5,"contentY":579.271501339998,"endTimestamp":279248742,"flicking":true,"velocity":1943.0920649807038}
{"coastSample":6,"contentY":601.747931302727,"endTimestamp":279248742,"flicking":true,"velocity":1849.6837519763292}
{"coastSample":7,"contentY":633.3608892042216,"endTimestamp":279248742,"flicking":true,"velocity":1709.5712824697293}
{"coastSample":8,"contentY":671.5883505933639,"endTimestamp":279248742,"flicking":true,"velocity":1522.754656460961}
{"coastSample":9,"contentY":697.3165847755823,"endTimestamp":279248742,"flicking":true,"velocity":1382.6421869543992}
{"coastSample":10,"contentY":714.3296059846526,"endTimestamp":279248742,"flicking":true,"velocity":1285.3418609081473}
{"coastSample":11,"contentY":742.2821529433127,"endTimestamp":279248742,"flicking":true,"velocity":1094.6332218575587}
{"coastSample":12,"contentY":765.7511008777619,"endTimestamp":279248742,"flicking":true,"velocity":907.8165958487716}
{"coastSample":13,"contentY":780.4104499689611,"endTimestamp":279248742,"flicking":true,"velocity":767.7041263422097}
{"coastSample":14,"contentY":792.5477746090415,"endTimestamp":279248742,"flicking":true,"velocity":627.5916568356289}
{"coastSample":15,"contentY":799.7451389265678,"endTimestamp":279248742,"flicking":true,"velocity":530.2913307893797}
{"angleX":0,"angleY":0,"contentY":816,"deviceType":4,"inverted":false,"overViewport":true,"phase":1,"pixelX":0,"pixelY":0,"pointerX":768.11328125,"pointerY":520.1875,"source":0,"timestamp":279249319}
{"angleX":0,"angleY":0,"contentY":816,"deviceType":4,"inverted":false,"overViewport":true,"phase":1,"pixelX":0,"pixelY":0,"pointerX":768.11328125,"pointerY":520.1875,"source":0,"timestamp":279249319}
{"angleX":0,"angleY":159,"contentY":816,"deviceType":4,"inverted":true,"overViewport":true,"phase":2,"pixelX":0,"pixelY":13,"pointerX":768.11328125,"pointerY":520.1875,"source":1,"timestamp":279249319}
{"angleX":0,"angleY":179,"contentY":816,"deviceType":4,"inverted":true,"overViewport":true,"phase":2,"pixelX":0,"pixelY":15,"pointerX":768.11328125,"pointerY":520.1875,"source":1,"timestamp":279249327}
{"angleX":0,"angleY":200,"contentY":816,"deviceType":4,"inverted":true,"overViewport":true,"phase":2,"pixelX":0,"pixelY":17,"pointerX":768.11328125,"pointerY":520.1875,"source":1,"timestamp":279249334}
{"angleX":0,"angleY":224,"contentY":816,"deviceType":4,"inverted":true,"overViewport":true,"phase":2,"pixelX":0,"pixelY":18,"pointerX":768.11328125,"pointerY":520.1875,"source":1,"timestamp":279249341}
{"angleX":0,"angleY":244,"contentY":798,"deviceType":4,"inverted":true,"overViewport":true,"phase":2,"pixelX":0,"pixelY":21,"pointerX":768.11328125,"pointerY":520.1875,"source":1,"timestamp":279249348}
{"angleX":0,"angleY":265,"contentY":777,"deviceType":4,"inverted":true,"overViewport":true,"phase":2,"pixelX":0,"pixelY":22,"pointerX":768.11328125,"pointerY":520.1875,"source":1,"timestamp":279249355}
{"angleX":0,"angleY":285,"contentY":755,"deviceType":4,"inverted":true,"overViewport":true,"phase":2,"pixelX":0,"pixelY":24,"pointerX":768.11328125,"pointerY":520.1875,"source":1,"timestamp":279249362}
{"angleX":0,"angleY":289,"contentY":731,"deviceType":4,"inverted":true,"overViewport":true,"phase":2,"pixelX":0,"pixelY":24,"pointerX":768.11328125,"pointerY":520.1875,"source":1,"timestamp":279249370}
{"angleX":0,"angleY":289,"contentY":707,"deviceType":4,"inverted":true,"overViewport":true,"phase":2,"pixelX":0,"pixelY":24,"pointerX":768.11328125,"pointerY":520.1875,"source":1,"timestamp":279249377}
{"angleX":0,"angleY":291,"contentY":683,"deviceType":4,"inverted":true,"overViewport":true,"phase":2,"pixelX":0,"pixelY":24,"pointerX":768.11328125,"pointerY":520.1875,"source":1,"timestamp":279249384}
{"angleX":0,"angleY":285,"contentY":659,"deviceType":4,"inverted":true,"overViewport":true,"phase":2,"pixelX":0,"pixelY":24,"pointerX":768.11328125,"pointerY":520.1875,"source":1,"timestamp":279249391}
{"angleX":0,"angleY":287,"contentY":635,"deviceType":4,"inverted":true,"overViewport":true,"phase":2,"pixelX":0,"pixelY":24,"pointerX":768.11328125,"pointerY":520.1875,"source":1,"timestamp":279249398}
{"angleX":0,"angleY":273,"contentY":611,"deviceType":4,"inverted":true,"overViewport":true,"phase":2,"pixelX":0,"pixelY":23,"pointerX":768.11328125,"pointerY":520.1875,"source":1,"timestamp":279249405}
{"angleX":0,"angleY":267,"contentY":588,"deviceType":4,"inverted":true,"overViewport":true,"phase":2,"pixelX":0,"pixelY":22,"pointerX":768.11328125,"pointerY":520.1875,"source":1,"timestamp":279249413}
{"angleX":0,"angleY":244,"contentY":566,"deviceType":4,"inverted":true,"overViewport":true,"phase":2,"pixelX":0,"pixelY":20,"pointerX":768.11328125,"pointerY":520.1875,"source":1,"timestamp":279249420}
{"angleX":0,"angleY":220,"contentY":546,"deviceType":4,"inverted":true,"overViewport":true,"phase":2,"pixelX":0,"pixelY":18,"pointerX":768.11328125,"pointerY":520.1875,"source":1,"timestamp":279249427}
{"angleX":0,"angleY":208,"contentY":528,"deviceType":4,"inverted":true,"overViewport":true,"phase":2,"pixelX":0,"pixelY":18,"pointerX":768.11328125,"pointerY":520.1875,"source":1,"timestamp":279249434}
{"angleX":0,"angleY":187,"contentY":510,"deviceType":4,"inverted":true,"overViewport":true,"phase":2,"pixelX":0,"pixelY":15,"pointerX":768.11328125,"pointerY":520.1875,"source":1,"timestamp":279249441}
{"angleX":0,"angleY":165,"contentY":495,"deviceType":4,"inverted":true,"overViewport":true,"phase":2,"pixelX":0,"pixelY":14,"pointerX":768.11328125,"pointerY":520.1875,"source":1,"timestamp":279249449}
{"angleX":0,"angleY":159,"contentY":481,"deviceType":4,"inverted":true,"overViewport":true,"phase":2,"pixelX":0,"pixelY":13,"pointerX":768.11328125,"pointerY":520.1875,"source":1,"timestamp":279249456}
{"angleX":0,"angleY":155,"contentY":468,"deviceType":4,"inverted":true,"overViewport":true,"phase":2,"pixelX":0,"pixelY":13,"pointerX":768.11328125,"pointerY":520.1875,"source":1,"timestamp":279249463}
{"angleX":0,"angleY":136,"contentY":455,"deviceType":4,"inverted":true,"overViewport":true,"phase":2,"pixelX":0,"pixelY":12,"pointerX":768.11328125,"pointerY":520.1875,"source":1,"timestamp":279249470}
{"angleX":0,"angleY":108,"contentY":443,"deviceType":4,"inverted":true,"overViewport":true,"phase":2,"pixelX":0,"pixelY":9,"pointerX":768.11328125,"pointerY":520.1875,"source":1,"timestamp":279249477}
{"angleX":0,"angleY":110,"contentY":434,"deviceType":4,"inverted":true,"overViewport":true,"phase":2,"pixelX":0,"pixelY":9,"pointerX":768.11328125,"pointerY":520.1875,"source":1,"timestamp":279249485}
{"angleX":0,"angleY":98,"contentY":425,"deviceType":4,"inverted":true,"overViewport":true,"phase":2,"pixelX":0,"pixelY":8,"pointerX":768.11328125,"pointerY":520.1875,"source":1,"timestamp":279249492}
{"angleX":0,"angleY":81,"contentY":417,"deviceType":4,"inverted":true,"overViewport":true,"phase":2,"pixelX":0,"pixelY":7,"pointerX":768.11328125,"pointerY":520.1875,"source":1,"timestamp":279249499}
{"angleX":0,"angleY":0,"contentY":410,"deviceType":4,"inverted":true,"overViewport":true,"phase":3,"pixelX":0,"pixelY":0,"pointerX":768.11328125,"pointerY":520.1875,"source":0,"timestamp":279249505}
{"angleX":0,"angleY":0,"contentY":410,"deviceType":4,"inverted":true,"overViewport":true,"phase":3,"pixelX":0,"pixelY":0,"pointerX":768.11328125,"pointerY":520.1875,"source":0,"timestamp":279249505}
{"coastSample":1,"contentY":389.76495540575223,"endTimestamp":279249505,"flicking":true,"velocity":-1114.6866687795598}
{"coastSample":2,"contentY":363.5814238757622,"endTimestamp":279249505,"flicking":true,"velocity":-1076.75676739827}
{"coastSample":3,"contentY":344.5411711750249,"endTimestamp":279249505,"flicking":true,"velocity":-1048.3093413623028}
{"coastSample":4,"contentY":319.9506955030488,"endTimestamp":279249505,"flicking":true,"velocity":-1010.3794399810226}
{"coastSample":5,"contentY":301.1288341258283,"endTimestamp":279249505,"flicking":true,"velocity":-981.1418076662823}
{"coastSample":6,"contentY":278.1693442132474,"endTimestamp":279249505,"flicking":true,"velocity":-942.4217000062262}
{"coastSample":7,"contentY":267.0309683693886,"endTimestamp":279249505,"flicking":true,"velocity":-923.4567493155719}
{"coastSample":8,"contentY":250.75011599413966,"endTimestamp":279249505,"flicking":true,"velocity":-895.009323279614}
{"coastSample":9,"contentY":229.8388407561481,"endTimestamp":279249505,"flicking":true,"velocity":-857.0794218983384}
{"coastSample":10,"contentY":214.75278027440967,"endTimestamp":279249505,"flicking":true,"velocity":-828.6319958623712}
{"coastSample":11,"contentY":194.64939024390242,"endTimestamp":279249505,"flicking":true,"velocity":-789.1216819235373}
{"coastSample":12,"contentY":180.78656908171047,"endTimestamp":279249505,"flicking":true,"velocity":-760.6742558875604}
{"coastSample":13,"contentY":163.09933546112805,"endTimestamp":279249505,"flicking":true,"velocity":-722.7443545062897}
{"coastSample":14,"contentY":154.59708776326843,"endTimestamp":279249505,"flicking":true,"velocity":-703.7794038156353}
{"coastSample":15,"contentY":142.27042760701846,"endTimestamp":279249505,"flicking":true,"velocity":-675.3319777796681}
{"angleX":0,"angleY":0,"contentY":0,"deviceType":4,"inverted":false,"overViewport":true,"phase":1,"pixelX":0,"pixelY":0,"pointerX":768.11328125,"pointerY":520.1875,"source":0,"timestamp":279250580}
{"angleX":0,"angleY":0,"contentY":0,"deviceType":4,"inverted":false,"overViewport":true,"phase":1,"pixelX":0,"pixelY":0,"pointerX":768.11328125,"pointerY":520.1875,"source":0,"timestamp":279250580}
{"angleX":0,"angleY":149,"contentY":0,"deviceType":4,"inverted":true,"overViewport":true,"phase":2,"pixelX":0,"pixelY":12,"pointerX":768.11328125,"pointerY":520.1875,"source":1,"timestamp":279250580}
{"angleX":0,"angleY":147,"contentY":0,"deviceType":4,"inverted":true,"overViewport":true,"phase":2,"pixelX":0,"pixelY":13,"pointerX":768.11328125,"pointerY":520.1875,"source":1,"timestamp":279250587}
{"angleX":0,"angleY":155,"contentY":0,"deviceType":4,"inverted":true,"overViewport":true,"phase":2,"pixelX":0,"pixelY":13,"pointerX":768.11328125,"pointerY":520.1875,"source":1,"timestamp":279250595}
{"angleX":0,"angleY":153,"contentY":0,"deviceType":4,"inverted":true,"overViewport":true,"phase":2,"pixelX":0,"pixelY":12,"pointerX":768.11328125,"pointerY":520.1875,"source":1,"timestamp":279250602}
{"angleX":0,"angleY":155,"contentY":0,"deviceType":4,"inverted":true,"overViewport":true,"phase":2,"pixelX":0,"pixelY":13,"pointerX":768.11328125,"pointerY":520.1875,"source":1,"timestamp":279250609}
{"angleX":0,"angleY":167,"contentY":0,"deviceType":4,"inverted":true,"overViewport":true,"phase":2,"pixelX":0,"pixelY":14,"pointerX":768.11328125,"pointerY":520.1875,"source":1,"timestamp":279250616}
{"angleX":0,"angleY":175,"contentY":0,"deviceType":4,"inverted":true,"overViewport":true,"phase":2,"pixelX":0,"pixelY":15,"pointerX":768.11328125,"pointerY":520.1875,"source":1,"timestamp":279250623}
{"angleX":0,"angleY":189,"contentY":0,"deviceType":4,"inverted":true,"overViewport":true,"phase":2,"pixelX":0,"pixelY":15,"pointerX":768.11328125,"pointerY":520.1875,"source":1,"timestamp":279250631}
{"angleX":0,"angleY":202,"contentY":0,"deviceType":4,"inverted":true,"overViewport":true,"phase":2,"pixelX":0,"pixelY":17,"pointerX":768.11328125,"pointerY":520.1875,"source":1,"timestamp":279250638}
{"angleX":0,"angleY":210,"contentY":0,"deviceType":4,"inverted":true,"overViewport":true,"phase":2,"pixelX":0,"pixelY":18,"pointerX":768.11328125,"pointerY":520.1875,"source":1,"timestamp":279250645}
{"angleX":0,"angleY":226,"contentY":0,"deviceType":4,"inverted":true,"overViewport":true,"phase":2,"pixelX":0,"pixelY":19,"pointerX":768.11328125,"pointerY":520.1875,"source":1,"timestamp":279250652}
{"angleX":0,"angleY":0,"contentY":0,"deviceType":4,"inverted":true,"overViewport":true,"phase":3,"pixelX":0,"pixelY":0,"pointerX":768.11328125,"pointerY":520.1875,"source":0,"timestamp":279250665}
{"angleX":0,"angleY":0,"contentY":0,"deviceType":4,"inverted":true,"overViewport":true,"phase":3,"pixelX":0,"pixelY":0,"pointerX":768.11328125,"pointerY":520.1875,"source":0,"timestamp":279250665}
{"coastSample":1,"contentY":0,"endTimestamp":279250665,"flicking":false,"velocity":0}
{"coastSample":2,"contentY":0,"endTimestamp":279250665,"flicking":false,"velocity":0}
{"coastSample":3,"contentY":0,"endTimestamp":279250665,"flicking":false,"velocity":0}
{"coastSample":4,"contentY":0,"endTimestamp":279250665,"flicking":false,"velocity":0}
{"coastSample":5,"contentY":0,"endTimestamp":279250665,"flicking":false,"velocity":0}
{"coastSample":6,"contentY":0,"endTimestamp":279250665,"flicking":false,"velocity":0}
{"coastSample":7,"contentY":0,"endTimestamp":279250665,"flicking":false,"velocity":0}
{"coastSample":8,"contentY":0,"endTimestamp":279250665,"flicking":false,"velocity":0}
{"coastSample":9,"contentY":0,"endTimestamp":279250665,"flicking":false,"velocity":0}
{"coastSample":10,"contentY":0,"endTimestamp":279250665,"flicking":false,"velocity":0}
{"coastSample":11,"contentY":0,"endTimestamp":279250665,"flicking":false,"velocity":0}
{"coastSample":12,"contentY":0,"endTimestamp":279250665,"flicking":false,"velocity":0}
{"coastSample":13,"contentY":0,"endTimestamp":279250665,"flicking":false,"velocity":0}
{"coastSample":14,"contentY":0,"endTimestamp":279250665,"flicking":false,"velocity":0}
{"coastSample":15,"contentY":0,"endTimestamp":279250665,"flicking":false,"velocity":0}
{"angleX":0,"angleY":0,"contentY":0,"deviceType":4,"inverted":false,"overViewport":true,"phase":1,"pixelX":0,"pixelY":0,"pointerX":768.11328125,"pointerY":520.1875,"source":0,"timestamp":279251056}
{"angleX":0,"angleY":0,"contentY":0,"deviceType":4,"inverted":false,"overViewport":true,"phase":1,"pixelX":0,"pixelY":0,"pointerX":768.11328125,"pointerY":520.1875,"source":0,"timestamp":279251056}
{"angleX":0,"angleY":-175,"contentY":0,"deviceType":4,"inverted":true,"overViewport":true,"phase":2,"pixelX":0,"pixelY":-15,"pointerX":768.11328125,"pointerY":520.1875,"source":1,"timestamp":279251056}
{"angleX":0,"angleY":-185,"contentY":0,"deviceType":4,"inverted":true,"overViewport":true,"phase":2,"pixelX":0,"pixelY":-15,"pointerX":768.11328125,"pointerY":520.1875,"source":1,"timestamp":279251063}
{"angleX":0,"angleY":-185,"contentY":0,"deviceType":4,"inverted":true,"overViewport":true,"phase":2,"pixelX":0,"pixelY":-15,"pointerX":768.11328125,"pointerY":520.1875,"source":1,"timestamp":279251070}
{"angleX":0,"angleY":-196,"contentY":0,"deviceType":4,"inverted":true,"overViewport":true,"phase":2,"pixelX":0,"pixelY":-17,"pointerX":768.11328125,"pointerY":520.1875,"source":1,"timestamp":279251077}
{"angleX":0,"angleY":-210,"contentY":17,"deviceType":4,"inverted":true,"overViewport":true,"phase":2,"pixelX":0,"pixelY":-17,"pointerX":768.11328125,"pointerY":520.1875,"source":1,"timestamp":279251084}
{"angleX":0,"angleY":-222,"contentY":34,"deviceType":4,"inverted":true,"overViewport":true,"phase":2,"pixelX":0,"pixelY":-19,"pointerX":768.11328125,"pointerY":520.1875,"source":1,"timestamp":279251092}
{"angleX":0,"angleY":-246,"contentY":53,"deviceType":4,"inverted":true,"overViewport":true,"phase":2,"pixelX":0,"pixelY":-20,"pointerX":768.11328125,"pointerY":520.1875,"source":1,"timestamp":279251099}
{"angleX":0,"angleY":-271,"contentY":73,"deviceType":4,"inverted":true,"overViewport":true,"phase":2,"pixelX":0,"pixelY":-23,"pointerX":768.11328125,"pointerY":520.1875,"source":1,"timestamp":279251106}
{"angleX":0,"angleY":-289,"contentY":96,"deviceType":4,"inverted":true,"overViewport":true,"phase":2,"pixelX":0,"pixelY":-24,"pointerX":768.11328125,"pointerY":520.1875,"source":1,"timestamp":279251113}
{"angleX":0,"angleY":-295,"contentY":120,"deviceType":4,"inverted":true,"overViewport":true,"phase":2,"pixelX":0,"pixelY":-25,"pointerX":768.11328125,"pointerY":520.1875,"source":1,"timestamp":279251120}
{"angleX":0,"angleY":-308,"contentY":145,"deviceType":4,"inverted":true,"overViewport":true,"phase":2,"pixelX":0,"pixelY":-25,"pointerX":768.11328125,"pointerY":520.1875,"source":1,"timestamp":279251128}
{"angleX":0,"angleY":-301,"contentY":170,"deviceType":4,"inverted":true,"overViewport":true,"phase":2,"pixelX":0,"pixelY":-25,"pointerX":768.11328125,"pointerY":520.1875,"source":1,"timestamp":279251135}
{"angleX":0,"angleY":0,"contentY":195,"deviceType":4,"inverted":true,"overViewport":true,"phase":3,"pixelX":0,"pixelY":0,"pointerX":768.11328125,"pointerY":520.1875,"source":0,"timestamp":279251148}
{"angleX":0,"angleY":0,"contentY":195,"deviceType":4,"inverted":true,"overViewport":true,"phase":3,"pixelX":0,"pixelY":0,"pointerX":768.11328125,"pointerY":520.1875,"source":0,"timestamp":279251148}
{"coastSample":1,"contentY":293.47520351550946,"endTimestamp":279251148,"flicking":true,"velocity":3169.2264966448533}
{"coastSample":2,"contentY":366.1382308188221,"endTimestamp":279251148,"flicking":true,"velocity":2942.665922233933}
{"coastSample":3,"contentY":417.0671722493345,"endTimestamp":279251148,"flicking":true,"velocity":2772.7454914257237}
{"coastSample":4,"contentY":480.2146554273884,"endTimestamp":279251148,"flicking":true,"velocity":2546.184917014813}
{"coastSample":5,"contentY":540.2112690784156,"endTimestamp":279251148,"flicking":true,"velocity":2310.184318670091}
{"coastSample":6,"contentY":553.7325341288199,"endTimestamp":279251148,"flicking":true,"velocity":2253.5441750673804}
{"coastSample":7,"contentY":604.4191857142729,"endTimestamp":279251148,"flicking":true,"velocity":2026.9836006564408}
{"coastSample":8,"contentY":649.6683835138638,"endTimestamp":279251148,"flicking":true,"velocity":1800.4230262455203}
{"coastSample":9,"contentY":680.0369528165849,"endTimestamp":279251148,"flicking":true,"velocity":1630.5025954373302}
{"coastSample":10,"contentY":717.141508428175,"endTimestamp":279251148,"flicking":true,"velocity":1394.501997092618}
{"coastSample":11,"contentY":740.2034992061439,"endTimestamp":279251148,"flicking":true,"velocity":1224.581566284409}
{"coastSample":12,"contentY":760.2069222295652,"endTimestamp":279251148,"flicking":true,"velocity":1054.6611354762376}
{"coastSample":13,"contentY":777.1517774984391,"endTimestamp":279251148,"flicking":true,"velocity":884.7407046680473}
{"coastSample":14,"contentY":791.0380650127654,"endTimestamp":279251148,"flicking":true,"velocity":714.820273859838}
{"coastSample":15,"contentY":802.3776445318276,"endTimestamp":279251148,"flicking":true,"velocity":535.4598191178184}
{"angleX":0,"angleY":0,"contentY":816,"deviceType":4,"inverted":false,"overViewport":true,"phase":1,"pixelX":0,"pixelY":0,"pointerX":768.11328125,"pointerY":520.1875,"source":0,"timestamp":279251776}
{"angleX":0,"angleY":0,"contentY":816,"deviceType":4,"inverted":false,"overViewport":true,"phase":1,"pixelX":0,"pixelY":0,"pointerX":768.11328125,"pointerY":520.1875,"source":0,"timestamp":279251776}
{"angleX":0,"angleY":226,"contentY":816,"deviceType":4,"inverted":true,"overViewport":true,"phase":2,"pixelX":0,"pixelY":19,"pointerX":768.11328125,"pointerY":520.1875,"source":1,"timestamp":279251776}
{"angleX":0,"angleY":261,"contentY":816,"deviceType":4,"inverted":true,"overViewport":true,"phase":2,"pixelX":0,"pixelY":22,"pointerX":768.11328125,"pointerY":520.1875,"source":1,"timestamp":279251784}
{"angleX":0,"angleY":295,"contentY":816,"deviceType":4,"inverted":true,"overViewport":true,"phase":2,"pixelX":0,"pixelY":24,"pointerX":768.11328125,"pointerY":520.1875,"source":1,"timestamp":279251791}
{"angleX":0,"angleY":322,"contentY":816,"deviceType":4,"inverted":true,"overViewport":true,"phase":2,"pixelX":0,"pixelY":27,"pointerX":768.11328125,"pointerY":520.1875,"source":1,"timestamp":279251798}
{"angleX":0,"angleY":346,"contentY":789,"deviceType":4,"inverted":true,"overViewport":true,"phase":2,"pixelX":0,"pixelY":29,"pointerX":768.11328125,"pointerY":520.1875,"source":1,"timestamp":279251805}
{"angleX":0,"angleY":379,"contentY":760,"deviceType":4,"inverted":true,"overViewport":true,"phase":2,"pixelX":0,"pixelY":31,"pointerX":768.11328125,"pointerY":520.1875,"source":1,"timestamp":279251812}
{"angleX":0,"angleY":371,"contentY":729,"deviceType":4,"inverted":true,"overViewport":true,"phase":2,"pixelX":0,"pixelY":31,"pointerX":768.11328125,"pointerY":520.1875,"source":1,"timestamp":279251820}
{"angleX":0,"angleY":373,"contentY":698,"deviceType":4,"inverted":true,"overViewport":true,"phase":2,"pixelX":0,"pixelY":31,"pointerX":768.11328125,"pointerY":520.1875,"source":1,"timestamp":279251827}
{"angleX":0,"angleY":0,"contentY":667,"deviceType":4,"inverted":true,"overViewport":true,"phase":3,"pixelX":0,"pixelY":0,"pointerX":768.11328125,"pointerY":520.1875,"source":0,"timestamp":279251833}
{"angleX":0,"angleY":0,"contentY":667,"deviceType":4,"inverted":true,"overViewport":true,"phase":3,"pixelX":0,"pixelY":0,"pointerX":768.11328125,"pointerY":520.1875,"source":0,"timestamp":279251833}
{"coastSample":1,"contentY":546.4412730158358,"endTimestamp":279251833,"flicking":true,"velocity":-3858.5236190498526}
{"coastSample":2,"contentY":458.6397245713081,"endTimestamp":279251833,"flicking":true,"velocity":-3538.3223915386093}
{"coastSample":3,"contentY":378.5230055870502,"endTimestamp":279251833,"flicking":true,"velocity":-3218.1211640273664}
{"coastSample":4,"contentY":323.47863568215894,"endTimestamp":279251833,"flicking":true,"velocity":-2977.9702433939215}
{"coastSample":5,"contentY":286.4127246679395,"endTimestamp":279251833,"flicking":true,"velocity":-2804.5279118253366}
{"coastSample":6,"contentY":223.90707319680007,"endTimestamp":279251833,"flicking":true,"velocity":-2484.326684314093}
{"coastSample":7,"contentY":182.07100392674755,"endTimestamp":279251833,"flicking":true,"velocity":-2244.1757636806583}
{"coastSample":8,"contentY":133.0138040110803,"endTimestamp":279251833,"flicking":true,"velocity":-1923.9745361694343}
{"coastSample":9,"contentY":91.64143355568308,"endTimestamp":279251833,"flicking":true,"velocity":-1603.7733086581813}
{"coastSample":10,"contentY":72.44008269302844,"endTimestamp":279251833,"flicking":true,"velocity":-1430.330977089587}
{"coastSample":11,"contentY":42.915157655547205,"endTimestamp":279251833,"flicking":true,"velocity":-1110.129749578353}
{"coastSample":12,"contentY":25.814633210738407,"endTimestamp":279251833,"flicking":true,"velocity":-869.9788289448899}
{"coastSample":13,"contentY":9.738159728729556,"endTimestamp":279251833,"flicking":true,"velocity":-549.7776014336561}
{"coastSample":14,"contentY":4.581734035326008,"endTimestamp":279251833,"flicking":true,"velocity":-389.6769876780392}
{"coastSample":15,"contentY":0.3465292500234227,"endTimestamp":279251833,"flicking":true,"velocity":-136.18434923163628}
{"angleX":0,"angleY":0,"contentY":0,"deviceType":4,"inverted":false,"overViewport":true,"phase":1,"pixelX":0,"pixelY":0,"pointerX":768.11328125,"pointerY":520.1875,"source":0,"timestamp":279252569}
{"angleX":0,"angleY":0,"contentY":0,"deviceType":4,"inverted":false,"overViewport":true,"phase":1,"pixelX":0,"pixelY":0,"pointerX":768.11328125,"pointerY":520.1875,"source":0,"timestamp":279252569}
{"angleX":0,"angleY":-208,"contentY":0,"deviceType":4,"inverted":true,"overViewport":true,"phase":2,"pixelX":0,"pixelY":-17,"pointerX":768.11328125,"pointerY":520.1875,"source":1,"timestamp":279252569}
{"angleX":0,"angleY":-232,"contentY":0,"deviceType":4,"inverted":true,"overViewport":true,"phase":2,"pixelX":0,"pixelY":-20,"pointerX":768.11328125,"pointerY":520.1875,"source":1,"timestamp":279252576}
{"angleX":0,"angleY":-261,"contentY":0,"deviceType":4,"inverted":true,"overViewport":true,"phase":2,"pixelX":0,"pixelY":-21,"pointerX":768.11328125,"pointerY":520.1875,"source":1,"timestamp":279252584}
{"angleX":0,"angleY":-281,"contentY":0,"deviceType":4,"inverted":true,"overViewport":true,"phase":2,"pixelX":0,"pixelY":-24,"pointerX":768.11328125,"pointerY":520.1875,"source":1,"timestamp":279252591}
{"angleX":0,"angleY":-305,"contentY":24,"deviceType":4,"inverted":true,"overViewport":true,"phase":2,"pixelX":0,"pixelY":-25,"pointerX":768.11328125,"pointerY":520.1875,"source":1,"timestamp":279252598}
{"angleX":0,"angleY":-334,"contentY":49,"deviceType":4,"inverted":true,"overViewport":true,"phase":2,"pixelX":0,"pixelY":-28,"pointerX":768.11328125,"pointerY":520.1875,"source":1,"timestamp":279252605}
{"angleX":0,"angleY":0,"contentY":77,"deviceType":4,"inverted":true,"overViewport":true,"phase":3,"pixelX":0,"pixelY":0,"pointerX":768.11328125,"pointerY":520.1875,"source":0,"timestamp":279252655}
{"angleX":0,"angleY":0,"contentY":77,"deviceType":4,"inverted":true,"overViewport":true,"phase":3,"pixelX":0,"pixelY":0,"pointerX":768.11328125,"pointerY":520.1875,"source":0,"timestamp":279252655}
{"coastSample":1,"contentY":175.65492721371785,"endTimestamp":279252655,"flicking":true,"velocity":3194.2956328230707}
{"coastSample":2,"contentY":249.49196417244588,"endTimestamp":279252655,"flicking":true,"velocity":3005.891750888026}
{"coastSample":3,"contentY":301.90238075101485,"endTimestamp":279252655,"flicking":true,"velocity":2864.5888394367394}
{"coastSample":4,"contentY":367.8264546684709,"endTimestamp":279252655,"flicking":true,"velocity":2676.184957501685}
{"coastSample":5,"contentY":416.8095554460208,"endTimestamp":279252655,"flicking":true,"velocity":2527.031884303113}
{"coastSample":6,"contentY":446.28612058895044,"endTimestamp":279252655,"flicking":true,"velocity":2432.829943335586}
{"coastSample":7,"contentY":501.84798099997886,"endTimestamp":279252655,"flicking":true,"velocity":2244.4260614005507}
{"coastSample":8,"contentY":552.8881482445661,"endTimestamp":279252655,"flicking":true,"velocity":2056.022179465496}
{"coastSample":9,"contentY":588.2009125375296,"endTimestamp":279252655,"flicking":true,"velocity":1914.7192680142098}
{"coastSample":10,"contentY":612.1227680459235,"endTimestamp":279252655,"flicking":true,"velocity":1816.5922461730427}
{"coastSample":11,"contentY":652.8007217840832,"endTimestamp":279252655,"flicking":true,"velocity":1624.2632833643331}
{"coastSample":12,"contentY":688.9569823558018,"endTimestamp":279252655,"flicking":true,"velocity":1435.8594014292976}
{"coastSample":13,"contentY":713.1068166441137,"endTimestamp":279252655,"flicking":true,"velocity":1294.5564899780113}
{"coastSample":14,"contentY":734.7131985263023,"endTimestamp":279252655,"flicking":true,"velocity":1153.2535785267253}
{"coastSample":15,"contentY":754.760603103328,"endTimestamp":279252655,"flicking":true,"velocity":1004.1005053281538}
{"angleX":0,"angleY":0,"contentY":816,"deviceType":4,"inverted":false,"overViewport":true,"phase":1,"pixelX":0,"pixelY":0,"pointerX":768.11328125,"pointerY":520.1875,"source":0,"timestamp":279253124}
{"angleX":0,"angleY":0,"contentY":816,"deviceType":4,"inverted":false,"overViewport":true,"phase":1,"pixelX":0,"pixelY":0,"pointerX":768.11328125,"pointerY":520.1875,"source":0,"timestamp":279253124}
{"angleX":0,"angleY":222,"contentY":816,"deviceType":4,"inverted":true,"overViewport":true,"phase":2,"pixelX":0,"pixelY":19,"pointerX":768.11328125,"pointerY":520.1875,"source":1,"timestamp":279253124}
{"angleX":0,"angleY":259,"contentY":816,"deviceType":4,"inverted":true,"overViewport":true,"phase":2,"pixelX":0,"pixelY":21,"pointerX":768.11328125,"pointerY":520.1875,"source":1,"timestamp":279253131}
{"angleX":0,"angleY":271,"contentY":816,"deviceType":4,"inverted":true,"overViewport":true,"phase":2,"pixelX":0,"pixelY":23,"pointerX":768.11328125,"pointerY":520.1875,"source":1,"timestamp":279253138}
{"angleX":0,"angleY":281,"contentY":816,"deviceType":4,"inverted":true,"overViewport":true,"phase":2,"pixelX":0,"pixelY":23,"pointerX":768.11328125,"pointerY":520.1875,"source":1,"timestamp":279253145}
{"angleX":0,"angleY":287,"contentY":793,"deviceType":4,"inverted":true,"overViewport":true,"phase":2,"pixelX":0,"pixelY":24,"pointerX":768.11328125,"pointerY":520.1875,"source":1,"timestamp":279253153}
{"angleX":0,"angleY":275,"contentY":769,"deviceType":4,"inverted":true,"overViewport":true,"phase":2,"pixelX":0,"pixelY":23,"pointerX":768.11328125,"pointerY":520.1875,"source":1,"timestamp":279253160}
{"angleX":0,"angleY":0,"contentY":746,"deviceType":4,"inverted":true,"overViewport":true,"phase":3,"pixelX":0,"pixelY":0,"pointerX":768.11328125,"pointerY":520.1875,"source":0,"timestamp":279253166}
{"angleX":0,"angleY":0,"contentY":746,"deviceType":4,"inverted":true,"overViewport":true,"phase":3,"pixelX":0,"pixelY":0,"pointerX":768.11328125,"pointerY":520.1875,"source":0,"timestamp":279253166}
{"coastSample":1,"contentY":652.6875376155824,"endTimestamp":279253166,"flicking":true,"velocity":-3027.319171636482}
{"coastSample":2,"contentY":582.52476473163,"endTimestamp":279253166,"flicking":true,"velocity":-2861.1266892816043}
{"coastSample":3,"contentY":532.5202166657548,"endTimestamp":279253166,"flicking":true,"velocity":-2736.482327515451}
{"coastSample":4,"contentY":500.4302949061662,"endTimestamp":279253166,"flicking":true,"velocity":-2653.386086338022}
{"coastSample":5,"contentY":451.66057237238056,"endTimestamp":279253166,"flicking":true,"velocity":-2525.2793811894694}
{"coastSample":6,"contentY":407.763598033047,"endTimestamp":279253166,"flicking":true,"velocity":-2397.1726760409147}
{"coastSample":7,"contentY":352.7243410433878,"endTimestamp":279253166,"flicking":true,"velocity":-2230.9801936860463}
{"coastSample":8,"contentY":301.67370363024565,"endTimestamp":279253166,"flicking":true,"velocity":-2064.7877113311683}
{"coastSample":9,"contentY":277.6441172648684,"endTimestamp":279253166,"flicking":true,"velocity":-1981.691470153758}
{"coastSample":10,"contentY":254.61168579362027,"endTimestamp":279253166,"flicking":true,"velocity":-1898.595228976319}
{"coastSample":11,"contentY":209.8301211905673,"endTimestamp":279253166,"flicking":true,"velocity":-1725.4780598566792}
{"coastSample":12,"contentY":170.9115349893309,"endTimestamp":279253166,"flicking":true,"velocity":-1559.2855775017633}
{"coastSample":13,"contentY":144.34012693549266,"endTimestamp":279253166,"flicking":true,"velocity":-1434.6412157356099}
{"coastSample":14,"contentY":127.87229851726204,"endTimestamp":279253166,"flicking":true,"velocity":-1351.5449745581993}
{"coastSample":15,"contentY":97.9281063631887,"endTimestamp":279253166,"flicking":true,"velocity":-1185.3524922033216}
{"angleX":0,"angleY":0,"contentY":0,"deviceType":4,"inverted":false,"overViewport":true,"phase":1,"pixelX":0,"pixelY":0,"pointerX":768.11328125,"pointerY":520.1875,"source":0,"timestamp":279253967}
{"angleX":0,"angleY":0,"contentY":0,"deviceType":4,"inverted":false,"overViewport":true,"phase":1,"pixelX":0,"pixelY":0,"pointerX":768.11328125,"pointerY":520.1875,"source":0,"timestamp":279253967}
{"angleX":0,"angleY":-35,"contentY":0,"deviceType":4,"inverted":true,"overViewport":true,"phase":2,"pixelX":0,"pixelY":-3,"pointerX":768.11328125,"pointerY":520.1875,"source":1,"timestamp":279253967}
{"angleX":0,"angleY":-35,"contentY":0,"deviceType":4,"inverted":true,"overViewport":true,"phase":2,"pixelX":0,"pixelY":-3,"pointerX":768.11328125,"pointerY":520.1875,"source":1,"timestamp":279253974}
{"angleX":0,"angleY":-39,"contentY":0,"deviceType":4,"inverted":true,"overViewport":true,"phase":2,"pixelX":0,"pixelY":-3,"pointerX":768.11328125,"pointerY":520.1875,"source":1,"timestamp":279253981}
{"angleX":0,"angleY":-37,"contentY":0,"deviceType":4,"inverted":true,"overViewport":true,"phase":2,"pixelX":0,"pixelY":-3,"pointerX":768.11328125,"pointerY":520.1875,"source":1,"timestamp":279253989}
{"angleX":0,"angleY":-45,"contentY":3,"deviceType":4,"inverted":true,"overViewport":true,"phase":2,"pixelX":0,"pixelY":-4,"pointerX":768.11328125,"pointerY":520.1875,"source":1,"timestamp":279253996}
{"angleX":0,"angleY":-43,"contentY":7,"deviceType":4,"inverted":true,"overViewport":true,"phase":2,"pixelX":0,"pixelY":-3,"pointerX":768.11328125,"pointerY":520.1875,"source":1,"timestamp":279254003}
{"angleX":0,"angleY":-41,"contentY":10,"deviceType":4,"inverted":true,"overViewport":true,"phase":2,"pixelX":0,"pixelY":-4,"pointerX":768.11328125,"pointerY":520.1875,"source":1,"timestamp":279254010}
{"angleX":0,"angleY":-41,"contentY":14,"deviceType":4,"inverted":true,"overViewport":true,"phase":2,"pixelX":0,"pixelY":-3,"pointerX":768.11328125,"pointerY":520.1875,"source":1,"timestamp":279254017}
{"angleX":0,"angleY":-39,"contentY":17,"deviceType":4,"inverted":true,"overViewport":true,"phase":2,"pixelX":0,"pixelY":-3,"pointerX":768.11328125,"pointerY":520.1875,"source":1,"timestamp":279254025}
{"angleX":0,"angleY":-33,"contentY":20,"deviceType":4,"inverted":true,"overViewport":true,"phase":2,"pixelX":0,"pixelY":-3,"pointerX":768.11328125,"pointerY":520.1875,"source":1,"timestamp":279254032}
{"angleX":0,"angleY":-24,"contentY":23,"deviceType":4,"inverted":true,"overViewport":true,"phase":2,"pixelX":0,"pixelY":-2,"pointerX":768.11328125,"pointerY":520.1875,"source":1,"timestamp":279254039}
{"angleX":0,"angleY":-24,"contentY":25,"deviceType":4,"inverted":true,"overViewport":true,"phase":2,"pixelX":0,"pixelY":-2,"pointerX":768.11328125,"pointerY":520.1875,"source":1,"timestamp":279254046}
{"angleX":0,"angleY":-14,"contentY":27,"deviceType":4,"inverted":true,"overViewport":true,"phase":2,"pixelX":0,"pixelY":-1,"pointerX":768.11328125,"pointerY":520.1875,"source":1,"timestamp":279254053}
{"angleX":0,"angleY":-8,"contentY":28,"deviceType":4,"inverted":true,"overViewport":true,"phase":2,"pixelX":0,"pixelY":-1,"pointerX":768.11328125,"pointerY":520.1875,"source":1,"timestamp":279254061}
{"angleX":0,"angleY":-4,"contentY":29,"deviceType":4,"inverted":true,"overViewport":true,"phase":2,"pixelX":0,"pixelY":0,"pointerX":768.11328125,"pointerY":520.1875,"source":1,"timestamp":279254068}
{"angleX":0,"angleY":-2,"contentY":29.58172126030771,"deviceType":4,"inverted":true,"overViewport":true,"phase":2,"pixelX":0,"pixelY":-1,"pointerX":768.11328125,"pointerY":520.1875,"source":1,"timestamp":279254075}
{"angleX":0,"angleY":-2,"contentY":30,"deviceType":4,"inverted":true,"overViewport":true,"phase":2,"pixelX":0,"pixelY":0,"pointerX":768.11328125,"pointerY":520.1875,"source":1,"timestamp":279254082}
{"angleX":0,"angleY":-4,"contentY":30.85624588399439,"deviceType":4,"inverted":true,"overViewport":true,"phase":2,"pixelX":0,"pixelY":0,"pointerX":768.11328125,"pointerY":520.1875,"source":1,"timestamp":279254133}
{"angleX":0,"angleY":-2,"contentY":31.4379671443021,"deviceType":4,"inverted":true,"overViewport":true,"phase":2,"pixelX":0,"pixelY":0,"pointerX":768.11328125,"pointerY":520.1875,"source":1,"timestamp":279254161}
{"angleX":0,"angleY":-2,"contentY":31.74961995439879,"deviceType":4,"inverted":true,"overViewport":true,"phase":2,"pixelX":0,"pixelY":0,"pointerX":768.11328125,"pointerY":520.1875,"source":1,"timestamp":279254176}
{"angleX":0,"angleY":-2,"contentY":32.42796728608314,"deviceType":4,"inverted":true,"overViewport":true,"phase":2,"pixelX":0,"pixelY":-1,"pointerX":768.11328125,"pointerY":520.1875,"source":1,"timestamp":279254226}
{"angleX":0,"angleY":-2,"contentY":31,"deviceType":4,"inverted":true,"overViewport":true,"phase":2,"pixelX":0,"pixelY":0,"pointerX":768.11328125,"pointerY":520.1875,"source":1,"timestamp":279254406}
{"angleX":0,"angleY":-2,"contentY":31.290860630153855,"deviceType":4,"inverted":true,"overViewport":true,"phase":2,"pixelX":0,"pixelY":0,"pointerX":768.11328125,"pointerY":520.1875,"source":1,"timestamp":279254420}
{"angleX":0,"angleY":-6,"contentY":31.44635529352255,"deviceType":4,"inverted":true,"overViewport":true,"phase":2,"pixelX":0,"pixelY":0,"pointerX":768.11328125,"pointerY":520.1875,"source":1,"timestamp":279254435}
{"angleX":0,"angleY":-4,"contentY":31.91283928362864,"deviceType":4,"inverted":true,"overViewport":true,"phase":2,"pixelX":0,"pixelY":-1,"pointerX":768.11328125,"pointerY":520.1875,"source":1,"timestamp":279254442}
{"angleX":0,"angleY":-16,"contentY":32,"deviceType":4,"inverted":true,"overViewport":true,"phase":2,"pixelX":0,"pixelY":-1,"pointerX":768.11328125,"pointerY":520.1875,"source":1,"timestamp":279254449}
{"angleX":0,"angleY":-26,"contentY":33,"deviceType":4,"inverted":true,"overViewport":true,"phase":2,"pixelX":0,"pixelY":-2,"pointerX":768.11328125,"pointerY":520.1875,"source":1,"timestamp":279254456}
{"angleX":0,"angleY":-22,"contentY":35,"deviceType":4,"inverted":true,"overViewport":true,"phase":2,"pixelX":0,"pixelY":-2,"pointerX":768.11328125,"pointerY":520.1875,"source":1,"timestamp":279254464}
{"angleX":0,"angleY":-14,"contentY":37,"deviceType":4,"inverted":true,"overViewport":true,"phase":2,"pixelX":0,"pixelY":-1,"pointerX":768.11328125,"pointerY":520.1875,"source":1,"timestamp":279254471}
{"angleX":0,"angleY":-14,"contentY":38,"deviceType":4,"inverted":true,"overViewport":true,"phase":2,"pixelX":0,"pixelY":-2,"pointerX":768.11328125,"pointerY":520.1875,"source":1,"timestamp":279254478}
{"angleX":0,"angleY":-8,"contentY":40,"deviceType":4,"inverted":true,"overViewport":true,"phase":2,"pixelX":0,"pixelY":0,"pointerX":768.11328125,"pointerY":520.1875,"source":1,"timestamp":279254485}
{"angleX":0,"angleY":-6,"contentY":41.16344252061542,"deviceType":4,"inverted":true,"overViewport":true,"phase":2,"pixelX":0,"pixelY":-1,"pointerX":768.11328125,"pointerY":520.1875,"source":1,"timestamp":279254492}
{"angleX":0,"angleY":-4,"contentY":41,"deviceType":4,"inverted":true,"overViewport":true,"phase":2,"pixelX":0,"pixelY":0,"pointerX":768.11328125,"pointerY":520.1875,"source":1,"timestamp":279254499}
{"angleX":0,"angleY":-2,"contentY":42.02258353597756,"deviceType":4,"inverted":true,"overViewport":true,"phase":2,"pixelX":0,"pixelY":0,"pointerX":768.11328125,"pointerY":520.1875,"source":1,"timestamp":279254514}
{"angleX":0,"angleY":-2,"contentY":42.43128708476736,"deviceType":4,"inverted":true,"overViewport":true,"phase":2,"pixelX":0,"pixelY":0,"pointerX":768.11328125,"pointerY":520.1875,"source":1,"timestamp":279254543}
{"angleX":0,"angleY":-2,"contentY":43.521293686029445,"deviceType":4,"inverted":true,"overViewport":true,"phase":2,"pixelX":0,"pixelY":-1,"pointerX":768.11328125,"pointerY":520.1875,"source":1,"timestamp":279254651}
{"angleX":0,"angleY":-4,"contentY":42,"deviceType":4,"inverted":true,"overViewport":true,"phase":2,"pixelX":0,"pixelY":0,"pointerX":768.11328125,"pointerY":520.1875,"source":1,"timestamp":279254665}
{"angleX":0,"angleY":-29,"contentY":42.31098932673739,"deviceType":4,"inverted":true,"overViewport":true,"phase":2,"pixelX":0,"pixelY":-2,"pointerX":768.11328125,"pointerY":520.1875,"source":1,"timestamp":279254672}
{"angleX":0,"angleY":-33,"contentY":44,"deviceType":4,"inverted":true,"overViewport":true,"phase":2,"pixelX":0,"pixelY":-3,"pointerX":768.11328125,"pointerY":520.1875,"source":1,"timestamp":279254679}
{"angleX":0,"angleY":-22,"contentY":47,"deviceType":4,"inverted":true,"overViewport":true,"phase":2,"pixelX":0,"pixelY":-2,"pointerX":768.11328125,"pointerY":520.1875,"source":1,"timestamp":279254687}
{"angleX":0,"angleY":-16,"contentY":49,"deviceType":4,"inverted":true,"overViewport":true,"phase":2,"pixelX":0,"pixelY":-1,"pointerX":768.11328125,"pointerY":520.1875,"source":1,"timestamp":279254694}
{"angleX":0,"angleY":-10,"contentY":50,"deviceType":4,"inverted":true,"overViewport":true,"phase":2,"pixelX":0,"pixelY":-1,"pointerX":768.11328125,"pointerY":520.1875,"source":1,"timestamp":279254701}
{"angleX":0,"angleY":-6,"contentY":51,"deviceType":4,"inverted":true,"overViewport":true,"phase":2,"pixelX":0,"pixelY":-1,"pointerX":768.11328125,"pointerY":520.1875,"source":1,"timestamp":279254708}
{"angleX":0,"angleY":-10,"contentY":52,"deviceType":4,"inverted":true,"overViewport":true,"phase":2,"pixelX":0,"pixelY":0,"pointerX":768.11328125,"pointerY":520.1875,"source":1,"timestamp":279254715}
{"angleX":0,"angleY":-24,"contentY":52,"deviceType":4,"inverted":true,"overViewport":true,"phase":2,"pixelX":0,"pixelY":-2,"pointerX":768.11328125,"pointerY":520.1875,"source":1,"timestamp":279254722}
{"angleX":0,"angleY":-20,"contentY":54,"deviceType":4,"inverted":true,"overViewport":true,"phase":2,"pixelX":0,"pixelY":-2,"pointerX":768.11328125,"pointerY":520.1875,"source":1,"timestamp":279254730}
{"angleX":0,"angleY":-18,"contentY":56,"deviceType":4,"inverted":true,"overViewport":true,"phase":2,"pixelX":0,"pixelY":-2,"pointerX":768.11328125,"pointerY":520.1875,"source":1,"timestamp":279254737}
{"angleX":0,"angleY":-10,"contentY":58,"deviceType":4,"inverted":true,"overViewport":true,"phase":2,"pixelX":0,"pixelY":-1,"pointerX":768.11328125,"pointerY":520.1875,"source":1,"timestamp":279254744}
{"angleX":0,"angleY":-6,"contentY":59,"deviceType":4,"inverted":true,"overViewport":true,"phase":2,"pixelX":0,"pixelY":0,"pointerX":768.11328125,"pointerY":520.1875,"source":1,"timestamp":279254751}
{"angleX":0,"angleY":-12,"contentY":59,"deviceType":4,"inverted":true,"overViewport":true,"phase":2,"pixelX":0,"pixelY":-1,"pointerX":768.11328125,"pointerY":520.1875,"source":1,"timestamp":279254758}
{"angleX":0,"angleY":-4,"contentY":60,"deviceType":4,"inverted":true,"overViewport":true,"phase":2,"pixelX":0,"pixelY":0,"pointerX":768.11328125,"pointerY":520.1875,"source":1,"timestamp":279254773}
{"angleX":0,"angleY":-4,"contentY":60,"deviceType":4,"inverted":true,"overViewport":true,"phase":2,"pixelX":0,"pixelY":-1,"pointerX":768.11328125,"pointerY":520.1875,"source":1,"timestamp":279254780}
{"angleX":0,"angleY":-2,"contentY":61,"deviceType":4,"inverted":true,"overViewport":true,"phase":2,"pixelX":0,"pixelY":0,"pointerX":768.11328125,"pointerY":520.1875,"source":1,"timestamp":279254794}
{"angleX":0,"angleY":-2,"contentY":61.51129176798878,"deviceType":4,"inverted":true,"overViewport":true,"phase":2,"pixelX":0,"pixelY":0,"pointerX":768.11328125,"pointerY":520.1875,"source":1,"timestamp":279254823}
{"angleX":0,"angleY":-2,"contentY":61.66678643135747,"deviceType":4,"inverted":true,"overViewport":true,"phase":2,"pixelX":0,"pixelY":0,"pointerX":768.11328125,"pointerY":520.1875,"source":1,"timestamp":279254830}
{"angleX":0,"angleY":-2,"contentY":62.57454529283667,"deviceType":4,"inverted":true,"overViewport":true,"phase":2,"pixelX":0,"pixelY":0,"pointerX":768.11328125,"pointerY":520.1875,"source":1,"timestamp":279254902}
{"angleX":0,"angleY":-2,"contentY":62.73003995620536,"deviceType":4,"inverted":true,"overViewport":true,"phase":2,"pixelX":0,"pixelY":-1,"pointerX":768.11328125,"pointerY":520.1875,"source":1,"timestamp":279254917}
{"angleX":0,"angleY":-2,"contentY":62,"deviceType":4,"inverted":true,"overViewport":true,"phase":2,"pixelX":0,"pixelY":0,"pointerX":768.11328125,"pointerY":520.1875,"source":1,"timestamp":279254982}
{"angleX":0,"angleY":-2,"contentY":62.51129176798878,"deviceType":4,"inverted":true,"overViewport":true,"phase":2,"pixelX":0,"pixelY":0,"pointerX":768.11328125,"pointerY":520.1875,"source":1,"timestamp":279255003}
{"angleX":0,"angleY":-2,"contentY":63.18963909967313,"deviceType":4,"inverted":true,"overViewport":true,"phase":2,"pixelX":0,"pixelY":0,"pointerX":768.11328125,"pointerY":520.1875,"source":1,"timestamp":279255046}
{"angleX":0,"angleY":-2,"contentY":63.18963909967313,"deviceType":4,"inverted":true,"overViewport":true,"phase":2,"pixelX":0,"pixelY":0,"pointerX":768.11328125,"pointerY":520.1875,"source":1,"timestamp":279255054}
{"angleX":0,"angleY":-2,"contentY":63.879928402806044,"deviceType":4,"inverted":true,"overViewport":true,"phase":2,"pixelX":0,"pixelY":0,"pointerX":768.11328125,"pointerY":520.1875,"source":1,"timestamp":279255097}
{"angleX":0,"angleY":-24,"contentY":64.1707890329599,"deviceType":4,"inverted":true,"overViewport":true,"phase":2,"pixelX":0,"pixelY":-2,"pointerX":768.11328125,"pointerY":520.1875,"source":1,"timestamp":279255125}
{"angleX":0,"angleY":-31,"contentY":64,"deviceType":4,"inverted":true,"overViewport":true,"phase":2,"pixelX":0,"pixelY":-3,"pointerX":768.11328125,"pointerY":520.1875,"source":1,"timestamp":279255133}
{"angleX":0,"angleY":-12,"contentY":67,"deviceType":4,"inverted":true,"overViewport":true,"phase":2,"pixelX":0,"pixelY":-1,"pointerX":768.11328125,"pointerY":520.1875,"source":1,"timestamp":279255147}
{"angleX":0,"angleY":-10,"contentY":68,"deviceType":4,"inverted":true,"overViewport":true,"phase":2,"pixelX":0,"pixelY":-1,"pointerX":768.11328125,"pointerY":520.1875,"source":1,"timestamp":279255154}
{"angleX":0,"angleY":-14,"contentY":69,"deviceType":4,"inverted":true,"overViewport":true,"phase":2,"pixelX":0,"pixelY":-1,"pointerX":768.11328125,"pointerY":520.1875,"source":1,"timestamp":279255161}
{"angleX":0,"angleY":-24,"contentY":70,"deviceType":4,"inverted":true,"overViewport":true,"phase":2,"pixelX":0,"pixelY":-2,"pointerX":768.11328125,"pointerY":520.1875,"source":1,"timestamp":279255169}
{"angleX":0,"angleY":-20,"contentY":72,"deviceType":4,"inverted":true,"overViewport":true,"phase":2,"pixelX":0,"pixelY":-2,"pointerX":768.11328125,"pointerY":520.1875,"source":1,"timestamp":279255176}
{"angleX":0,"angleY":-18,"contentY":74,"deviceType":4,"inverted":true,"overViewport":true,"phase":2,"pixelX":0,"pixelY":-1,"pointerX":768.11328125,"pointerY":520.1875,"source":1,"timestamp":279255183}
{"angleX":0,"angleY":-18,"contentY":75,"deviceType":4,"inverted":true,"overViewport":true,"phase":2,"pixelX":0,"pixelY":-2,"pointerX":768.11328125,"pointerY":520.1875,"source":1,"timestamp":279255190}
{"angleX":0,"angleY":-24,"contentY":77,"deviceType":4,"inverted":true,"overViewport":true,"phase":2,"pixelX":0,"pixelY":-2,"pointerX":768.11328125,"pointerY":520.1875,"source":1,"timestamp":279255197}
{"angleX":0,"angleY":-22,"contentY":79,"deviceType":4,"inverted":true,"overViewport":true,"phase":2,"pixelX":0,"pixelY":-2,"pointerX":768.11328125,"pointerY":520.1875,"source":1,"timestamp":279255205}
{"angleX":0,"angleY":-18,"contentY":81,"deviceType":4,"inverted":true,"overViewport":true,"phase":2,"pixelX":0,"pixelY":-1,"pointerX":768.11328125,"pointerY":520.1875,"source":1,"timestamp":279255212}
{"angleX":0,"angleY":-16,"contentY":82,"deviceType":4,"inverted":true,"overViewport":true,"phase":2,"pixelX":0,"pixelY":-2,"pointerX":768.11328125,"pointerY":520.1875,"source":1,"timestamp":279255219}
{"angleX":0,"angleY":-18,"contentY":84,"deviceType":4,"inverted":true,"overViewport":true,"phase":2,"pixelX":0,"pixelY":-1,"pointerX":768.11328125,"pointerY":520.1875,"source":1,"timestamp":279255226}
{"angleX":0,"angleY":-22,"contentY":85,"deviceType":4,"inverted":true,"overViewport":true,"phase":2,"pixelX":0,"pixelY":-2,"pointerX":768.11328125,"pointerY":520.1875,"source":1,"timestamp":279255233}
{"angleX":0,"angleY":-22,"contentY":87,"deviceType":4,"inverted":true,"overViewport":true,"phase":2,"pixelX":0,"pixelY":-2,"pointerX":768.11328125,"pointerY":520.1875,"source":1,"timestamp":279255241}
{"angleX":0,"angleY":-16,"contentY":89,"deviceType":4,"inverted":true,"overViewport":true,"phase":2,"pixelX":0,"pixelY":-1,"pointerX":768.11328125,"pointerY":520.1875,"source":1,"timestamp":279255248}
{"angleX":16,"angleY":-18,"contentY":90,"deviceType":4,"inverted":true,"overViewport":true,"phase":2,"pixelX":1,"pixelY":-2,"pointerX":768.11328125,"pointerY":520.1875,"source":1,"timestamp":279255255}
{"angleX":0,"angleY":0,"contentY":92,"deviceType":4,"inverted":true,"overViewport":true,"phase":2,"pixelX":0,"pixelY":0,"pointerX":768.11328125,"pointerY":520.1875,"source":1,"timestamp":279255255}
{"angleX":18,"angleY":-24,"contentY":92,"deviceType":4,"inverted":true,"overViewport":true,"phase":2,"pixelX":2,"pixelY":-2,"pointerX":768.11328125,"pointerY":520.1875,"source":1,"timestamp":279255262}
{"angleX":0,"angleY":0,"contentY":94,"deviceType":4,"inverted":true,"overViewport":true,"phase":2,"pixelX":0,"pixelY":0,"pointerX":768.11328125,"pointerY":520.1875,"source":1,"timestamp":279255262}
{"angleX":20,"angleY":-22,"contentY":94,"deviceType":4,"inverted":true,"overViewport":true,"phase":2,"pixelX":2,"pixelY":-2,"pointerX":768.11328125,"pointerY":520.1875,"source":1,"timestamp":279255269}
{"angleX":0,"angleY":0,"contentY":96,"deviceType":4,"inverted":true,"overViewport":true,"phase":2,"pixelX":0,"pixelY":0,"pointerX":768.11328125,"pointerY":520.1875,"source":1,"timestamp":279255269}
{"angleX":18,"angleY":-22,"contentY":96,"deviceType":4,"inverted":true,"overViewport":true,"phase":2,"pixelX":1,"pixelY":-2,"pointerX":768.11328125,"pointerY":520.1875,"source":1,"timestamp":279255284}
{"angleX":0,"angleY":0,"contentY":98,"deviceType":4,"inverted":true,"overViewport":true,"phase":2,"pixelX":0,"pixelY":0,"pointerX":768.11328125,"pointerY":520.1875,"source":1,"timestamp":279255284}
{"angleX":14,"angleY":-22,"contentY":98,"deviceType":4,"inverted":true,"overViewport":true,"phase":2,"pixelX":1,"pixelY":-1,"pointerX":768.11328125,"pointerY":520.1875,"source":1,"timestamp":279255291}
{"angleX":0,"angleY":0,"contentY":99,"deviceType":4,"inverted":true,"overViewport":true,"phase":2,"pixelX":0,"pixelY":0,"pointerX":768.11328125,"pointerY":520.1875,"source":1,"timestamp":279255291}
{"angleX":22,"angleY":-22,"contentY":99,"deviceType":4,"inverted":true,"overViewport":true,"phase":2,"pixelX":2,"pixelY":-2,"pointerX":768.11328125,"pointerY":520.1875,"source":1,"timestamp":279255298}
{"angleX":0,"angleY":0,"contentY":101,"deviceType":4,"inverted":true,"overViewport":true,"phase":2,"pixelX":0,"pixelY":0,"pointerX":768.11328125,"pointerY":520.1875,"source":1,"timestamp":279255298}
{"angleX":18,"angleY":-22,"contentY":101,"deviceType":4,"inverted":true,"overViewport":true,"phase":2,"pixelX":2,"pixelY":-2,"pointerX":768.11328125,"pointerY":520.1875,"source":1,"timestamp":279255305}
{"angleX":0,"angleY":0,"contentY":103,"deviceType":4,"inverted":true,"overViewport":true,"phase":2,"pixelX":0,"pixelY":0,"pointerX":768.11328125,"pointerY":520.1875,"source":1,"timestamp":279255305}
{"angleX":20,"angleY":-24,"contentY":103,"deviceType":4,"inverted":true,"overViewport":true,"phase":2,"pixelX":1,"pixelY":-2,"pointerX":768.11328125,"pointerY":520.1875,"source":1,"timestamp":279255313}
{"angleX":0,"angleY":0,"contentY":105,"deviceType":4,"inverted":true,"overViewport":true,"phase":2,"pixelX":0,"pixelY":0,"pointerX":768.11328125,"pointerY":520.1875,"source":1,"timestamp":279255313}
{"angleX":20,"angleY":-29,"contentY":105,"deviceType":4,"inverted":true,"overViewport":true,"phase":2,"pixelX":2,"pixelY":-3,"pointerX":768.11328125,"pointerY":520.1875,"source":1,"timestamp":279255320}
{"angleX":0,"angleY":0,"contentY":108,"deviceType":4,"inverted":true,"overViewport":true,"phase":2,"pixelX":0,"pixelY":0,"pointerX":768.11328125,"pointerY":520.1875,"source":1,"timestamp":279255320}
{"angleX":22,"angleY":-24,"contentY":108,"deviceType":4,"inverted":true,"overViewport":true,"phase":2,"pixelX":2,"pixelY":-2,"pointerX":768.11328125,"pointerY":520.1875,"source":1,"timestamp":279255327}
{"angleX":0,"angleY":0,"contentY":110,"deviceType":4,"inverted":true,"overViewport":true,"phase":2,"pixelX":0,"pixelY":0,"pointerX":768.11328125,"pointerY":520.1875,"source":1,"timestamp":279255327}
{"angleX":18,"angleY":-26,"contentY":110,"deviceType":4,"inverted":true,"overViewport":true,"phase":2,"pixelX":1,"pixelY":-2,"pointerX":768.11328125,"pointerY":520.1875,"source":1,"timestamp":279255334}
{"angleX":0,"angleY":0,"contentY":112,"deviceType":4,"inverted":true,"overViewport":true,"phase":2,"pixelX":0,"pixelY":0,"pointerX":768.11328125,"pointerY":520.1875,"source":1,"timestamp":279255334}
{"angleX":20,"angleY":-22,"contentY":112,"deviceType":4,"inverted":true,"overViewport":true,"phase":2,"pixelX":2,"pixelY":-2,"pointerX":768.11328125,"pointerY":520.1875,"source":1,"timestamp":279255342}
{"angleX":0,"angleY":0,"contentY":114,"deviceType":4,"inverted":true,"overViewport":true,"phase":2,"pixelX":0,"pixelY":0,"pointerX":768.11328125,"pointerY":520.1875,"source":1,"timestamp":279255342}
{"angleX":22,"angleY":-26,"contentY":114,"deviceType":4,"inverted":true,"overViewport":true,"phase":2,"pixelX":2,"pixelY":-2,"pointerX":768.11328125,"pointerY":520.1875,"source":1,"timestamp":279255348}
{"angleX":0,"angleY":0,"contentY":116,"deviceType":4,"inverted":true,"overViewport":true,"phase":2,"pixelX":0,"pixelY":0,"pointerX":768.11328125,"pointerY":520.1875,"source":1,"timestamp":279255348}
{"angleX":22,"angleY":-26,"contentY":116,"deviceType":4,"inverted":true,"overViewport":true,"phase":2,"pixelX":2,"pixelY":-2,"pointerX":768.11328125,"pointerY":520.1875,"source":1,"timestamp":279255356}
{"angleX":0,"angleY":0,"contentY":118,"deviceType":4,"inverted":true,"overViewport":true,"phase":2,"pixelX":0,"pixelY":0,"pointerX":768.11328125,"pointerY":520.1875,"source":1,"timestamp":279255356}
{"angleX":24,"angleY":-24,"contentY":118,"deviceType":4,"inverted":true,"overViewport":true,"phase":2,"pixelX":2,"pixelY":-2,"pointerX":768.11328125,"pointerY":520.1875,"source":1,"timestamp":279255363}
{"angleX":0,"angleY":0,"contentY":120,"deviceType":4,"inverted":true,"overViewport":true,"phase":2,"pixelX":0,"pixelY":0,"pointerX":768.11328125,"pointerY":520.1875,"source":1,"timestamp":279255363}
{"angleX":20,"angleY":-24,"contentY":120,"deviceType":4,"inverted":true,"overViewport":true,"phase":2,"pixelX":2,"pixelY":-2,"pointerX":768.11328125,"pointerY":520.1875,"source":1,"timestamp":279255370}
{"angleX":0,"angleY":0,"contentY":122,"deviceType":4,"inverted":true,"overViewport":true,"phase":2,"pixelX":0,"pixelY":0,"pointerX":768.11328125,"pointerY":520.1875,"source":1,"timestamp":279255370}
{"angleX":22,"angleY":-22,"contentY":122,"deviceType":4,"inverted":true,"overViewport":true,"phase":2,"pixelX":2,"pixelY":-2,"pointerX":768.11328125,"pointerY":520.1875,"source":1,"timestamp":279255377}
{"angleX":0,"angleY":0,"contentY":124,"deviceType":4,"inverted":true,"overViewport":true,"phase":2,"pixelX":0,"pixelY":0,"pointerX":768.11328125,"pointerY":520.1875,"source":1,"timestamp":279255377}
{"angleX":18,"angleY":-22,"contentY":124,"deviceType":4,"inverted":true,"overViewport":true,"phase":2,"pixelX":1,"pixelY":-2,"pointerX":768.11328125,"pointerY":520.1875,"source":1,"timestamp":279255384}
{"angleX":0,"angleY":0,"contentY":126,"deviceType":4,"inverted":true,"overViewport":true,"phase":2,"pixelX":0,"pixelY":0,"pointerX":768.11328125,"pointerY":520.1875,"source":1,"timestamp":279255384}
{"angleX":22,"angleY":-20,"contentY":126,"deviceType":4,"inverted":true,"overViewport":true,"phase":2,"pixelX":2,"pixelY":-2,"pointerX":768.11328125,"pointerY":520.1875,"source":1,"timestamp":279255392}
{"angleX":0,"angleY":0,"contentY":128,"deviceType":4,"inverted":true,"overViewport":true,"phase":2,"pixelX":0,"pixelY":0,"pointerX":768.11328125,"pointerY":520.1875,"source":1,"timestamp":279255392}
{"angleX":16,"angleY":-16,"contentY":128,"deviceType":4,"inverted":true,"overViewport":true,"phase":2,"pixelX":1,"pixelY":-1,"pointerX":768.11328125,"pointerY":520.1875,"source":1,"timestamp":279255399}
{"angleX":0,"angleY":0,"contentY":129,"deviceType":4,"inverted":true,"overViewport":true,"phase":2,"pixelX":0,"pixelY":0,"pointerX":768.11328125,"pointerY":520.1875,"source":1,"timestamp":279255399}
{"angleX":16,"angleY":-16,"contentY":129,"deviceType":4,"inverted":true,"overViewport":true,"phase":2,"pixelX":2,"pixelY":-1,"pointerX":768.11328125,"pointerY":520.1875,"source":1,"timestamp":279255406}
{"angleX":0,"angleY":0,"contentY":130,"deviceType":4,"inverted":true,"overViewport":true,"phase":2,"pixelX":0,"pixelY":0,"pointerX":768.11328125,"pointerY":520.1875,"source":1,"timestamp":279255406}
{"angleX":18,"angleY":-16,"contentY":130,"deviceType":4,"inverted":true,"overViewport":true,"phase":2,"pixelX":1,"pixelY":-2,"pointerX":768.11328125,"pointerY":520.1875,"source":1,"timestamp":279255413}
{"angleX":0,"angleY":0,"contentY":132,"deviceType":4,"inverted":true,"overViewport":true,"phase":2,"pixelX":0,"pixelY":0,"pointerX":768.11328125,"pointerY":520.1875,"source":1,"timestamp":279255413}
{"angleX":14,"angleY":-16,"contentY":132,"deviceType":4,"inverted":true,"overViewport":true,"phase":2,"pixelX":1,"pixelY":-1,"pointerX":768.11328125,"pointerY":520.1875,"source":1,"timestamp":279255420}
{"angleX":0,"angleY":0,"contentY":133,"deviceType":4,"inverted":true,"overViewport":true,"phase":2,"pixelX":0,"pixelY":0,"pointerX":768.11328125,"pointerY":520.1875,"source":1,"timestamp":279255420}
{"angleX":16,"angleY":-14,"contentY":133,"deviceType":4,"inverted":true,"overViewport":true,"phase":2,"pixelX":2,"pixelY":-1,"pointerX":768.11328125,"pointerY":520.1875,"source":1,"timestamp":279255428}
{"angleX":0,"angleY":0,"contentY":134,"deviceType":4,"inverted":true,"overViewport":true,"phase":2,"pixelX":0,"pixelY":0,"pointerX":768.11328125,"pointerY":520.1875,"source":1,"timestamp":279255428}
{"angleX":18,"angleY":-14,"contentY":134,"deviceType":4,"inverted":true,"overViewport":true,"phase":2,"pixelX":1,"pixelY":-1,"pointerX":768.11328125,"pointerY":520.1875,"source":1,"timestamp":279255435}
{"angleX":0,"angleY":0,"contentY":135,"deviceType":4,"inverted":true,"overViewport":true,"phase":2,"pixelX":0,"pixelY":0,"pointerX":768.11328125,"pointerY":520.1875,"source":1,"timestamp":279255435}
{"angleX":14,"angleY":-16,"contentY":135,"deviceType":4,"inverted":true,"overViewport":true,"phase":2,"pixelX":1,"pixelY":-2,"pointerX":768.11328125,"pointerY":520.1875,"source":1,"timestamp":279255442}
{"angleX":0,"angleY":0,"contentY":137,"deviceType":4,"inverted":true,"overViewport":true,"phase":2,"pixelX":0,"pixelY":0,"pointerX":768.11328125,"pointerY":520.1875,"source":1,"timestamp":279255442}
{"angleX":18,"angleY":-18,"contentY":137,"deviceType":4,"inverted":true,"overViewport":true,"phase":2,"pixelX":2,"pixelY":-1,"pointerX":768.11328125,"pointerY":520.1875,"source":1,"timestamp":279255449}
{"angleX":0,"angleY":0,"contentY":138,"deviceType":4,"inverted":true,"overViewport":true,"phase":2,"pixelX":0,"pixelY":0,"pointerX":768.11328125,"pointerY":520.1875,"source":1,"timestamp":279255449}
{"angleX":20,"angleY":-18,"contentY":138,"deviceType":4,"inverted":true,"overViewport":true,"phase":2,"pixelX":2,"pixelY":-2,"pointerX":768.11328125,"pointerY":520.1875,"source":1,"timestamp":279255457}
{"angleX":0,"angleY":0,"contentY":140,"deviceType":4,"inverted":true,"overViewport":true,"phase":2,"pixelX":0,"pixelY":0,"pointerX":768.11328125,"pointerY":520.1875,"source":1,"timestamp":279255457}
{"angleX":18,"angleY":-16,"contentY":140,"deviceType":4,"inverted":true,"overViewport":true,"phase":2,"pixelX":1,"pixelY":-1,"pointerX":768.11328125,"pointerY":520.1875,"source":1,"timestamp":279255464}
{"angleX":0,"angleY":0,"contentY":141,"deviceType":4,"inverted":true,"overViewport":true,"phase":2,"pixelX":0,"pixelY":0,"pointerX":768.11328125,"pointerY":520.1875,"source":1,"timestamp":279255464}
{"angleX":16,"angleY":-18,"contentY":141,"deviceType":4,"inverted":true,"overViewport":true,"phase":2,"pixelX":2,"pixelY":-2,"pointerX":768.11328125,"pointerY":520.1875,"source":1,"timestamp":279255471}
{"angleX":0,"angleY":0,"contentY":143,"deviceType":4,"inverted":true,"overViewport":true,"phase":2,"pixelX":0,"pixelY":0,"pointerX":768.11328125,"pointerY":520.1875,"source":1,"timestamp":279255471}
{"angleX":16,"angleY":-16,"contentY":143,"deviceType":4,"inverted":true,"overViewport":true,"phase":2,"pixelX":1,"pixelY":-1,"pointerX":768.11328125,"pointerY":520.1875,"source":1,"timestamp":279255478}
{"angleX":0,"angleY":0,"contentY":144,"deviceType":4,"inverted":true,"overViewport":true,"phase":2,"pixelX":0,"pixelY":0,"pointerX":768.11328125,"pointerY":520.1875,"source":1,"timestamp":279255478}
{"angleX":18,"angleY":-18,"contentY":144,"deviceType":4,"inverted":true,"overViewport":true,"phase":2,"pixelX":1,"pixelY":-2,"pointerX":768.11328125,"pointerY":520.1875,"source":1,"timestamp":279255485}
{"angleX":0,"angleY":0,"contentY":146,"deviceType":4,"inverted":true,"overViewport":true,"phase":2,"pixelX":0,"pixelY":0,"pointerX":768.11328125,"pointerY":520.1875,"source":1,"timestamp":279255485}
{"angleX":16,"angleY":-14,"contentY":146,"deviceType":4,"inverted":true,"overViewport":true,"phase":2,"pixelX":2,"pixelY":-1,"pointerX":768.11328125,"pointerY":520.1875,"source":1,"timestamp":279255492}
{"angleX":0,"angleY":0,"contentY":147,"deviceType":4,"inverted":true,"overViewport":true,"phase":2,"pixelX":0,"pixelY":0,"pointerX":768.11328125,"pointerY":520.1875,"source":1,"timestamp":279255492}
{"angleX":16,"angleY":-18,"contentY":147,"deviceType":4,"inverted":true,"overViewport":true,"phase":2,"pixelX":1,"pixelY":-1,"pointerX":768.11328125,"pointerY":520.1875,"source":1,"timestamp":279255500}
{"angleX":0,"angleY":0,"contentY":148,"deviceType":4,"inverted":true,"overViewport":true,"phase":2,"pixelX":0,"pixelY":0,"pointerX":768.11328125,"pointerY":520.1875,"source":1,"timestamp":279255500}
{"angleX":14,"angleY":-16,"contentY":148,"deviceType":4,"inverted":true,"overViewport":true,"phase":2,"pixelX":1,"pixelY":-2,"pointerX":768.11328125,"pointerY":520.1875,"source":1,"timestamp":279255507}
{"angleX":0,"angleY":0,"contentY":150,"deviceType":4,"inverted":true,"overViewport":true,"phase":2,"pixelX":0,"pixelY":0,"pointerX":768.11328125,"pointerY":520.1875,"source":1,"timestamp":279255507}
{"angleX":18,"angleY":-18,"contentY":150,"deviceType":4,"inverted":true,"overViewport":true,"phase":2,"pixelX":2,"pixelY":-1,"pointerX":768.11328125,"pointerY":520.1875,"source":1,"timestamp":279255514}
{"angleX":0,"angleY":0,"contentY":151,"deviceType":4,"inverted":true,"overViewport":true,"phase":2,"pixelX":0,"pixelY":0,"pointerX":768.11328125,"pointerY":520.1875,"source":1,"timestamp":279255514}
{"angleX":16,"angleY":-14,"contentY":151,"deviceType":4,"inverted":true,"overViewport":true,"phase":2,"pixelX":1,"pixelY":-1,"pointerX":768.11328125,"pointerY":520.1875,"source":1,"timestamp":279255521}
{"angleX":0,"angleY":0,"contentY":152,"deviceType":4,"inverted":true,"overViewport":true,"phase":2,"pixelX":0,"pixelY":0,"pointerX":768.11328125,"pointerY":520.1875,"source":1,"timestamp":279255521}
{"angleX":14,"angleY":-18,"contentY":152,"deviceType":4,"inverted":true,"overViewport":true,"phase":2,"pixelX":1,"pixelY":-2,"pointerX":768.11328125,"pointerY":520.1875,"source":1,"timestamp":279255528}
{"angleX":0,"angleY":0,"contentY":154,"deviceType":4,"inverted":true,"overViewport":true,"phase":2,"pixelX":0,"pixelY":0,"pointerX":768.11328125,"pointerY":520.1875,"source":1,"timestamp":279255528}
{"angleX":20,"angleY":-20,"contentY":154,"deviceType":4,"inverted":true,"overViewport":true,"phase":2,"pixelX":2,"pixelY":-2,"pointerX":768.11328125,"pointerY":520.1875,"source":1,"timestamp":279255536}
{"angleX":0,"angleY":0,"contentY":156,"deviceType":4,"inverted":true,"overViewport":true,"phase":2,"pixelX":0,"pixelY":0,"pointerX":768.11328125,"pointerY":520.1875,"source":1,"timestamp":279255536}
{"angleX":16,"angleY":-20,"contentY":156,"deviceType":4,"inverted":true,"overViewport":true,"phase":2,"pixelX":1,"pixelY":-1,"pointerX":768.11328125,"pointerY":520.1875,"source":1,"timestamp":279255543}
{"angleX":0,"angleY":0,"contentY":157,"deviceType":4,"inverted":true,"overViewport":true,"phase":2,"pixelX":0,"pixelY":0,"pointerX":768.11328125,"pointerY":520.1875,"source":1,"timestamp":279255543}
{"angleX":20,"angleY":-18,"contentY":157,"deviceType":4,"inverted":true,"overViewport":true,"phase":2,"pixelX":2,"pixelY":-2,"pointerX":768.11328125,"pointerY":520.1875,"source":1,"timestamp":279255550}
{"angleX":0,"angleY":0,"contentY":159,"deviceType":4,"inverted":true,"overViewport":true,"phase":2,"pixelX":0,"pixelY":0,"pointerX":768.11328125,"pointerY":520.1875,"source":1,"timestamp":279255550}
{"angleX":18,"angleY":-18,"contentY":159,"deviceType":4,"inverted":true,"overViewport":true,"phase":2,"pixelX":2,"pixelY":-1,"pointerX":768.11328125,"pointerY":520.1875,"source":1,"timestamp":279255557}
{"angleX":0,"angleY":0,"contentY":160,"deviceType":4,"inverted":true,"overViewport":true,"phase":2,"pixelX":0,"pixelY":0,"pointerX":768.11328125,"pointerY":520.1875,"source":1,"timestamp":279255557}
{"angleX":16,"angleY":-20,"contentY":160,"deviceType":4,"inverted":true,"overViewport":true,"phase":2,"pixelX":1,"pixelY":-2,"pointerX":768.11328125,"pointerY":520.1875,"source":1,"timestamp":279255564}
{"angleX":0,"angleY":0,"contentY":162,"deviceType":4,"inverted":true,"overViewport":true,"phase":2,"pixelX":0,"pixelY":0,"pointerX":768.11328125,"pointerY":520.1875,"source":1,"timestamp":279255564}
{"angleX":16,"angleY":-18,"contentY":162,"deviceType":4,"inverted":true,"overViewport":true,"phase":2,"pixelX":1,"pixelY":-2,"pointerX":768.11328125,"pointerY":520.1875,"source":1,"timestamp":279255572}
{"angleX":0,"angleY":0,"contentY":164,"deviceType":4,"inverted":true,"overViewport":true,"phase":2,"pixelX":0,"pixelY":0,"pointerX":768.11328125,"pointerY":520.1875,"source":1,"timestamp":279255572}
{"angleX":18,"angleY":-16,"contentY":164,"deviceType":4,"inverted":true,"overViewport":true,"phase":2,"pixelX":2,"pixelY":-1,"pointerX":768.11328125,"pointerY":520.1875,"source":1,"timestamp":279255579}
{"angleX":0,"angleY":0,"contentY":165,"deviceType":4,"inverted":true,"overViewport":true,"phase":2,"pixelX":0,"pixelY":0,"pointerX":768.11328125,"pointerY":520.1875,"source":1,"timestamp":279255579}
{"angleX":12,"angleY":-16,"contentY":165,"deviceType":4,"inverted":true,"overViewport":true,"phase":2,"pixelX":1,"pixelY":-1,"pointerX":768.11328125,"pointerY":520.1875,"source":1,"timestamp":279255586}
{"angleX":0,"angleY":0,"contentY":166,"deviceType":4,"inverted":true,"overViewport":true,"phase":2,"pixelX":0,"pixelY":0,"pointerX":768.11328125,"pointerY":520.1875,"source":1,"timestamp":279255586}
{"angleX":14,"angleY":-14,"contentY":166,"deviceType":4,"inverted":true,"overViewport":true,"phase":2,"pixelX":1,"pixelY":-1,"pointerX":768.11328125,"pointerY":520.1875,"source":1,"timestamp":279255593}
{"angleX":0,"angleY":0,"contentY":167,"deviceType":4,"inverted":true,"overViewport":true,"phase":2,"pixelX":0,"pixelY":0,"pointerX":768.11328125,"pointerY":520.1875,"source":1,"timestamp":279255593}
{"angleX":10,"angleY":-10,"contentY":167,"deviceType":4,"inverted":true,"overViewport":true,"phase":2,"pixelX":1,"pixelY":-1,"pointerX":768.11328125,"pointerY":520.1875,"source":1,"timestamp":279255601}
{"angleX":0,"angleY":0,"contentY":168,"deviceType":4,"inverted":true,"overViewport":true,"phase":2,"pixelX":0,"pixelY":0,"pointerX":768.11328125,"pointerY":520.1875,"source":1,"timestamp":279255601}
{"angleX":4,"angleY":-6,"contentY":168,"deviceType":4,"inverted":true,"overViewport":true,"phase":2,"pixelX":0,"pixelY":-1,"pointerX":768.11328125,"pointerY":520.1875,"source":1,"timestamp":279255608}
{"angleX":0,"angleY":0,"contentY":169,"deviceType":4,"inverted":true,"overViewport":true,"phase":2,"pixelX":0,"pixelY":0,"pointerX":768.11328125,"pointerY":520.1875,"source":1,"timestamp":279255608}
{"angleX":6,"angleY":-6,"contentY":169,"deviceType":4,"inverted":true,"overViewport":true,"phase":2,"pixelX":1,"pixelY":0,"pointerX":768.11328125,"pointerY":520.1875,"source":1,"timestamp":279255615}
{"angleX":0,"angleY":0,"contentY":169,"deviceType":4,"inverted":true,"overViewport":true,"phase":2,"pixelX":0,"pixelY":0,"pointerX":768.11328125,"pointerY":520.1875,"source":1,"timestamp":279255615}
{"angleX":0,"angleY":-2,"contentY":169,"deviceType":4,"inverted":true,"overViewport":true,"phase":2,"pixelX":0,"pixelY":0,"pointerX":768.11328125,"pointerY":520.1875,"source":1,"timestamp":279255622}
{"angleX":2,"angleY":0,"contentY":169.51129176798878,"deviceType":4,"inverted":true,"overViewport":true,"phase":2,"pixelX":0,"pixelY":0,"pointerX":768.11328125,"pointerY":520.1875,"source":1,"timestamp":279255644}
{"angleX":0,"angleY":0,"contentY":170.13733616289161,"deviceType":4,"inverted":true,"overViewport":true,"phase":3,"pixelX":0,"pixelY":0,"pointerX":768.11328125,"pointerY":520.1875,"source":0,"timestamp":279255750}
{"angleX":0,"angleY":0,"contentY":170,"deviceType":4,"inverted":true,"overViewport":true,"phase":3,"pixelX":0,"pixelY":0,"pointerX":768.11328125,"pointerY":520.1875,"source":0,"timestamp":279255750}
{"coastSample":1,"contentY":170,"endTimestamp":279255750,"flicking":false,"velocity":0}
{"coastSample":2,"contentY":170,"endTimestamp":279255750,"flicking":false,"velocity":0}
{"coastSample":3,"contentY":170,"endTimestamp":279255750,"flicking":false,"velocity":0}
{"coastSample":4,"contentY":170,"endTimestamp":279255750,"flicking":false,"velocity":0}
{"coastSample":5,"contentY":170,"endTimestamp":279255750,"flicking":false,"velocity":0}
{"coastSample":6,"contentY":170,"endTimestamp":279255750,"flicking":false,"velocity":0}
{"coastSample":7,"contentY":170,"endTimestamp":279255750,"flicking":false,"velocity":0}
{"coastSample":8,"contentY":170,"endTimestamp":279255750,"flicking":false,"velocity":0}
{"coastSample":9,"contentY":170,"endTimestamp":279255750,"flicking":false,"velocity":0}
{"coastSample":10,"contentY":170,"endTimestamp":279255750,"flicking":false,"velocity":0}
{"coastSample":11,"contentY":170,"endTimestamp":279255750,"flicking":false,"velocity":0}
{"coastSample":12,"contentY":170,"endTimestamp":279255750,"flicking":false,"velocity":0}
{"coastSample":13,"contentY":170,"endTimestamp":279255750,"flicking":false,"velocity":0}
{"coastSample":14,"contentY":170,"endTimestamp":279255750,"flicking":false,"velocity":0}
{"coastSample":15,"contentY":170,"endTimestamp":279255750,"flicking":false,"velocity":0}
{"angleX":0,"angleY":0,"contentY":170,"deviceType":4,"inverted":false,"overViewport":true,"phase":1,"pixelX":0,"pixelY":0,"pointerX":768.11328125,"pointerY":520.1875,"source":0,"timestamp":279256068}
{"angleX":0,"angleY":0,"contentY":170,"deviceType":4,"inverted":false,"overViewport":true,"phase":1,"pixelX":0,"pixelY":0,"pointerX":768.11328125,"pointerY":520.1875,"source":0,"timestamp":279256068}
{"angleX":41,"angleY":-63,"contentY":170,"deviceType":4,"inverted":true,"overViewport":true,"phase":2,"pixelX":3,"pixelY":-5,"pointerX":768.11328125,"pointerY":520.1875,"source":1,"timestamp":279256068}
{"angleX":0,"angleY":0,"contentY":170,"deviceType":4,"inverted":true,"overViewport":true,"phase":2,"pixelX":0,"pixelY":0,"pointerX":768.11328125,"pointerY":520.1875,"source":1,"timestamp":279256068}
{"angleX":47,"angleY":-67,"contentY":170,"deviceType":4,"inverted":true,"overViewport":true,"phase":2,"pixelX":4,"pixelY":-6,"pointerX":768.11328125,"pointerY":520.1875,"source":1,"timestamp":279256076}
{"angleX":0,"angleY":0,"contentY":170,"deviceType":4,"inverted":true,"overViewport":true,"phase":2,"pixelX":0,"pixelY":0,"pointerX":768.11328125,"pointerY":520.1875,"source":1,"timestamp":279256076}
{"angleX":51,"angleY":-67,"contentY":170,"deviceType":4,"inverted":true,"overViewport":true,"phase":2,"pixelX":5,"pixelY":-5,"pointerX":768.11328125,"pointerY":520.1875,"source":1,"timestamp":279256083}
{"angleX":0,"angleY":0,"contentY":170,"deviceType":4,"inverted":true,"overViewport":true,"phase":2,"pixelX":0,"pixelY":0,"pointerX":768.11328125,"pointerY":520.1875,"source":1,"timestamp":279256083}
{"angleX":55,"angleY":-73,"contentY":170,"deviceType":4,"inverted":true,"overViewport":true,"phase":2,"pixelX":4,"pixelY":-7,"pointerX":768.11328125,"pointerY":520.1875,"source":1,"timestamp":279256091}
{"angleX":0,"angleY":0,"contentY":170,"deviceType":4,"inverted":true,"overViewport":true,"phase":2,"pixelX":0,"pixelY":0,"pointerX":768.11328125,"pointerY":520.1875,"source":1,"timestamp":279256091}
{"angleX":57,"angleY":-77,"contentY":170,"deviceType":4,"inverted":true,"overViewport":true,"phase":2,"pixelX":5,"pixelY":-6,"pointerX":768.11328125,"pointerY":520.1875,"source":1,"timestamp":279256097}
{"angleX":0,"angleY":0,"contentY":170,"deviceType":4,"inverted":true,"overViewport":true,"phase":2,"pixelX":0,"pixelY":0,"pointerX":768.11328125,"pointerY":520.1875,"source":1,"timestamp":279256097}
{"angleX":61,"angleY":-86,"contentY":170,"deviceType":4,"inverted":true,"overViewport":true,"phase":2,"pixelX":5,"pixelY":-7,"pointerX":768.11328125,"pointerY":520.1875,"source":1,"timestamp":279256105}
{"angleX":0,"angleY":0,"contentY":170,"deviceType":4,"inverted":true,"overViewport":true,"phase":2,"pixelX":0,"pixelY":0,"pointerX":768.11328125,"pointerY":520.1875,"source":1,"timestamp":279256105}
{"angleX":71,"angleY":-96,"contentY":170,"deviceType":4,"inverted":true,"overViewport":true,"phase":2,"pixelX":6,"pixelY":-8,"pointerX":768.11328125,"pointerY":520.1875,"source":1,"timestamp":279256112}
{"angleX":0,"angleY":0,"contentY":170,"deviceType":4,"inverted":true,"overViewport":true,"phase":2,"pixelX":0,"pixelY":0,"pointerX":768.11328125,"pointerY":520.1875,"source":1,"timestamp":279256112}
{"angleX":73,"angleY":-102,"contentY":170,"deviceType":4,"inverted":true,"overViewport":true,"phase":2,"pixelX":6,"pixelY":-9,"pointerX":768.11328125,"pointerY":520.1875,"source":1,"timestamp":279256119}
{"angleX":0,"angleY":0,"contentY":170,"deviceType":4,"inverted":true,"overViewport":true,"phase":2,"pixelX":0,"pixelY":0,"pointerX":768.11328125,"pointerY":520.1875,"source":1,"timestamp":279256119}
{"angleX":79,"angleY":-106,"contentY":170,"deviceType":4,"inverted":true,"overViewport":true,"phase":2,"pixelX":7,"pixelY":-8,"pointerX":768.11328125,"pointerY":520.1875,"source":1,"timestamp":279256126}
{"angleX":0,"angleY":0,"contentY":170,"deviceType":4,"inverted":true,"overViewport":true,"phase":2,"pixelX":0,"pixelY":0,"pointerX":768.11328125,"pointerY":520.1875,"source":1,"timestamp":279256126}
{"angleX":88,"angleY":-112,"contentY":170,"deviceType":4,"inverted":true,"overViewport":true,"phase":2,"pixelX":7,"pixelY":-10,"pointerX":768.11328125,"pointerY":520.1875,"source":1,"timestamp":279256133}
{"angleX":0,"angleY":0,"contentY":170,"deviceType":4,"inverted":true,"overViewport":true,"phase":2,"pixelX":0,"pixelY":0,"pointerX":768.11328125,"pointerY":520.1875,"source":1,"timestamp":279256133}
{"angleX":88,"angleY":-116,"contentY":170,"deviceType":4,"inverted":true,"overViewport":true,"phase":2,"pixelX":7,"pixelY":-9,"pointerX":768.11328125,"pointerY":520.1875,"source":1,"timestamp":279256141}
{"angleX":0,"angleY":0,"contentY":170,"deviceType":4,"inverted":true,"overViewport":true,"phase":2,"pixelX":0,"pixelY":0,"pointerX":768.11328125,"pointerY":520.1875,"source":1,"timestamp":279256141}
{"angleX":88,"angleY":-118,"contentY":170,"deviceType":4,"inverted":true,"overViewport":true,"phase":2,"pixelX":8,"pixelY":-10,"pointerX":768.11328125,"pointerY":520.1875,"source":1,"timestamp":279256148}
{"angleX":0,"angleY":0,"contentY":170,"deviceType":4,"inverted":true,"overViewport":true,"phase":2,"pixelX":0,"pixelY":0,"pointerX":768.11328125,"pointerY":520.1875,"source":1,"timestamp":279256148}
{"angleX":94,"angleY":-116,"contentY":170,"deviceType":4,"inverted":true,"overViewport":true,"phase":2,"pixelX":7,"pixelY":-10,"pointerX":768.11328125,"pointerY":520.1875,"source":1,"timestamp":279256155}
{"angleX":0,"angleY":0,"contentY":170,"deviceType":4,"inverted":true,"overViewport":true,"phase":2,"pixelX":0,"pixelY":0,"pointerX":768.11328125,"pointerY":520.1875,"source":1,"timestamp":279256155}
{"angleX":94,"angleY":-116,"contentY":170,"deviceType":4,"inverted":true,"overViewport":true,"phase":2,"pixelX":8,"pixelY":-10,"pointerX":768.11328125,"pointerY":520.1875,"source":1,"timestamp":279256162}
{"angleX":0,"angleY":0,"contentY":170,"deviceType":4,"inverted":true,"overViewport":true,"phase":2,"pixelX":0,"pixelY":0,"pointerX":768.11328125,"pointerY":520.1875,"source":1,"timestamp":279256162}
{"angleX":90,"angleY":-110,"contentY":170,"deviceType":4,"inverted":true,"overViewport":true,"phase":2,"pixelX":8,"pixelY":-9,"pointerX":768.11328125,"pointerY":520.1875,"source":1,"timestamp":279256169}
{"angleX":0,"angleY":0,"contentY":170,"deviceType":4,"inverted":true,"overViewport":true,"phase":2,"pixelX":0,"pixelY":0,"pointerX":768.11328125,"pointerY":520.1875,"source":1,"timestamp":279256169}
{"angleX":88,"angleY":-108,"contentY":170,"deviceType":4,"inverted":true,"overViewport":true,"phase":2,"pixelX":7,"pixelY":-9,"pointerX":768.11328125,"pointerY":520.1875,"source":1,"timestamp":279256177}
{"angleX":0,"angleY":0,"contentY":170,"deviceType":4,"inverted":true,"overViewport":true,"phase":2,"pixelX":0,"pixelY":0,"pointerX":768.11328125,"pointerY":520.1875,"source":1,"timestamp":279256177}
{"angleX":86,"angleY":-98,"contentY":170,"deviceType":4,"inverted":true,"overViewport":true,"phase":2,"pixelX":7,"pixelY":-8,"pointerX":768.11328125,"pointerY":520.1875,"source":1,"timestamp":279256184}
{"angleX":0,"angleY":0,"contentY":170,"deviceType":4,"inverted":true,"overViewport":true,"phase":2,"pixelX":0,"pixelY":0,"pointerX":768.11328125,"pointerY":520.1875,"source":1,"timestamp":279256184}
{"angleX":81,"angleY":-90,"contentY":170,"deviceType":4,"inverted":true,"overViewport":true,"phase":2,"pixelX":7,"pixelY":-7,"pointerX":768.11328125,"pointerY":520.1875,"source":1,"timestamp":279256191}
{"angleX":0,"angleY":0,"contentY":170,"deviceType":4,"inverted":true,"overViewport":true,"phase":2,"pixelX":0,"pixelY":0,"pointerX":768.11328125,"pointerY":520.1875,"source":1,"timestamp":279256191}
{"angleX":75,"angleY":-81,"contentY":170,"deviceType":4,"inverted":true,"overViewport":true,"phase":2,"pixelX":6,"pixelY":-7,"pointerX":768.11328125,"pointerY":520.1875,"source":1,"timestamp":279256198}
{"angleX":0,"angleY":0,"contentY":170,"deviceType":4,"inverted":true,"overViewport":true,"phase":2,"pixelX":0,"pixelY":0,"pointerX":768.11328125,"pointerY":520.1875,"source":1,"timestamp":279256198}
{"angleX":69,"angleY":-71,"contentY":170,"deviceType":4,"inverted":true,"overViewport":true,"phase":2,"pixelX":6,"pixelY":-6,"pointerX":768.11328125,"pointerY":520.1875,"source":1,"timestamp":279256205}
{"angleX":0,"angleY":0,"contentY":170,"deviceType":4,"inverted":true,"overViewport":true,"phase":2,"pixelX":0,"pixelY":0,"pointerX":768.11328125,"pointerY":520.1875,"source":1,"timestamp":279256205}
{"angleX":59,"angleY":-55,"contentY":170,"deviceType":4,"inverted":true,"overViewport":true,"phase":2,"pixelX":5,"pixelY":-5,"pointerX":768.11328125,"pointerY":520.1875,"source":1,"timestamp":279256212}
{"angleX":0,"angleY":0,"contentY":170,"deviceType":4,"inverted":true,"overViewport":true,"phase":2,"pixelX":0,"pixelY":0,"pointerX":768.11328125,"pointerY":520.1875,"source":1,"timestamp":279256212}
{"angleX":45,"angleY":-47,"contentY":170,"deviceType":4,"inverted":true,"overViewport":true,"phase":2,"pixelX":4,"pixelY":-4,"pointerX":768.11328125,"pointerY":520.1875,"source":1,"timestamp":279256220}
{"angleX":0,"angleY":0,"contentY":170,"deviceType":4,"inverted":true,"overViewport":true,"phase":2,"pixelX":0,"pixelY":0,"pointerX":768.11328125,"pointerY":520.1875,"source":1,"timestamp":279256220}
{"angleX":35,"angleY":-33,"contentY":170,"deviceType":4,"inverted":true,"overViewport":true,"phase":2,"pixelX":2,"pixelY":-2,"pointerX":768.11328125,"pointerY":520.1875,"source":1,"timestamp":279256227}
{"angleX":0,"angleY":0,"contentY":170,"deviceType":4,"inverted":true,"overViewport":true,"phase":2,"pixelX":0,"pixelY":0,"pointerX":768.11328125,"pointerY":520.1875,"source":1,"timestamp":279256227}
{"angleX":22,"angleY":-20,"contentY":170,"deviceType":4,"inverted":true,"overViewport":true,"phase":2,"pixelX":2,"pixelY":-2,"pointerX":768.11328125,"pointerY":520.1875,"source":1,"timestamp":279256234}
{"angleX":0,"angleY":0,"contentY":170,"deviceType":4,"inverted":true,"overViewport":true,"phase":2,"pixelX":0,"pixelY":0,"pointerX":768.11328125,"pointerY":520.1875,"source":1,"timestamp":279256234}
{"angleX":8,"angleY":-10,"contentY":170,"deviceType":4,"inverted":true,"overViewport":true,"phase":2,"pixelX":1,"pixelY":-1,"pointerX":768.11328125,"pointerY":520.1875,"source":1,"timestamp":279256241}
{"angleX":0,"angleY":0,"contentY":170,"deviceType":4,"inverted":true,"overViewport":true,"phase":2,"pixelX":0,"pixelY":0,"pointerX":768.11328125,"pointerY":520.1875,"source":1,"timestamp":279256241}
{"angleX":4,"angleY":-4,"contentY":170,"deviceType":4,"inverted":true,"overViewport":true,"phase":2,"pixelX":0,"pixelY":0,"pointerX":768.11328125,"pointerY":520.1875,"source":1,"timestamp":279256248}
{"angleX":0,"angleY":0,"contentY":170,"deviceType":4,"inverted":true,"overViewport":true,"phase":2,"pixelX":0,"pixelY":0,"pointerX":768.11328125,"pointerY":520.1875,"source":1,"timestamp":279256248}
{"angleX":4,"angleY":-2,"contentY":170.3109893267374,"deviceType":4,"inverted":true,"overViewport":true,"phase":2,"pixelX":1,"pixelY":0,"pointerX":768.11328125,"pointerY":520.1875,"source":1,"timestamp":279256256}
{"angleX":0,"angleY":0,"contentY":170.3109893267374,"deviceType":4,"inverted":true,"overViewport":true,"phase":2,"pixelX":0,"pixelY":0,"pointerX":768.11328125,"pointerY":520.1875,"source":1,"timestamp":279256256}
{"angleX":0,"angleY":0,"contentY":172.3921069830812,"deviceType":4,"inverted":true,"overViewport":true,"phase":3,"pixelX":0,"pixelY":0,"pointerX":768.11328125,"pointerY":520.1875,"source":0,"timestamp":279256499}
{"angleX":0,"angleY":0,"contentY":172,"deviceType":4,"inverted":true,"overViewport":true,"phase":3,"pixelX":0,"pixelY":0,"pointerX":768.11328125,"pointerY":520.1875,"source":0,"timestamp":279256499}
{"coastSample":1,"contentY":172,"endTimestamp":279256499,"flicking":false,"velocity":0}
PASS: Projects trace contracts and actual Qt evidence
