Native input trace: Qt=6.9.2 platform=wayland injected=false
{"angleX":0,"angleY":0,"contentY":0,"deviceType":4,"inverted":false,"overViewport":false,"phase":1,"pixelX":0,"pixelY":0,"pointerX":656.37109375,"pointerY":69.4453125,"source":0,"timestamp":278680633}
{"angleX":0,"angleY":0,"contentY":0,"deviceType":4,"inverted":false,"overViewport":false,"phase":1,"pixelX":0,"pixelY":0,"pointerX":656.37109375,"pointerY":69.4453125,"source":0,"timestamp":278680633}
{"angleX":0,"angleY":-86,"contentY":0,"deviceType":4,"inverted":true,"overViewport":false,"phase":2,"pixelX":0,"pixelY":-7,"pointerX":656.37109375,"pointerY":69.4453125,"source":1,"timestamp":278680633}
{"angleX":0,"angleY":-88,"contentY":0,"deviceType":4,"inverted":true,"overViewport":false,"phase":2,"pixelX":0,"pixelY":-7,"pointerX":656.37109375,"pointerY":69.4453125,"source":1,"timestamp":278680640}
{"angleX":0,"angleY":-94,"contentY":0,"deviceType":4,"inverted":true,"overViewport":false,"phase":2,"pixelX":0,"pixelY":-8,"pointerX":656.37109375,"pointerY":69.4453125,"source":1,"timestamp":278680647}
{"angleX":0,"angleY":-92,"contentY":0,"deviceType":4,"inverted":true,"overViewport":false,"phase":2,"pixelX":0,"pixelY":-8,"pointerX":656.37109375,"pointerY":69.4453125,"source":1,"timestamp":278680654}
{"angleX":0,"angleY":-88,"contentY":0,"deviceType":4,"inverted":true,"overViewport":false,"phase":2,"pixelX":0,"pixelY":-7,"pointerX":656.37109375,"pointerY":69.4453125,"source":1,"timestamp":278680661}
{"angleX":0,"angleY":-90,"contentY":0,"deviceType":4,"inverted":true,"overViewport":false,"phase":2,"pixelX":0,"pixelY":-8,"pointerX":656.37109375,"pointerY":69.4453125,"source":1,"timestamp":278680669}
{"angleX":0,"angleY":-94,"contentY":0,"deviceType":4,"inverted":true,"overViewport":false,"phase":2,"pixelX":0,"pixelY":-7,"pointerX":656.37109375,"pointerY":69.4453125,"source":1,"timestamp":278680676}
{"angleX":0,"angleY":-96,"contentY":0,"deviceType":4,"inverted":true,"overViewport":false,"phase":2,"pixelX":0,"pixelY":-8,"pointerX":656.37109375,"pointerY":69.4453125,"source":1,"timestamp":278680683}
{"angleX":0,"angleY":-98,"contentY":0,"deviceType":4,"inverted":true,"overViewport":false,"phase":2,"pixelX":0,"pixelY":-9,"pointerX":656.37109375,"pointerY":69.4453125,"source":1,"timestamp":278680690}
{"angleX":0,"angleY":-98,"contentY":0,"deviceType":4,"inverted":true,"overViewport":false,"phase":2,"pixelX":0,"pixelY":-8,"pointerX":656.37109375,"pointerY":69.4453125,"source":1,"timestamp":278680697}
{"angleX":0,"angleY":-106,"contentY":0,"deviceType":4,"inverted":true,"overViewport":false,"phase":2,"pixelX":0,"pixelY":-9,"pointerX":656.37109375,"pointerY":69.4453125,"source":1,"timestamp":278680705}
{"angleX":0,"angleY":-112,"contentY":0,"deviceType":4,"inverted":true,"overViewport":false,"phase":2,"pixelX":0,"pixelY":-9,"pointerX":656.37109375,"pointerY":69.4453125,"source":1,"timestamp":278680712}
{"angleX":0,"angleY":-118,"contentY":0,"deviceType":4,"inverted":true,"overViewport":false,"phase":2,"pixelX":0,"pixelY":-10,"pointerX":656.37109375,"pointerY":69.4453125,"source":1,"timestamp":278680719}
{"angleX":0,"angleY":-122,"contentY":0,"deviceType":4,"inverted":true,"overViewport":false,"phase":2,"pixelX":0,"pixelY":-10,"pointerX":656.37109375,"pointerY":69.4453125,"source":1,"timestamp":278680726}
{"angleX":0,"angleY":-128,"contentY":0,"deviceType":4,"inverted":true,"overViewport":false,"phase":2,"pixelX":0,"pixelY":-11,"pointerX":656.37109375,"pointerY":69.4453125,"source":1,"timestamp":278680733}
{"angleX":0,"angleY":-149,"contentY":0,"deviceType":4,"inverted":true,"overViewport":false,"phase":2,"pixelX":0,"pixelY":-12,"pointerX":656.37109375,"pointerY":69.4453125,"source":1,"timestamp":278680741}
{"angleX":0,"angleY":-149,"contentY":0,"deviceType":4,"inverted":true,"overViewport":false,"phase":2,"pixelX":0,"pixelY":-12,"pointerX":656.37109375,"pointerY":69.4453125,"source":1,"timestamp":278680748}
{"angleX":0,"angleY":-147,"contentY":0,"deviceType":4,"inverted":true,"overViewport":false,"phase":2,"pixelX":0,"pixelY":-13,"pointerX":656.37109375,"pointerY":69.4453125,"source":1,"timestamp":278680755}
{"angleX":0,"angleY":-149,"contentY":0,"deviceType":4,"inverted":true,"overViewport":false,"phase":2,"pixelX":0,"pixelY":-12,"pointerX":656.37109375,"pointerY":69.4453125,"source":1,"timestamp":278680762}
{"angleX":0,"angleY":-138,"contentY":0,"deviceType":4,"inverted":true,"overViewport":false,"phase":2,"pixelX":0,"pixelY":-11,"pointerX":656.37109375,"pointerY":69.4453125,"source":1,"timestamp":278680769}
{"angleX":0,"angleY":-134,"contentY":0,"deviceType":4,"inverted":true,"overViewport":false,"phase":2,"pixelX":0,"pixelY":-12,"pointerX":656.37109375,"pointerY":69.4453125,"source":1,"timestamp":278680777}
{"angleX":0,"angleY":-124,"contentY":0,"deviceType":4,"inverted":true,"overViewport":false,"phase":2,"pixelX":0,"pixelY":-10,"pointerX":656.37109375,"pointerY":69.4453125,"source":1,"timestamp":278680784}
{"angleX":0,"angleY":-130,"contentY":0,"deviceType":4,"inverted":true,"overViewport":false,"phase":2,"pixelX":0,"pixelY":-11,"pointerX":656.37109375,"pointerY":69.4453125,"source":1,"timestamp":278680791}
{"angleX":0,"angleY":0,"contentY":0,"deviceType":4,"inverted":true,"overViewport":false,"phase":3,"pixelX":0,"pixelY":0,"pointerX":656.37109375,"pointerY":69.4453125,"source":0,"timestamp":278680804}
{"angleX":0,"angleY":0,"contentY":0,"deviceType":4,"inverted":true,"overViewport":false,"phase":3,"pixelX":0,"pixelY":0,"pointerX":656.37109375,"pointerY":69.4453125,"source":0,"timestamp":278680804}
{"coastSample":1,"contentY":0,"endTimestamp":278680804,"flicking":false,"velocity":0}
{"coastSample":2,"contentY":0,"endTimestamp":278680804,"flicking":false,"velocity":0}
{"coastSample":3,"contentY":0,"endTimestamp":278680804,"flicking":false,"velocity":0}
{"coastSample":4,"contentY":0,"endTimestamp":278680804,"flicking":false,"velocity":0}
{"coastSample":5,"contentY":0,"endTimestamp":278680804,"flicking":false,"velocity":0}
{"coastSample":6,"contentY":0,"endTimestamp":278680804,"flicking":false,"velocity":0}
{"coastSample":7,"contentY":0,"endTimestamp":278680804,"flicking":false,"velocity":0}
{"coastSample":8,"contentY":0,"endTimestamp":278680804,"flicking":false,"velocity":0}
{"coastSample":9,"contentY":0,"endTimestamp":278680804,"flicking":false,"velocity":0}
{"coastSample":10,"contentY":0,"endTimestamp":278680804,"flicking":false,"velocity":0}
{"angleX":0,"angleY":0,"contentY":0,"deviceType":4,"inverted":false,"overViewport":false,"phase":1,"pixelX":0,"pixelY":0,"pointerX":656.37109375,"pointerY":69.4453125,"source":0,"timestamp":278681028}
{"angleX":0,"angleY":0,"contentY":0,"deviceType":4,"inverted":false,"overViewport":false,"phase":1,"pixelX":0,"pixelY":0,"pointerX":656.37109375,"pointerY":69.4453125,"source":0,"timestamp":278681028}
{"angleX":0,"angleY":151,"contentY":0,"deviceType":4,"inverted":true,"overViewport":false,"phase":2,"pixelX":0,"pixelY":13,"pointerX":656.37109375,"pointerY":69.4453125,"source":1,"timestamp":278681028}
{"angleX":0,"angleY":171,"contentY":0,"deviceType":4,"inverted":true,"overViewport":false,"phase":2,"pixelX":0,"pixelY":14,"pointerX":656.37109375,"pointerY":69.4453125,"source":1,"timestamp":278681036}
{"angleX":0,"angleY":191,"contentY":0,"deviceType":4,"inverted":true,"overViewport":false,"phase":2,"pixelX":0,"pixelY":16,"pointerX":656.37109375,"pointerY":69.4453125,"source":1,"timestamp":278681043}
{"angleX":0,"angleY":206,"contentY":0,"deviceType":4,"inverted":true,"overViewport":false,"phase":2,"pixelX":0,"pixelY":17,"pointerX":656.37109375,"pointerY":69.4453125,"source":1,"timestamp":278681050}
{"angleX":0,"angleY":228,"contentY":0,"deviceType":4,"inverted":true,"overViewport":false,"phase":2,"pixelX":0,"pixelY":19,"pointerX":656.37109375,"pointerY":69.4453125,"source":1,"timestamp":278681057}
{"angleX":0,"angleY":244,"contentY":0,"deviceType":4,"inverted":true,"overViewport":false,"phase":2,"pixelX":0,"pixelY":20,"pointerX":656.37109375,"pointerY":69.4453125,"source":1,"timestamp":278681064}
{"angleX":0,"angleY":253,"contentY":0,"deviceType":4,"inverted":true,"overViewport":false,"phase":2,"pixelX":0,"pixelY":21,"pointerX":656.37109375,"pointerY":69.4453125,"source":1,"timestamp":278681072}
{"angleX":0,"angleY":267,"contentY":0,"deviceType":4,"inverted":true,"overViewport":false,"phase":2,"pixelX":0,"pixelY":23,"pointerX":656.37109375,"pointerY":69.4453125,"source":1,"timestamp":278681079}
{"angleX":0,"angleY":269,"contentY":0,"deviceType":4,"inverted":true,"overViewport":false,"phase":2,"pixelX":0,"pixelY":22,"pointerX":656.37109375,"pointerY":69.4453125,"source":1,"timestamp":278681086}
{"angleX":0,"angleY":279,"contentY":0,"deviceType":4,"inverted":true,"overViewport":false,"phase":2,"pixelX":0,"pixelY":23,"pointerX":656.37109375,"pointerY":69.4453125,"source":1,"timestamp":278681093}
{"angleX":0,"angleY":283,"contentY":0,"deviceType":4,"inverted":true,"overViewport":false,"phase":2,"pixelX":0,"pixelY":24,"pointerX":656.37109375,"pointerY":69.4453125,"source":1,"timestamp":278681100}
{"angleX":0,"angleY":289,"contentY":0,"deviceType":4,"inverted":true,"overViewport":false,"phase":2,"pixelX":0,"pixelY":24,"pointerX":656.37109375,"pointerY":69.4453125,"source":1,"timestamp":278681107}
{"angleX":0,"angleY":299,"contentY":0,"deviceType":4,"inverted":true,"overViewport":false,"phase":2,"pixelX":0,"pixelY":25,"pointerX":656.37109375,"pointerY":69.4453125,"source":1,"timestamp":278681115}
{"angleX":0,"angleY":295,"contentY":0,"deviceType":4,"inverted":true,"overViewport":false,"phase":2,"pixelX":0,"pixelY":24,"pointerX":656.37109375,"pointerY":69.4453125,"source":1,"timestamp":278681122}
{"angleX":0,"angleY":310,"contentY":0,"deviceType":4,"inverted":true,"overViewport":false,"phase":2,"pixelX":0,"pixelY":26,"pointerX":656.37109375,"pointerY":69.4453125,"source":1,"timestamp":278681129}
{"angleX":0,"angleY":303,"contentY":0,"deviceType":4,"inverted":true,"overViewport":false,"phase":2,"pixelX":0,"pixelY":26,"pointerX":656.37109375,"pointerY":69.4453125,"source":1,"timestamp":278681136}
{"angleX":0,"angleY":295,"contentY":0,"deviceType":4,"inverted":true,"overViewport":false,"phase":2,"pixelX":0,"pixelY":24,"pointerX":656.37109375,"pointerY":69.4453125,"source":1,"timestamp":278681143}
{"angleX":0,"angleY":0,"contentY":0,"deviceType":4,"inverted":true,"overViewport":false,"phase":3,"pixelX":0,"pixelY":0,"pointerX":656.37109375,"pointerY":69.4453125,"source":0,"timestamp":278681157}
{"angleX":0,"angleY":0,"contentY":0,"deviceType":4,"inverted":true,"overViewport":false,"phase":3,"pixelX":0,"pixelY":0,"pointerX":656.37109375,"pointerY":69.4453125,"source":0,"timestamp":278681157}
{"coastSample":1,"contentY":0,"endTimestamp":278681157,"flicking":false,"velocity":0}
{"coastSample":2,"contentY":0,"endTimestamp":278681157,"flicking":false,"velocity":0}
{"coastSample":3,"contentY":0,"endTimestamp":278681157,"flicking":false,"velocity":0}
{"coastSample":4,"contentY":0,"endTimestamp":278681157,"flicking":false,"velocity":0}
{"coastSample":5,"contentY":0,"endTimestamp":278681157,"flicking":false,"velocity":0}
{"coastSample":6,"contentY":0,"endTimestamp":278681157,"flicking":false,"velocity":0}
{"coastSample":7,"contentY":0,"endTimestamp":278681157,"flicking":false,"velocity":0}
{"coastSample":8,"contentY":0,"endTimestamp":278681157,"flicking":false,"velocity":0}
{"coastSample":9,"contentY":0,"endTimestamp":278681157,"flicking":false,"velocity":0}
{"coastSample":10,"contentY":0,"endTimestamp":278681157,"flicking":false,"velocity":0}
{"coastSample":11,"contentY":0,"endTimestamp":278681157,"flicking":false,"velocity":0}
{"coastSample":12,"contentY":0,"endTimestamp":278681157,"flicking":false,"velocity":0}
{"coastSample":13,"contentY":0,"endTimestamp":278681157,"flicking":false,"velocity":0}
{"coastSample":14,"contentY":0,"endTimestamp":278681157,"flicking":false,"velocity":0}
{"coastSample":15,"contentY":0,"endTimestamp":278681157,"flicking":false,"velocity":0}
{"angleX":0,"angleY":0,"contentY":0,"deviceType":4,"inverted":false,"overViewport":false,"phase":1,"pixelX":0,"pixelY":0,"pointerX":656.37109375,"pointerY":69.4453125,"source":0,"timestamp":278681590}
{"angleX":0,"angleY":0,"contentY":0,"deviceType":4,"inverted":false,"overViewport":false,"phase":1,"pixelX":0,"pixelY":0,"pointerX":656.37109375,"pointerY":69.4453125,"source":0,"timestamp":278681590}
{"angleX":0,"angleY":-246,"contentY":0,"deviceType":4,"inverted":true,"overViewport":false,"phase":2,"pixelX":0,"pixelY":-21,"pointerX":656.37109375,"pointerY":69.4453125,"source":1,"timestamp":278681590}
{"angleX":0,"angleY":-257,"contentY":0,"deviceType":4,"inverted":true,"overViewport":false,"phase":2,"pixelX":0,"pixelY":-21,"pointerX":656.37109375,"pointerY":69.4453125,"source":1,"timestamp":278681597}
{"angleX":0,"angleY":-257,"contentY":0,"deviceType":4,"inverted":true,"overViewport":false,"phase":2,"pixelX":0,"pixelY":-21,"pointerX":656.37109375,"pointerY":69.4453125,"source":1,"timestamp":278681604}
{"angleX":0,"angleY":-257,"contentY":0,"deviceType":4,"inverted":true,"overViewport":false,"phase":2,"pixelX":0,"pixelY":-22,"pointerX":656.37109375,"pointerY":69.4453125,"source":1,"timestamp":278681611}
{"angleX":0,"angleY":-269,"contentY":0,"deviceType":4,"inverted":true,"overViewport":false,"phase":2,"pixelX":0,"pixelY":-22,"pointerX":656.37109375,"pointerY":69.4453125,"source":1,"timestamp":278681618}
{"angleX":0,"angleY":-273,"contentY":0,"deviceType":4,"inverted":true,"overViewport":false,"phase":2,"pixelX":0,"pixelY":-23,"pointerX":656.37109375,"pointerY":69.4453125,"source":1,"timestamp":278681625}
{"angleX":0,"angleY":-277,"contentY":0,"deviceType":4,"inverted":true,"overViewport":false,"phase":2,"pixelX":0,"pixelY":-23,"pointerX":656.37109375,"pointerY":69.4453125,"source":1,"timestamp":278681633}
{"angleX":0,"angleY":-277,"contentY":0,"deviceType":4,"inverted":true,"overViewport":false,"phase":2,"pixelX":0,"pixelY":-23,"pointerX":656.37109375,"pointerY":69.4453125,"source":1,"timestamp":278681640}
{"angleX":0,"angleY":-285,"contentY":0,"deviceType":4,"inverted":true,"overViewport":false,"phase":2,"pixelX":0,"pixelY":-24,"pointerX":656.37109375,"pointerY":69.4453125,"source":1,"timestamp":278681647}
{"angleX":0,"angleY":0,"contentY":0,"deviceType":4,"inverted":true,"overViewport":false,"phase":3,"pixelX":0,"pixelY":0,"pointerX":656.37109375,"pointerY":69.4453125,"source":0,"timestamp":278681689}
{"angleX":0,"angleY":0,"contentY":0,"deviceType":4,"inverted":true,"overViewport":false,"phase":3,"pixelX":0,"pixelY":0,"pointerX":656.37109375,"pointerY":69.4453125,"source":0,"timestamp":278681689}
{"coastSample":1,"contentY":0,"endTimestamp":278681689,"flicking":false,"velocity":0}
{"coastSample":2,"contentY":0,"endTimestamp":278681689,"flicking":false,"velocity":0}
{"coastSample":3,"contentY":0,"endTimestamp":278681689,"flicking":false,"velocity":0}
{"coastSample":4,"contentY":0,"endTimestamp":278681689,"flicking":false,"velocity":0}
{"coastSample":5,"contentY":0,"endTimestamp":278681689,"flicking":false,"velocity":0}
{"coastSample":6,"contentY":0,"endTimestamp":278681689,"flicking":false,"velocity":0}
{"coastSample":7,"contentY":0,"endTimestamp":278681689,"flicking":false,"velocity":0}
{"coastSample":8,"contentY":0,"endTimestamp":278681689,"flicking":false,"velocity":0}
{"coastSample":9,"contentY":0,"endTimestamp":278681689,"flicking":false,"velocity":0}
{"coastSample":10,"contentY":0,"endTimestamp":278681689,"flicking":false,"velocity":0}
{"coastSample":11,"contentY":0,"endTimestamp":278681689,"flicking":false,"velocity":0}
{"coastSample":12,"contentY":0,"endTimestamp":278681689,"flicking":false,"velocity":0}
{"coastSample":13,"contentY":0,"endTimestamp":278681689,"flicking":false,"velocity":0}
{"coastSample":14,"contentY":0,"endTimestamp":278681689,"flicking":false,"velocity":0}
{"coastSample":15,"contentY":0,"endTimestamp":278681689,"flicking":false,"velocity":0}
{"angleX":0,"angleY":0,"contentY":0,"deviceType":4,"inverted":false,"overViewport":false,"phase":1,"pixelX":0,"pixelY":0,"pointerX":656.37109375,"pointerY":69.4453125,"source":0,"timestamp":278682014}
{"angleX":0,"angleY":0,"contentY":0,"deviceType":4,"inverted":false,"overViewport":false,"phase":1,"pixelX":0,"pixelY":0,"pointerX":656.37109375,"pointerY":69.4453125,"source":0,"timestamp":278682014}
{"angleX":0,"angleY":-208,"contentY":0,"deviceType":4,"inverted":true,"overViewport":false,"phase":2,"pixelX":0,"pixelY":-17,"pointerX":656.37109375,"pointerY":69.4453125,"source":1,"timestamp":278682014}
{"angleX":0,"angleY":-236,"contentY":0,"deviceType":4,"inverted":true,"overViewport":false,"phase":2,"pixelX":0,"pixelY":-20,"pointerX":656.37109375,"pointerY":69.4453125,"source":1,"timestamp":278682021}
{"angleX":0,"angleY":-251,"contentY":0,"deviceType":4,"inverted":true,"overViewport":false,"phase":2,"pixelX":0,"pixelY":-21,"pointerX":656.37109375,"pointerY":69.4453125,"source":1,"timestamp":278682028}
{"angleX":0,"angleY":-253,"contentY":0,"deviceType":4,"inverted":true,"overViewport":false,"phase":2,"pixelX":0,"pixelY":-21,"pointerX":656.37109375,"pointerY":69.4453125,"source":1,"timestamp":278682036}
{"angleX":0,"angleY":-257,"contentY":0,"deviceType":4,"inverted":true,"overViewport":false,"phase":2,"pixelX":0,"pixelY":-21,"pointerX":656.37109375,"pointerY":69.4453125,"source":1,"timestamp":278682043}
{"angleX":0,"angleY":-265,"contentY":0,"deviceType":4,"inverted":true,"overViewport":false,"phase":2,"pixelX":0,"pixelY":-22,"pointerX":656.37109375,"pointerY":69.4453125,"source":1,"timestamp":278682050}
{"angleX":0,"angleY":-273,"contentY":0,"deviceType":4,"inverted":true,"overViewport":false,"phase":2,"pixelX":0,"pixelY":-23,"pointerX":656.37109375,"pointerY":69.4453125,"source":1,"timestamp":278682057}
{"angleX":0,"angleY":-275,"contentY":0,"deviceType":4,"inverted":true,"overViewport":false,"phase":2,"pixelX":0,"pixelY":-23,"pointerX":656.37109375,"pointerY":69.4453125,"source":1,"timestamp":278682064}
{"angleX":0,"angleY":-281,"contentY":0,"deviceType":4,"inverted":true,"overViewport":false,"phase":2,"pixelX":0,"pixelY":-23,"pointerX":656.37109375,"pointerY":69.4453125,"source":1,"timestamp":278682072}
{"angleX":0,"angleY":-265,"contentY":0,"deviceType":4,"inverted":true,"overViewport":false,"phase":2,"pixelX":0,"pixelY":-22,"pointerX":656.37109375,"pointerY":69.4453125,"source":1,"timestamp":278682079}
{"angleX":0,"angleY":-279,"contentY":0,"deviceType":4,"inverted":true,"overViewport":false,"phase":2,"pixelX":0,"pixelY":-24,"pointerX":656.37109375,"pointerY":69.4453125,"source":1,"timestamp":278682086}
{"angleX":0,"angleY":0,"contentY":0,"deviceType":4,"inverted":true,"overViewport":false,"phase":3,"pixelX":0,"pixelY":0,"pointerX":656.37109375,"pointerY":69.4453125,"source":0,"timestamp":278682113}
{"angleX":0,"angleY":0,"contentY":0,"deviceType":4,"inverted":true,"overViewport":false,"phase":3,"pixelX":0,"pixelY":0,"pointerX":656.37109375,"pointerY":69.4453125,"source":0,"timestamp":278682113}
{"coastSample":1,"contentY":0,"endTimestamp":278682113,"flicking":false,"velocity":0}
{"coastSample":2,"contentY":0,"endTimestamp":278682113,"flicking":false,"velocity":0}
{"coastSample":3,"contentY":0,"endTimestamp":278682113,"flicking":false,"velocity":0}
{"coastSample":4,"contentY":0,"endTimestamp":278682113,"flicking":false,"velocity":0}
{"coastSample":5,"contentY":0,"endTimestamp":278682113,"flicking":false,"velocity":0}
{"coastSample":6,"contentY":0,"endTimestamp":278682113,"flicking":false,"velocity":0}
{"coastSample":7,"contentY":0,"endTimestamp":278682113,"flicking":false,"velocity":0}
{"coastSample":8,"contentY":0,"endTimestamp":278682113,"flicking":false,"velocity":0}
{"coastSample":9,"contentY":0,"endTimestamp":278682113,"flicking":false,"velocity":0}
{"coastSample":10,"contentY":0,"endTimestamp":278682113,"flicking":false,"velocity":0}
{"coastSample":11,"contentY":0,"endTimestamp":278682113,"flicking":false,"velocity":0}
{"coastSample":12,"contentY":0,"endTimestamp":278682113,"flicking":false,"velocity":0}
{"coastSample":13,"contentY":0,"endTimestamp":278682113,"flicking":false,"velocity":0}
{"coastSample":14,"contentY":0,"endTimestamp":278682113,"flicking":false,"velocity":0}
{"angleX":0,"angleY":0,"contentY":0,"deviceType":4,"inverted":false,"overViewport":false,"phase":1,"pixelX":0,"pixelY":0,"pointerX":656.37109375,"pointerY":69.4453125,"source":0,"timestamp":278682402}
{"angleX":0,"angleY":0,"contentY":0,"deviceType":4,"inverted":false,"overViewport":false,"phase":1,"pixelX":0,"pixelY":0,"pointerX":656.37109375,"pointerY":69.4453125,"source":0,"timestamp":278682402}
{"angleX":0,"angleY":-218,"contentY":0,"deviceType":4,"inverted":true,"overViewport":false,"phase":2,"pixelX":0,"pixelY":-18,"pointerX":656.37109375,"pointerY":69.4453125,"source":1,"timestamp":278682402}
{"angleX":0,"angleY":-242,"contentY":0,"deviceType":4,"inverted":true,"overViewport":false,"phase":2,"pixelX":0,"pixelY":-20,"pointerX":656.37109375,"pointerY":69.4453125,"source":1,"timestamp":278682410}
{"angleX":0,"angleY":-257,"contentY":0,"deviceType":4,"inverted":true,"overViewport":false,"phase":2,"pixelX":0,"pixelY":-22,"pointerX":656.37109375,"pointerY":69.4453125,"source":1,"timestamp":278682417}
{"angleX":0,"angleY":-281,"contentY":0,"deviceType":4,"inverted":true,"overViewport":false,"phase":2,"pixelX":0,"pixelY":-23,"pointerX":656.37109375,"pointerY":69.4453125,"source":1,"timestamp":278682424}
{"angleX":0,"angleY":-283,"contentY":0,"deviceType":4,"inverted":true,"overViewport":false,"phase":2,"pixelX":0,"pixelY":-24,"pointerX":656.37109375,"pointerY":69.4453125,"source":1,"timestamp":278682431}
{"angleX":0,"angleY":-285,"contentY":0,"deviceType":4,"inverted":true,"overViewport":false,"phase":2,"pixelX":0,"pixelY":-24,"pointerX":656.37109375,"pointerY":69.4453125,"source":1,"timestamp":278682438}
{"angleX":0,"angleY":-297,"contentY":0,"deviceType":4,"inverted":true,"overViewport":false,"phase":2,"pixelX":0,"pixelY":-24,"pointerX":656.37109375,"pointerY":69.4453125,"source":1,"timestamp":278682446}
{"angleX":0,"angleY":-285,"contentY":0,"deviceType":4,"inverted":true,"overViewport":false,"phase":2,"pixelX":0,"pixelY":-24,"pointerX":656.37109375,"pointerY":69.4453125,"source":1,"timestamp":278682453}
{"angleX":0,"angleY":-285,"contentY":0,"deviceType":4,"inverted":true,"overViewport":false,"phase":2,"pixelX":0,"pixelY":-24,"pointerX":656.37109375,"pointerY":69.4453125,"source":1,"timestamp":278682460}
{"angleX":0,"angleY":-259,"contentY":0,"deviceType":4,"inverted":true,"overViewport":false,"phase":2,"pixelX":0,"pixelY":-21,"pointerX":656.37109375,"pointerY":69.4453125,"source":1,"timestamp":278682467}
{"angleX":0,"angleY":-244,"contentY":0,"deviceType":4,"inverted":true,"overViewport":false,"phase":2,"pixelX":0,"pixelY":-21,"pointerX":656.37109375,"pointerY":69.4453125,"source":1,"timestamp":278682474}
{"angleX":0,"angleY":-226,"contentY":0,"deviceType":4,"inverted":true,"overViewport":false,"phase":2,"pixelX":0,"pixelY":-19,"pointerX":656.37109375,"pointerY":69.4453125,"source":1,"timestamp":278682481}
{"angleX":0,"angleY":-208,"contentY":0,"deviceType":4,"inverted":true,"overViewport":false,"phase":2,"pixelX":0,"pixelY":-17,"pointerX":656.37109375,"pointerY":69.4453125,"source":1,"timestamp":278682489}
{"angleX":0,"angleY":-187,"contentY":0,"deviceType":4,"inverted":true,"overViewport":false,"phase":2,"pixelX":0,"pixelY":-15,"pointerX":656.37109375,"pointerY":69.4453125,"source":1,"timestamp":278682496}
{"angleX":0,"angleY":0,"contentY":0,"deviceType":4,"inverted":true,"overViewport":false,"phase":3,"pixelX":0,"pixelY":0,"pointerX":656.37109375,"pointerY":69.4453125,"source":0,"timestamp":278682523}
{"angleX":0,"angleY":0,"contentY":0,"deviceType":4,"inverted":true,"overViewport":false,"phase":3,"pixelX":0,"pixelY":0,"pointerX":656.37109375,"pointerY":69.4453125,"source":0,"timestamp":278682523}
{"coastSample":1,"contentY":0,"endTimestamp":278682523,"flicking":false,"velocity":0}
{"coastSample":2,"contentY":0,"endTimestamp":278682523,"flicking":false,"velocity":0}
{"coastSample":3,"contentY":0,"endTimestamp":278682523,"flicking":false,"velocity":0}
{"coastSample":4,"contentY":0,"endTimestamp":278682523,"flicking":false,"velocity":0}
{"coastSample":5,"contentY":0,"endTimestamp":278682523,"flicking":false,"velocity":0}
{"coastSample":6,"contentY":0,"endTimestamp":278682523,"flicking":false,"velocity":0}
{"coastSample":7,"contentY":0,"endTimestamp":278682523,"flicking":false,"velocity":0}
{"coastSample":8,"contentY":0,"endTimestamp":278682523,"flicking":false,"velocity":0}
{"coastSample":9,"contentY":0,"endTimestamp":278682523,"flicking":false,"velocity":0}
{"coastSample":10,"contentY":0,"endTimestamp":278682523,"flicking":false,"velocity":0}
{"coastSample":11,"contentY":0,"endTimestamp":278682523,"flicking":false,"velocity":0}
{"coastSample":12,"contentY":0,"endTimestamp":278682523,"flicking":false,"velocity":0}
{"angleX":0,"angleY":0,"contentY":0,"deviceType":4,"inverted":false,"overViewport":false,"phase":1,"pixelX":0,"pixelY":0,"pointerX":656.37109375,"pointerY":69.4453125,"source":0,"timestamp":278682777}
{"angleX":0,"angleY":0,"contentY":0,"deviceType":4,"inverted":false,"overViewport":false,"phase":1,"pixelX":0,"pixelY":0,"pointerX":656.37109375,"pointerY":69.4453125,"source":0,"timestamp":278682777}
{"angleX":0,"angleY":159,"contentY":0,"deviceType":4,"inverted":true,"overViewport":false,"phase":2,"pixelX":0,"pixelY":13,"pointerX":656.37109375,"pointerY":69.4453125,"source":1,"timestamp":278682777}
{"angleX":0,"angleY":179,"contentY":0,"deviceType":4,"inverted":true,"overViewport":false,"phase":2,"pixelX":0,"pixelY":15,"pointerX":656.37109375,"pointerY":69.4453125,"source":1,"timestamp":278682784}
{"angleX":0,"angleY":196,"contentY":0,"deviceType":4,"inverted":true,"overViewport":false,"phase":2,"pixelX":0,"pixelY":16,"pointerX":656.37109375,"pointerY":69.4453125,"source":1,"timestamp":278682791}
{"angleX":0,"angleY":218,"contentY":0,"deviceType":4,"inverted":true,"overViewport":false,"phase":2,"pixelX":0,"pixelY":19,"pointerX":656.37109375,"pointerY":69.4453125,"source":1,"timestamp":278682798}
{"angleX":0,"angleY":230,"contentY":0,"deviceType":4,"inverted":true,"overViewport":false,"phase":2,"pixelX":0,"pixelY":19,"pointerX":656.37109375,"pointerY":69.4453125,"source":1,"timestamp":278682805}
{"angleX":0,"angleY":263,"contentY":0,"deviceType":4,"inverted":true,"overViewport":false,"phase":2,"pixelX":0,"pixelY":22,"pointerX":656.37109375,"pointerY":69.4453125,"source":1,"timestamp":278682813}
{"angleX":0,"angleY":267,"contentY":0,"deviceType":4,"inverted":true,"overViewport":false,"phase":2,"pixelX":0,"pixelY":22,"pointerX":656.37109375,"pointerY":69.4453125,"source":1,"timestamp":278682820}
{"angleX":0,"angleY":285,"contentY":0,"deviceType":4,"inverted":true,"overViewport":false,"phase":2,"pixelX":0,"pixelY":24,"pointerX":656.37109375,"pointerY":69.4453125,"source":1,"timestamp":278682827}
{"angleX":0,"angleY":295,"contentY":0,"deviceType":4,"inverted":true,"overViewport":false,"phase":2,"pixelX":0,"pixelY":24,"pointerX":656.37109375,"pointerY":69.4453125,"source":1,"timestamp":278682834}
{"angleX":0,"angleY":303,"contentY":0,"deviceType":4,"inverted":true,"overViewport":false,"phase":2,"pixelX":0,"pixelY":26,"pointerX":656.37109375,"pointerY":69.4453125,"source":1,"timestamp":278682841}
{"angleX":0,"angleY":316,"contentY":0,"deviceType":4,"inverted":true,"overViewport":false,"phase":2,"pixelX":0,"pixelY":26,"pointerX":656.37109375,"pointerY":69.4453125,"source":1,"timestamp":278682848}
{"angleX":0,"angleY":324,"contentY":0,"deviceType":4,"inverted":true,"overViewport":false,"phase":2,"pixelX":0,"pixelY":27,"pointerX":656.37109375,"pointerY":69.4453125,"source":1,"timestamp":278682856}
{"angleX":0,"angleY":332,"contentY":0,"deviceType":4,"inverted":true,"overViewport":false,"phase":2,"pixelX":0,"pixelY":28,"pointerX":656.37109375,"pointerY":69.4453125,"source":1,"timestamp":278682863}
{"angleX":0,"angleY":314,"contentY":0,"deviceType":4,"inverted":true,"overViewport":false,"phase":2,"pixelX":0,"pixelY":26,"pointerX":656.37109375,"pointerY":69.4453125,"source":1,"timestamp":278682870}
{"angleX":0,"angleY":312,"contentY":0,"deviceType":4,"inverted":true,"overViewport":false,"phase":2,"pixelX":0,"pixelY":26,"pointerX":656.37109375,"pointerY":69.4453125,"source":1,"timestamp":278682877}
{"angleX":0,"angleY":0,"contentY":0,"deviceType":4,"inverted":true,"overViewport":false,"phase":3,"pixelX":0,"pixelY":0,"pointerX":656.37109375,"pointerY":69.4453125,"source":0,"timestamp":278682883}
{"angleX":0,"angleY":0,"contentY":0,"deviceType":4,"inverted":true,"overViewport":false,"phase":3,"pixelX":0,"pixelY":0,"pointerX":656.37109375,"pointerY":69.4453125,"source":0,"timestamp":278682883}
{"coastSample":1,"contentY":0,"endTimestamp":278682883,"flicking":false,"velocity":0}
{"coastSample":2,"contentY":0,"endTimestamp":278682883,"flicking":false,"velocity":0}
{"coastSample":3,"contentY":0,"endTimestamp":278682883,"flicking":false,"velocity":0}
{"coastSample":4,"contentY":0,"endTimestamp":278682883,"flicking":false,"velocity":0}
{"coastSample":5,"contentY":0,"endTimestamp":278682883,"flicking":false,"velocity":0}
{"coastSample":6,"contentY":0,"endTimestamp":278682883,"flicking":false,"velocity":0}
{"coastSample":7,"contentY":0,"endTimestamp":278682883,"flicking":false,"velocity":0}
{"coastSample":8,"contentY":0,"endTimestamp":278682883,"flicking":false,"velocity":0}
{"coastSample":9,"contentY":0,"endTimestamp":278682883,"flicking":false,"velocity":0}
{"coastSample":10,"contentY":0,"endTimestamp":278682883,"flicking":false,"velocity":0}
{"coastSample":11,"contentY":0,"endTimestamp":278682883,"flicking":false,"velocity":0}
{"coastSample":12,"contentY":0,"endTimestamp":278682883,"flicking":false,"velocity":0}
{"coastSample":13,"contentY":0,"endTimestamp":278682883,"flicking":false,"velocity":0}
{"coastSample":14,"contentY":0,"endTimestamp":278682883,"flicking":false,"velocity":0}
{"angleX":0,"angleY":0,"contentY":0,"deviceType":4,"inverted":false,"overViewport":false,"phase":1,"pixelX":0,"pixelY":0,"pointerX":656.37109375,"pointerY":69.4453125,"source":0,"timestamp":278683186}
{"angleX":0,"angleY":0,"contentY":0,"deviceType":4,"inverted":false,"overViewport":false,"phase":1,"pixelX":0,"pixelY":0,"pointerX":656.37109375,"pointerY":69.4453125,"source":0,"timestamp":278683186}
{"angleX":0,"angleY":159,"contentY":0,"deviceType":4,"inverted":true,"overViewport":false,"phase":2,"pixelX":0,"pixelY":13,"pointerX":656.37109375,"pointerY":69.4453125,"source":1,"timestamp":278683186}
{"angleX":0,"angleY":202,"contentY":0,"deviceType":4,"inverted":true,"overViewport":false,"phase":2,"pixelX":0,"pixelY":17,"pointerX":656.37109375,"pointerY":69.4453125,"source":1,"timestamp":278683194}
{"angleX":0,"angleY":228,"contentY":0,"deviceType":4,"inverted":true,"overViewport":false,"phase":2,"pixelX":0,"pixelY":19,"pointerX":656.37109375,"pointerY":69.4453125,"source":1,"timestamp":278683201}
{"angleX":0,"angleY":263,"contentY":0,"deviceType":4,"inverted":true,"overViewport":false,"phase":2,"pixelX":0,"pixelY":22,"pointerX":656.37109375,"pointerY":69.4453125,"source":1,"timestamp":278683208}
{"angleX":0,"angleY":295,"contentY":0,"deviceType":4,"inverted":true,"overViewport":false,"phase":2,"pixelX":0,"pixelY":25,"pointerX":656.37109375,"pointerY":69.4453125,"source":1,"timestamp":278683215}
{"angleX":0,"angleY":318,"contentY":0,"deviceType":4,"inverted":true,"overViewport":false,"phase":2,"pixelX":0,"pixelY":26,"pointerX":656.37109375,"pointerY":69.4453125,"source":1,"timestamp":278683222}
{"angleX":0,"angleY":330,"contentY":0,"deviceType":4,"inverted":true,"overViewport":false,"phase":2,"pixelX":0,"pixelY":28,"pointerX":656.37109375,"pointerY":69.4453125,"source":1,"timestamp":278683230}
{"angleX":0,"angleY":348,"contentY":0,"deviceType":4,"inverted":true,"overViewport":false,"phase":2,"pixelX":0,"pixelY":29,"pointerX":656.37109375,"pointerY":69.4453125,"source":1,"timestamp":278683237}
{"angleX":0,"angleY":340,"contentY":0,"deviceType":4,"inverted":true,"overViewport":false,"phase":2,"pixelX":0,"pixelY":28,"pointerX":656.37109375,"pointerY":69.4453125,"source":1,"timestamp":278683244}
{"angleX":0,"angleY":338,"contentY":0,"deviceType":4,"inverted":true,"overViewport":false,"phase":2,"pixelX":0,"pixelY":28,"pointerX":656.37109375,"pointerY":69.4453125,"source":1,"timestamp":278683251}
{"angleX":0,"angleY":326,"contentY":0,"deviceType":4,"inverted":true,"overViewport":false,"phase":2,"pixelX":0,"pixelY":27,"pointerX":656.37109375,"pointerY":69.4453125,"source":1,"timestamp":278683259}
{"angleX":0,"angleY":314,"contentY":0,"deviceType":4,"inverted":true,"overViewport":false,"phase":2,"pixelX":0,"pixelY":26,"pointerX":656.37109375,"pointerY":69.4453125,"source":1,"timestamp":278683266}
{"angleX":0,"angleY":287,"contentY":0,"deviceType":4,"inverted":true,"overViewport":false,"phase":2,"pixelX":0,"pixelY":24,"pointerX":656.37109375,"pointerY":69.4453125,"source":1,"timestamp":278683273}
{"angleX":0,"angleY":259,"contentY":0,"deviceType":4,"inverted":true,"overViewport":false,"phase":2,"pixelX":0,"pixelY":22,"pointerX":656.37109375,"pointerY":69.4453125,"source":1,"timestamp":278683280}
{"angleX":0,"angleY":238,"contentY":0,"deviceType":4,"inverted":true,"overViewport":false,"phase":2,"pixelX":0,"pixelY":20,"pointerX":656.37109375,"pointerY":69.4453125,"source":1,"timestamp":278683287}
{"angleX":0,"angleY":0,"contentY":0,"deviceType":4,"inverted":true,"overViewport":false,"phase":3,"pixelX":0,"pixelY":0,"pointerX":656.37109375,"pointerY":69.4453125,"source":0,"timestamp":278683315}
{"angleX":0,"angleY":0,"contentY":0,"deviceType":4,"inverted":true,"overViewport":false,"phase":3,"pixelX":0,"pixelY":0,"pointerX":656.37109375,"pointerY":69.4453125,"source":0,"timestamp":278683315}
{"coastSample":1,"contentY":0,"endTimestamp":278683315,"flicking":false,"velocity":0}
{"coastSample":2,"contentY":0,"endTimestamp":278683315,"flicking":false,"velocity":0}
{"coastSample":3,"contentY":0,"endTimestamp":278683315,"flicking":false,"velocity":0}
{"coastSample":4,"contentY":0,"endTimestamp":278683315,"flicking":false,"velocity":0}
{"coastSample":5,"contentY":0,"endTimestamp":278683315,"flicking":false,"velocity":0}
{"coastSample":6,"contentY":0,"endTimestamp":278683315,"flicking":false,"velocity":0}
{"coastSample":7,"contentY":0,"endTimestamp":278683315,"flicking":false,"velocity":0}
{"coastSample":8,"contentY":0,"endTimestamp":278683315,"flicking":false,"velocity":0}
{"coastSample":9,"contentY":0,"endTimestamp":278683315,"flicking":false,"velocity":0}
{"coastSample":10,"contentY":0,"endTimestamp":278683315,"flicking":false,"velocity":0}
{"coastSample":11,"contentY":0,"endTimestamp":278683315,"flicking":false,"velocity":0}
{"coastSample":12,"contentY":0,"endTimestamp":278683315,"flicking":false,"velocity":0}
{"coastSample":13,"contentY":0,"endTimestamp":278683315,"flicking":false,"velocity":0}
{"angleX":0,"angleY":0,"contentY":0,"deviceType":4,"inverted":false,"overViewport":false,"phase":1,"pixelX":0,"pixelY":0,"pointerX":656.37109375,"pointerY":69.4453125,"source":0,"timestamp":278683597}
{"angleX":0,"angleY":0,"contentY":0,"deviceType":4,"inverted":false,"overViewport":false,"phase":1,"pixelX":0,"pixelY":0,"pointerX":656.37109375,"pointerY":69.4453125,"source":0,"timestamp":278683597}
{"angleX":0,"angleY":151,"contentY":0,"deviceType":4,"inverted":true,"overViewport":false,"phase":2,"pixelX":0,"pixelY":13,"pointerX":656.37109375,"pointerY":69.4453125,"source":1,"timestamp":278683597}
{"angleX":0,"angleY":189,"contentY":0,"deviceType":4,"inverted":true,"overViewport":false,"phase":2,"pixelX":0,"pixelY":15,"pointerX":656.37109375,"pointerY":69.4453125,"source":1,"timestamp":278683604}
{"angleX":0,"angleY":222,"contentY":0,"deviceType":4,"inverted":true,"overViewport":false,"phase":2,"pixelX":0,"pixelY":19,"pointerX":656.37109375,"pointerY":69.4453125,"source":1,"timestamp":278683611}
{"angleX":0,"angleY":251,"contentY":0,"deviceType":4,"inverted":true,"overViewport":false,"phase":2,"pixelX":0,"pixelY":21,"pointerX":656.37109375,"pointerY":69.4453125,"source":1,"timestamp":278683618}
{"angleX":0,"angleY":279,"contentY":0,"deviceType":4,"inverted":true,"overViewport":false,"phase":2,"pixelX":0,"pixelY":23,"pointerX":656.37109375,"pointerY":69.4453125,"source":1,"timestamp":278683625}
{"angleX":0,"angleY":303,"contentY":0,"deviceType":4,"inverted":true,"overViewport":false,"phase":2,"pixelX":0,"pixelY":25,"pointerX":656.37109375,"pointerY":69.4453125,"source":1,"timestamp":278683633}
{"angleX":0,"angleY":332,"contentY":0,"deviceType":4,"inverted":true,"overViewport":false,"phase":2,"pixelX":0,"pixelY":28,"pointerX":656.37109375,"pointerY":69.4453125,"source":1,"timestamp":278683640}
{"angleX":0,"angleY":344,"contentY":0,"deviceType":4,"inverted":true,"overViewport":false,"phase":2,"pixelX":0,"pixelY":29,"pointerX":656.37109375,"pointerY":69.4453125,"source":1,"timestamp":278683647}
{"angleX":0,"angleY":358,"contentY":0,"deviceType":4,"inverted":true,"overViewport":false,"phase":2,"pixelX":0,"pixelY":29,"pointerX":656.37109375,"pointerY":69.4453125,"source":1,"timestamp":278683654}
{"angleX":0,"angleY":358,"contentY":0,"deviceType":4,"inverted":true,"overViewport":false,"phase":2,"pixelX":0,"pixelY":30,"pointerX":656.37109375,"pointerY":69.4453125,"source":1,"timestamp":278683661}
{"angleX":0,"angleY":352,"contentY":0,"deviceType":4,"inverted":true,"overViewport":false,"phase":2,"pixelX":0,"pixelY":30,"pointerX":656.37109375,"pointerY":69.4453125,"source":1,"timestamp":278683669}
{"angleX":0,"angleY":350,"contentY":0,"deviceType":4,"inverted":true,"overViewport":false,"phase":2,"pixelX":0,"pixelY":29,"pointerX":656.37109375,"pointerY":69.4453125,"source":1,"timestamp":278683676}
{"angleX":0,"angleY":336,"contentY":0,"deviceType":4,"inverted":true,"overViewport":false,"phase":2,"pixelX":0,"pixelY":28,"pointerX":656.37109375,"pointerY":69.4453125,"source":1,"timestamp":278683683}
{"angleX":0,"angleY":310,"contentY":0,"deviceType":4,"inverted":true,"overViewport":false,"phase":2,"pixelX":0,"pixelY":26,"pointerX":656.37109375,"pointerY":69.4453125,"source":1,"timestamp":278683690}
{"angleX":0,"angleY":299,"contentY":0,"deviceType":4,"inverted":true,"overViewport":false,"phase":2,"pixelX":0,"pixelY":25,"pointerX":656.37109375,"pointerY":69.4453125,"source":1,"timestamp":278683697}
{"angleX":0,"angleY":291,"contentY":0,"deviceType":4,"inverted":true,"overViewport":false,"phase":2,"pixelX":0,"pixelY":24,"pointerX":656.37109375,"pointerY":69.4453125,"source":1,"timestamp":278683704}
{"angleX":0,"angleY":0,"contentY":0,"deviceType":4,"inverted":true,"overViewport":false,"phase":3,"pixelX":0,"pixelY":0,"pointerX":656.37109375,"pointerY":69.4453125,"source":0,"timestamp":278683711}
{"angleX":0,"angleY":0,"contentY":0,"deviceType":4,"inverted":true,"overViewport":false,"phase":3,"pixelX":0,"pixelY":0,"pointerX":656.37109375,"pointerY":69.4453125,"source":0,"timestamp":278683711}
{"coastSample":1,"contentY":0,"endTimestamp":278683711,"flicking":false,"velocity":0}
{"coastSample":2,"contentY":0,"endTimestamp":278683711,"flicking":false,"velocity":0}
{"coastSample":3,"contentY":0,"endTimestamp":278683711,"flicking":false,"velocity":0}
{"coastSample":4,"contentY":0,"endTimestamp":278683711,"flicking":false,"velocity":0}
{"coastSample":5,"contentY":0,"endTimestamp":278683711,"flicking":false,"velocity":0}
{"coastSample":6,"contentY":0,"endTimestamp":278683711,"flicking":false,"velocity":0}
{"coastSample":7,"contentY":0,"endTimestamp":278683711,"flicking":false,"velocity":0}
{"coastSample":8,"contentY":0,"endTimestamp":278683711,"flicking":false,"velocity":0}
{"coastSample":9,"contentY":0,"endTimestamp":278683711,"flicking":false,"velocity":0}
{"angleX":0,"angleY":0,"contentY":0,"deviceType":4,"inverted":false,"overViewport":false,"phase":1,"pixelX":0,"pixelY":0,"pointerX":656.37109375,"pointerY":69.4453125,"source":0,"timestamp":278683906}
{"angleX":0,"angleY":0,"contentY":0,"deviceType":4,"inverted":false,"overViewport":false,"phase":1,"pixelX":0,"pixelY":0,"pointerX":656.37109375,"pointerY":69.4453125,"source":0,"timestamp":278683906}
{"angleX":0,"angleY":-228,"contentY":0,"deviceType":4,"inverted":true,"overViewport":false,"phase":2,"pixelX":0,"pixelY":-19,"pointerX":656.37109375,"pointerY":69.4453125,"source":1,"timestamp":278683906}
{"angleX":0,"angleY":-230,"contentY":0,"deviceType":4,"inverted":true,"overViewport":false,"phase":2,"pixelX":0,"pixelY":-19,"pointerX":656.37109375,"pointerY":69.4453125,"source":1,"timestamp":278683913}
{"angleX":0,"angleY":-240,"contentY":0,"deviceType":4,"inverted":true,"overViewport":false,"phase":2,"pixelX":0,"pixelY":-20,"pointerX":656.37109375,"pointerY":69.4453125,"source":1,"timestamp":278683920}
{"angleX":0,"angleY":-240,"contentY":0,"deviceType":4,"inverted":true,"overViewport":false,"phase":2,"pixelX":0,"pixelY":-20,"pointerX":656.37109375,"pointerY":69.4453125,"source":1,"timestamp":278683928}
{"angleX":0,"angleY":-236,"contentY":0,"deviceType":4,"inverted":true,"overViewport":false,"phase":2,"pixelX":0,"pixelY":-20,"pointerX":656.37109375,"pointerY":69.4453125,"source":1,"timestamp":278683935}
{"angleX":0,"angleY":-240,"contentY":0,"deviceType":4,"inverted":true,"overViewport":false,"phase":2,"pixelX":0,"pixelY":-20,"pointerX":656.37109375,"pointerY":69.4453125,"source":1,"timestamp":278683942}
{"angleX":0,"angleY":-248,"contentY":0,"deviceType":4,"inverted":true,"overViewport":false,"phase":2,"pixelX":0,"pixelY":-21,"pointerX":656.37109375,"pointerY":69.4453125,"source":1,"timestamp":278683949}
{"angleX":0,"angleY":-263,"contentY":0,"deviceType":4,"inverted":true,"overViewport":false,"phase":2,"pixelX":0,"pixelY":-22,"pointerX":656.37109375,"pointerY":69.4453125,"source":1,"timestamp":278683956}
{"angleX":0,"angleY":-248,"contentY":0,"deviceType":4,"inverted":true,"overViewport":false,"phase":2,"pixelX":0,"pixelY":-20,"pointerX":656.37109375,"pointerY":69.4453125,"source":1,"timestamp":278683964}
{"angleX":0,"angleY":-251,"contentY":0,"deviceType":4,"inverted":true,"overViewport":false,"phase":2,"pixelX":0,"pixelY":-21,"pointerX":656.37109375,"pointerY":69.4453125,"source":1,"timestamp":278683971}
{"angleX":0,"angleY":-240,"contentY":0,"deviceType":4,"inverted":true,"overViewport":false,"phase":2,"pixelX":0,"pixelY":-20,"pointerX":656.37109375,"pointerY":69.4453125,"source":1,"timestamp":278683978}
{"angleX":0,"angleY":-226,"contentY":0,"deviceType":4,"inverted":true,"overViewport":false,"phase":2,"pixelX":0,"pixelY":-19,"pointerX":656.37109375,"pointerY":69.4453125,"source":1,"timestamp":278683985}
{"angleX":0,"angleY":-208,"contentY":0,"deviceType":4,"inverted":true,"overViewport":false,"phase":2,"pixelX":0,"pixelY":-17,"pointerX":656.37109375,"pointerY":69.4453125,"source":1,"timestamp":278683992}
{"angleX":0,"angleY":-181,"contentY":0,"deviceType":4,"inverted":true,"overViewport":false,"phase":2,"pixelX":0,"pixelY":-15,"pointerX":656.37109375,"pointerY":69.4453125,"source":1,"timestamp":278683999}
{"angleX":0,"angleY":0,"contentY":0,"deviceType":4,"inverted":true,"overViewport":false,"phase":3,"pixelX":0,"pixelY":0,"pointerX":656.37109375,"pointerY":69.4453125,"source":0,"timestamp":278684013}
{"angleX":0,"angleY":0,"contentY":0,"deviceType":4,"inverted":true,"overViewport":false,"phase":3,"pixelX":0,"pixelY":0,"pointerX":656.37109375,"pointerY":69.4453125,"source":0,"timestamp":278684013}
{"coastSample":1,"contentY":0,"endTimestamp":278684013,"flicking":false,"velocity":0}
{"coastSample":2,"contentY":0,"endTimestamp":278684013,"flicking":false,"velocity":0}
{"coastSample":3,"contentY":0,"endTimestamp":278684013,"flicking":false,"velocity":0}
{"coastSample":4,"contentY":0,"endTimestamp":278684013,"flicking":false,"velocity":0}
{"coastSample":5,"contentY":0,"endTimestamp":278684013,"flicking":false,"velocity":0}
{"coastSample":6,"contentY":0,"endTimestamp":278684013,"flicking":false,"velocity":0}
{"coastSample":7,"contentY":0,"endTimestamp":278684013,"flicking":false,"velocity":0}
{"coastSample":8,"contentY":0,"endTimestamp":278684013,"flicking":false,"velocity":0}
{"angleX":0,"angleY":0,"contentY":0,"deviceType":4,"inverted":false,"overViewport":false,"phase":1,"pixelX":0,"pixelY":0,"pointerX":656.37109375,"pointerY":69.4453125,"source":0,"timestamp":278684194}
{"angleX":0,"angleY":0,"contentY":0,"deviceType":4,"inverted":false,"overViewport":false,"phase":1,"pixelX":0,"pixelY":0,"pointerX":656.37109375,"pointerY":69.4453125,"source":0,"timestamp":278684194}
{"angleX":0,"angleY":169,"contentY":0,"deviceType":4,"inverted":true,"overViewport":false,"phase":2,"pixelX":0,"pixelY":14,"pointerX":656.37109375,"pointerY":69.4453125,"source":1,"timestamp":278684194}
{"angleX":0,"angleY":200,"contentY":0,"deviceType":4,"inverted":true,"overViewport":false,"phase":2,"pixelX":0,"pixelY":17,"pointerX":656.37109375,"pointerY":69.4453125,"source":1,"timestamp":278684201}
{"angleX":0,"angleY":224,"contentY":0,"deviceType":4,"inverted":true,"overViewport":false,"phase":2,"pixelX":0,"pixelY":18,"pointerX":656.37109375,"pointerY":69.4453125,"source":1,"timestamp":278684208}
{"angleX":0,"angleY":259,"contentY":0,"deviceType":4,"inverted":true,"overViewport":false,"phase":2,"pixelX":0,"pixelY":22,"pointerX":656.37109375,"pointerY":69.4453125,"source":1,"timestamp":278684215}
{"angleX":0,"angleY":273,"contentY":0,"deviceType":4,"inverted":true,"overViewport":false,"phase":2,"pixelX":0,"pixelY":23,"pointerX":656.37109375,"pointerY":69.4453125,"source":1,"timestamp":278684222}
{"angleX":0,"angleY":312,"contentY":0,"deviceType":4,"inverted":true,"overViewport":false,"phase":2,"pixelX":0,"pixelY":26,"pointerX":656.37109375,"pointerY":69.4453125,"source":1,"timestamp":278684230}
{"angleX":0,"angleY":324,"contentY":0,"deviceType":4,"inverted":true,"overViewport":false,"phase":2,"pixelX":0,"pixelY":27,"pointerX":656.37109375,"pointerY":69.4453125,"source":1,"timestamp":278684237}
{"angleX":0,"angleY":338,"contentY":0,"deviceType":4,"inverted":true,"overViewport":false,"phase":2,"pixelX":0,"pixelY":28,"pointerX":656.37109375,"pointerY":69.4453125,"source":1,"timestamp":278684244}
{"angleX":0,"angleY":336,"contentY":0,"deviceType":4,"inverted":true,"overViewport":false,"phase":2,"pixelX":0,"pixelY":28,"pointerX":656.37109375,"pointerY":69.4453125,"source":1,"timestamp":278684251}
{"angleX":0,"angleY":326,"contentY":0,"deviceType":4,"inverted":true,"overViewport":false,"phase":2,"pixelX":0,"pixelY":27,"pointerX":656.37109375,"pointerY":69.4453125,"source":1,"timestamp":278684258}
{"angleX":0,"angleY":326,"contentY":0,"deviceType":4,"inverted":true,"overViewport":false,"phase":2,"pixelX":0,"pixelY":27,"pointerX":656.37109375,"pointerY":69.4453125,"source":1,"timestamp":278684265}
{"angleX":0,"angleY":301,"contentY":0,"deviceType":4,"inverted":true,"overViewport":false,"phase":2,"pixelX":0,"pixelY":25,"pointerX":656.37109375,"pointerY":69.4453125,"source":1,"timestamp":278684273}
{"angleX":0,"angleY":283,"contentY":0,"deviceType":4,"inverted":true,"overViewport":false,"phase":2,"pixelX":0,"pixelY":24,"pointerX":656.37109375,"pointerY":69.4453125,"source":1,"timestamp":278684280}
{"angleX":0,"angleY":0,"contentY":0,"deviceType":4,"inverted":true,"overViewport":false,"phase":3,"pixelX":0,"pixelY":0,"pointerX":656.37109375,"pointerY":69.4453125,"source":0,"timestamp":278684307}
{"angleX":0,"angleY":0,"contentY":0,"deviceType":4,"inverted":true,"overViewport":false,"phase":3,"pixelX":0,"pixelY":0,"pointerX":656.37109375,"pointerY":69.4453125,"source":0,"timestamp":278684307}
{"coastSample":1,"contentY":0,"endTimestamp":278684307,"flicking":false,"velocity":0}
{"coastSample":2,"contentY":0,"endTimestamp":278684307,"flicking":false,"velocity":0}
{"coastSample":3,"contentY":0,"endTimestamp":278684307,"flicking":false,"velocity":0}
{"coastSample":4,"contentY":0,"endTimestamp":278684307,"flicking":false,"velocity":0}
{"coastSample":5,"contentY":0,"endTimestamp":278684307,"flicking":false,"velocity":0}
{"coastSample":6,"contentY":0,"endTimestamp":278684307,"flicking":false,"velocity":0}
{"coastSample":7,"contentY":0,"endTimestamp":278684307,"flicking":false,"velocity":0}
{"coastSample":8,"contentY":0,"endTimestamp":278684307,"flicking":false,"velocity":0}
{"coastSample":9,"contentY":0,"endTimestamp":278684307,"flicking":false,"velocity":0}
{"coastSample":10,"contentY":0,"endTimestamp":278684307,"flicking":false,"velocity":0}
{"angleX":0,"angleY":0,"contentY":0,"deviceType":4,"inverted":false,"overViewport":true,"phase":1,"pixelX":0,"pixelY":0,"pointerX":698.01171875,"pointerY":348.06640625,"source":0,"timestamp":278684524}
{"angleX":0,"angleY":0,"contentY":0,"deviceType":4,"inverted":false,"overViewport":true,"phase":1,"pixelX":0,"pixelY":0,"pointerX":698.01171875,"pointerY":348.06640625,"source":0,"timestamp":278684524}
{"angleX":0,"angleY":-177,"contentY":0,"deviceType":4,"inverted":true,"overViewport":true,"phase":2,"pixelX":0,"pixelY":-15,"pointerX":698.01171875,"pointerY":348.06640625,"source":1,"timestamp":278684524}
{"angleX":0,"angleY":-183,"contentY":0,"deviceType":4,"inverted":true,"overViewport":true,"phase":2,"pixelX":0,"pixelY":-15,"pointerX":698.01171875,"pointerY":348.06640625,"source":1,"timestamp":278684531}
{"angleX":0,"angleY":-204,"contentY":0,"deviceType":4,"inverted":true,"overViewport":true,"phase":2,"pixelX":0,"pixelY":-17,"pointerX":698.01171875,"pointerY":348.06640625,"source":1,"timestamp":278684539}
{"angleX":0,"angleY":-222,"contentY":0,"deviceType":4,"inverted":true,"overViewport":true,"phase":2,"pixelX":0,"pixelY":-19,"pointerX":698.01171875,"pointerY":348.06640625,"source":1,"timestamp":278684546}
{"angleX":0,"angleY":-238,"contentY":19,"deviceType":4,"inverted":true,"overViewport":true,"phase":2,"pixelX":0,"pixelY":-19,"pointerX":698.01171875,"pointerY":348.06640625,"source":1,"timestamp":278684553}
{"angleX":0,"angleY":0,"contentY":38,"deviceType":4,"inverted":true,"overViewport":true,"phase":3,"pixelX":0,"pixelY":0,"pointerX":698.01171875,"pointerY":348.06640625,"source":0,"timestamp":278684588}
{"angleX":0,"angleY":0,"contentY":38,"deviceType":4,"inverted":true,"overViewport":true,"phase":3,"pixelX":0,"pixelY":0,"pointerX":698.01171875,"pointerY":348.06640625,"source":0,"timestamp":278684588}
{"coastSample":1,"contentY":109.02377151706199,"endTimestamp":278684588,"flicking":true,"velocity":2322.140576738003}
{"coastSample":2,"contentY":163.3955911438523,"endTimestamp":278684588,"flicking":true,"velocity":2231.5036290765515}
{"coastSample":3,"contentY":202.74692393827706,"endTimestamp":278684588,"flicking":true,"velocity":2163.5259183304547}
{"coastSample":4,"contentY":240.87465793927225,"endTimestamp":278684588,"flicking":true,"velocity":2095.5482075843624}
{"coastSample":5,"contentY":291.7999540780976,"endTimestamp":278684588,"flicking":true,"velocity":2001.134720437032}
{"coastSample":6,"contentY":315.40570445886516,"endTimestamp":278684588,"flicking":true,"velocity":1955.816246606285}
{"coastSample":7,"contentY":338.4676331536641,"endTimestamp":278684588,"flicking":true,"velocity":1910.4977727755568}
{"coastSample":8,"contentY":372.04086053467114,"endTimestamp":278684588,"flicking":true,"velocity":1842.5200620294693}
{"coastSample":9,"contentY":414.9017878084567,"endTimestamp":278684588,"flicking":true,"velocity":1751.883114368032}
{"coastSample":10,"contentY":457.2354566168731,"endTimestamp":278684588,"flicking":true,"velocity":1659.3578969636108}
{"angleX":0,"angleY":0,"contentY":476.7172258790446,"deviceType":4,"inverted":false,"overViewport":true,"phase":1,"pixelX":0,"pixelY":0,"pointerX":698.01171875,"pointerY":348.06640625,"source":0,"timestamp":278684812}
{"angleX":0,"angleY":0,"contentY":476.7172258790446,"deviceType":4,"inverted":false,"overViewport":true,"phase":1,"pixelX":0,"pixelY":0,"pointerX":698.01171875,"pointerY":348.06640625,"source":0,"timestamp":278684812}
{"angleX":0,"angleY":145,"contentY":476.7172258790446,"deviceType":4,"inverted":true,"overViewport":true,"phase":2,"pixelX":0,"pixelY":12,"pointerX":698.01171875,"pointerY":348.06640625,"source":1,"timestamp":278684812}
{"angleX":0,"angleY":165,"contentY":476.7172258790446,"deviceType":4,"inverted":true,"overViewport":true,"phase":2,"pixelX":0,"pixelY":14,"pointerX":698.01171875,"pointerY":348.06640625,"source":1,"timestamp":278684819}
{"angleX":0,"angleY":175,"contentY":476.7172258790446,"deviceType":4,"inverted":true,"overViewport":true,"phase":2,"pixelX":0,"pixelY":14,"pointerX":698.01171875,"pointerY":348.06640625,"source":1,"timestamp":278684826}
{"angleX":0,"angleY":185,"contentY":448.7172258790446,"deviceType":4,"inverted":true,"overViewport":true,"phase":2,"pixelX":0,"pixelY":16,"pointerX":698.01171875,"pointerY":348.06640625,"source":1,"timestamp":278684834}
{"angleX":0,"angleY":196,"contentY":432.7172258790446,"deviceType":4,"inverted":true,"overViewport":true,"phase":2,"pixelX":0,"pixelY":16,"pointerX":698.01171875,"pointerY":348.06640625,"source":1,"timestamp":278684841}
{"angleX":0,"angleY":204,"contentY":416.7172258790446,"deviceType":4,"inverted":true,"overViewport":true,"phase":2,"pixelX":0,"pixelY":17,"pointerX":698.01171875,"pointerY":348.06640625,"source":1,"timestamp":278684848}
{"angleX":0,"angleY":212,"contentY":399.7172258790446,"deviceType":4,"inverted":true,"overViewport":true,"phase":2,"pixelX":0,"pixelY":18,"pointerX":698.01171875,"pointerY":348.06640625,"source":1,"timestamp":278684855}
{"angleX":0,"angleY":212,"contentY":381.7172258790446,"deviceType":4,"inverted":true,"overViewport":true,"phase":2,"pixelX":0,"pixelY":17,"pointerX":698.01171875,"pointerY":348.06640625,"source":1,"timestamp":278684862}
{"angleX":0,"angleY":216,"contentY":364.7172258790446,"deviceType":4,"inverted":true,"overViewport":true,"phase":2,"pixelX":0,"pixelY":18,"pointerX":698.01171875,"pointerY":348.06640625,"source":1,"timestamp":278684869}
{"angleX":0,"angleY":216,"contentY":346.7172258790446,"deviceType":4,"inverted":true,"overViewport":true,"phase":2,"pixelX":0,"pixelY":18,"pointerX":698.01171875,"pointerY":348.06640625,"source":1,"timestamp":278684877}
{"angleX":0,"angleY":212,"contentY":328.7172258790446,"deviceType":4,"inverted":true,"overViewport":true,"phase":2,"pixelX":0,"pixelY":18,"pointerX":698.01171875,"pointerY":348.06640625,"source":1,"timestamp":278684884}
{"angleX":0,"angleY":214,"contentY":310.7172258790446,"deviceType":4,"inverted":true,"overViewport":true,"phase":2,"pixelX":0,"pixelY":18,"pointerX":698.01171875,"pointerY":348.06640625,"source":1,"timestamp":278684891}
{"angleX":0,"angleY":210,"contentY":292.7172258790446,"deviceType":4,"inverted":true,"overViewport":true,"phase":2,"pixelX":0,"pixelY":17,"pointerX":698.01171875,"pointerY":348.06640625,"source":1,"timestamp":278684898}
{"angleX":0,"angleY":216,"contentY":275.7172258790446,"deviceType":4,"inverted":true,"overViewport":true,"phase":2,"pixelX":0,"pixelY":18,"pointerX":698.01171875,"pointerY":348.06640625,"source":1,"timestamp":278684905}
{"angleX":0,"angleY":218,"contentY":257.7172258790446,"deviceType":4,"inverted":true,"overViewport":true,"phase":2,"pixelX":0,"pixelY":18,"pointerX":698.01171875,"pointerY":348.06640625,"source":1,"timestamp":278684913}
{"angleX":0,"angleY":208,"contentY":239.71722587904458,"deviceType":4,"inverted":true,"overViewport":true,"phase":2,"pixelX":0,"pixelY":18,"pointerX":698.01171875,"pointerY":348.06640625,"source":1,"timestamp":278684920}
{"angleX":0,"angleY":0,"contentY":221.71722587904458,"deviceType":4,"inverted":true,"overViewport":true,"phase":3,"pixelX":0,"pixelY":0,"pointerX":698.01171875,"pointerY":348.06640625,"source":0,"timestamp":278684933}
{"angleX":0,"angleY":0,"contentY":221,"deviceType":4,"inverted":true,"overViewport":true,"phase":3,"pixelX":0,"pixelY":0,"pointerX":698.01171875,"pointerY":348.06640625,"source":0,"timestamp":278684933}
{"coastSample":1,"contentY":165.9996825653338,"endTimestamp":278684933,"flicking":true,"velocity":-2168.9219558015557}
{"coastSample":2,"contentY":118.85587311847814,"endTimestamp":278684933,"flicking":true,"velocity":-1841.5674563094483}
{"coastSample":3,"contentY":88.65384940033704,"endTimestamp":278684933,"flicking":true,"velocity":-1596.0515816903705}
{"coastSample":4,"contentY":70.97432566776709,"endTimestamp":278684933,"flicking":true,"velocity":-1432.3743319443213}
{"coastSample":5,"contentY":40.45037855887546,"endTimestamp":278684933,"flicking":true,"velocity":-1098.199947046124}
{"coastSample":6,"contentY":19.16757457189607,"endTimestamp":278684933,"flicking":true,"velocity":-764.025562147926}
{"coastSample":7,"contentY":8.361304948662138,"endTimestamp":278684933,"flicking":true,"velocity":-518.5096875288527}
{"coastSample":8,"contentY":1.9743210685716406,"endTimestamp":278684933,"flicking":true,"velocity":-272.99381290978414}
{"coastSample":9,"contentY":0,"endTimestamp":278684933,"flicking":false,"velocity":0}
{"coastSample":10,"contentY":0,"endTimestamp":278684933,"flicking":false,"velocity":0}
{"coastSample":11,"contentY":0,"endTimestamp":278684933,"flicking":false,"velocity":0}
{"coastSample":12,"contentY":0,"endTimestamp":278684933,"flicking":false,"velocity":0}
{"coastSample":13,"contentY":0,"endTimestamp":278684933,"flicking":false,"velocity":0}
{"coastSample":14,"contentY":0,"endTimestamp":278684933,"flicking":false,"velocity":0}
{"angleX":0,"angleY":0,"contentY":0,"deviceType":4,"inverted":false,"overViewport":true,"phase":1,"pixelX":0,"pixelY":0,"pointerX":698.01171875,"pointerY":348.06640625,"source":0,"timestamp":278685236}
{"angleX":0,"angleY":0,"contentY":0,"deviceType":4,"inverted":false,"overViewport":true,"phase":1,"pixelX":0,"pixelY":0,"pointerX":698.01171875,"pointerY":348.06640625,"source":0,"timestamp":278685236}
{"angleX":0,"angleY":-191,"contentY":0,"deviceType":4,"inverted":true,"overViewport":true,"phase":2,"pixelX":0,"pixelY":-16,"pointerX":698.01171875,"pointerY":348.06640625,"source":1,"timestamp":278685236}
{"angleX":0,"angleY":-191,"contentY":0,"deviceType":4,"inverted":true,"overViewport":true,"phase":2,"pixelX":0,"pixelY":-16,"pointerX":698.01171875,"pointerY":348.06640625,"source":1,"timestamp":278685244}
{"angleX":0,"angleY":-214,"contentY":0,"deviceType":4,"inverted":true,"overViewport":true,"phase":2,"pixelX":0,"pixelY":-18,"pointerX":698.01171875,"pointerY":348.06640625,"source":1,"timestamp":278685251}
{"angleX":0,"angleY":-228,"contentY":0,"deviceType":4,"inverted":true,"overViewport":true,"phase":2,"pixelX":0,"pixelY":-19,"pointerX":698.01171875,"pointerY":348.06640625,"source":1,"timestamp":278685258}
{"angleX":0,"angleY":-240,"contentY":19,"deviceType":4,"inverted":true,"overViewport":true,"phase":2,"pixelX":0,"pixelY":-20,"pointerX":698.01171875,"pointerY":348.06640625,"source":1,"timestamp":278685265}
{"angleX":0,"angleY":-240,"contentY":39,"deviceType":4,"inverted":true,"overViewport":true,"phase":2,"pixelX":0,"pixelY":-20,"pointerX":698.01171875,"pointerY":348.06640625,"source":1,"timestamp":278685272}
{"angleX":0,"angleY":-253,"contentY":59,"deviceType":4,"inverted":true,"overViewport":true,"phase":2,"pixelX":0,"pixelY":-21,"pointerX":698.01171875,"pointerY":348.06640625,"source":1,"timestamp":278685279}
{"angleX":0,"angleY":-251,"contentY":80,"deviceType":4,"inverted":true,"overViewport":true,"phase":2,"pixelX":0,"pixelY":-21,"pointerX":698.01171875,"pointerY":348.06640625,"source":1,"timestamp":278685287}
{"angleX":0,"angleY":0,"contentY":101,"deviceType":4,"inverted":true,"overViewport":true,"phase":3,"pixelX":0,"pixelY":0,"pointerX":698.01171875,"pointerY":348.06640625,"source":0,"timestamp":278685307}
{"angleX":0,"angleY":0,"contentY":101,"deviceType":4,"inverted":true,"overViewport":true,"phase":3,"pixelX":0,"pixelY":0,"pointerX":698.01171875,"pointerY":348.06640625,"source":0,"timestamp":278685307}
{"coastSample":1,"contentY":174.0332167832168,"endTimestamp":278685307,"flicking":true,"velocity":2381.993006993009}
{"coastSample":2,"contentY":215.96503496503496,"endTimestamp":278685307,"flicking":true,"velocity":2303.3216783216753}
{"coastSample":3,"contentY":269.67132867132864,"endTimestamp":278685307,"flicking":true,"velocity":2198.4265734265687}
{"coastSample":4,"contentY":295.5804195804196,"endTimestamp":278685307,"flicking":true,"velocity":2145.979020979022}
{"coastSample":5,"contentY":347.5362762237762,"endTimestamp":278685307,"flicking":true,"velocity":2036.7132867132796}
{"coastSample":6,"contentY":383.2530594405594,"endTimestamp":278685307,"flicking":true,"velocity":1958.0419580419555}
{"coastSample":7,"contentY":428.67263986013984,"endTimestamp":278685307,"flicking":true,"velocity":1853.1468531468533}
{"coastSample":8,"contentY":471.57473776223776,"endTimestamp":278685307,"flicking":true,"velocity":1748.2517482517512}
{"coastSample":9,"contentY":492.0817307692308,"endTimestamp":278685307,"flicking":true,"velocity":1695.8041958041956}
{"coastSample":10,"contentY":523.263986013986,"endTimestamp":278685307,"flicking":true,"velocity":1614.9475524475586}
{"coastSample":11,"contentY":560.3968531468531,"endTimestamp":278685307,"flicking":true,"velocity":1507.8671328671287}
{"coastSample":12,"contentY":586.5944055944055,"endTimestamp":278685307,"flicking":true,"velocity":1429.1958041958044}
{"coastSample":13,"contentY":619.3216783216783,"endTimestamp":278685307,"flicking":true,"velocity":1324.300699300693}
{"coastSample":14,"contentY":634.7412587412587,"endTimestamp":278685307,"flicking":true,"velocity":1271.8531468531182}
{"coastSample":15,"contentY":664.8439685314686,"endTimestamp":278685307,"flicking":true,"velocity":1162.5874125874134}
{"angleX":0,"angleY":0,"contentY":816,"deviceType":4,"inverted":false,"overViewport":true,"phase":1,"pixelX":0,"pixelY":0,"pointerX":698.01171875,"pointerY":348.06640625,"source":0,"timestamp":278686172}
{"angleX":0,"angleY":0,"contentY":816,"deviceType":4,"inverted":false,"overViewport":true,"phase":1,"pixelX":0,"pixelY":0,"pointerX":698.01171875,"pointerY":348.06640625,"source":0,"timestamp":278686172}
{"angleX":0,"angleY":100,"contentY":816,"deviceType":4,"inverted":true,"overViewport":true,"phase":2,"pixelX":0,"pixelY":8,"pointerX":698.01171875,"pointerY":348.06640625,"source":1,"timestamp":278686172}
{"angleX":0,"angleY":112,"contentY":816,"deviceType":4,"inverted":true,"overViewport":true,"phase":2,"pixelX":0,"pixelY":10,"pointerX":698.01171875,"pointerY":348.06640625,"source":1,"timestamp":278686179}
{"angleX":0,"angleY":122,"contentY":816,"deviceType":4,"inverted":true,"overViewport":true,"phase":2,"pixelX":0,"pixelY":10,"pointerX":698.01171875,"pointerY":348.06640625,"source":1,"timestamp":278686186}
{"angleX":0,"angleY":122,"contentY":816,"deviceType":4,"inverted":true,"overViewport":true,"phase":2,"pixelX":0,"pixelY":10,"pointerX":698.01171875,"pointerY":348.06640625,"source":1,"timestamp":278686193}
{"angleX":0,"angleY":124,"contentY":806,"deviceType":4,"inverted":true,"overViewport":true,"phase":2,"pixelX":0,"pixelY":10,"pointerX":698.01171875,"pointerY":348.06640625,"source":1,"timestamp":278686201}
{"angleX":0,"angleY":124,"contentY":796,"deviceType":4,"inverted":true,"overViewport":true,"phase":2,"pixelX":0,"pixelY":11,"pointerX":698.01171875,"pointerY":348.06640625,"source":1,"timestamp":278686208}
{"angleX":0,"angleY":118,"contentY":785,"deviceType":4,"inverted":true,"overViewport":true,"phase":2,"pixelX":0,"pixelY":10,"pointerX":698.01171875,"pointerY":348.06640625,"source":1,"timestamp":278686215}
{"angleX":0,"angleY":110,"contentY":775,"deviceType":4,"inverted":true,"overViewport":true,"phase":2,"pixelX":0,"pixelY":9,"pointerX":698.01171875,"pointerY":348.06640625,"source":1,"timestamp":278686222}
{"angleX":0,"angleY":116,"contentY":766,"deviceType":4,"inverted":true,"overViewport":true,"phase":2,"pixelX":0,"pixelY":9,"pointerX":698.01171875,"pointerY":348.06640625,"source":1,"timestamp":278686229}
{"angleX":0,"angleY":118,"contentY":757,"deviceType":4,"inverted":true,"overViewport":true,"phase":2,"pixelX":0,"pixelY":10,"pointerX":698.01171875,"pointerY":348.06640625,"source":1,"timestamp":278686237}
{"angleX":0,"angleY":102,"contentY":747,"deviceType":4,"inverted":true,"overViewport":true,"phase":2,"pixelX":0,"pixelY":9,"pointerX":698.01171875,"pointerY":348.06640625,"source":1,"timestamp":278686243}
{"angleX":0,"angleY":0,"contentY":738,"deviceType":4,"inverted":true,"overViewport":true,"phase":3,"pixelX":0,"pixelY":0,"pointerX":698.01171875,"pointerY":348.06640625,"source":0,"timestamp":278686250}
{"angleX":0,"angleY":0,"contentY":738,"deviceType":4,"inverted":true,"overViewport":true,"phase":3,"pixelX":0,"pixelY":0,"pointerX":698.01171875,"pointerY":348.06640625,"source":0,"timestamp":278686250}
{"coastSample":1,"contentY":706.5033919923902,"endTimestamp":278686250,"flicking":true,"velocity":-1298.8598100786817}
{"coastSample":2,"contentY":675.8707108267035,"endTimestamp":278686250,"flicking":true,"velocity":-1262.8628583318953}
{"coastSample":3,"contentY":653.4631519424507,"endTimestamp":278686250,"flicking":true,"velocity":-1235.8651445217863}
{"coastSample":4,"contentY":631.5415519067797,"endTimestamp":278686250,"flicking":true,"velocity":-1208.8674307116964}
{"coastSample":5,"contentY":617.1971290211,"endTimestamp":278686250,"flicking":true,"velocity":-1190.8689548383034}
{"coastSample":6,"contentY":594.9268387141668,"endTimestamp":278686250,"flicking":true,"velocity":-1162.3713680387293}
{"coastSample":7,"contentY":574.3281266551907,"endTimestamp":278686250,"flicking":true,"velocity":-1135.3736542286395}
{"coastSample":8,"contentY":547.6191132299052,"endTimestamp":278686250,"flicking":true,"velocity":-1099.3767024818528}
{"coastSample":9,"contentY":528.1543051509534,"endTimestamp":278686250,"flicking":true,"velocity":-1072.378988671744}
{"coastSample":10,"contentY":515.4477435697531,"endTimestamp":278686250,"flicking":true,"velocity":-1054.380512798332}
{"coastSample":11,"contentY":495.770733661579,"endTimestamp":278686250,"flicking":true,"velocity":-1026.632862493516}
{"coastSample":12,"contentY":471.68949771381006,"endTimestamp":278686250,"flicking":true,"velocity":-989.8859742519999}
{"coastSample":13,"contentY":454.1955227429955,"endTimestamp":278686250,"flicking":true,"velocity":-962.888260441891}
{"coastSample":14,"contentY":437.18750662076275,"endTimestamp":278686250,"flicking":true,"velocity":-935.8905466317823}
{"coastSample":15,"contentY":415.26608777780183,"endTimestamp":278686250,"flicking":true,"velocity":-899.8935948849862}
{"angleX":0,"angleY":0,"contentY":148,"deviceType":4,"inverted":false,"overViewport":true,"phase":1,"pixelX":0,"pixelY":0,"pointerX":698.01171875,"pointerY":348.06640625,"source":0,"timestamp":278687496}
{"angleX":0,"angleY":0,"contentY":148,"deviceType":4,"inverted":false,"overViewport":true,"phase":1,"pixelX":0,"pixelY":0,"pointerX":698.01171875,"pointerY":348.06640625,"source":0,"timestamp":278687496}
{"angleX":0,"angleY":61,"contentY":148,"deviceType":4,"inverted":true,"overViewport":true,"phase":2,"pixelX":0,"pixelY":5,"pointerX":698.01171875,"pointerY":348.06640625,"source":1,"timestamp":278687496}
{"angleX":0,"angleY":63,"contentY":148,"deviceType":4,"inverted":true,"overViewport":true,"phase":2,"pixelX":0,"pixelY":5,"pointerX":698.01171875,"pointerY":348.06640625,"source":1,"timestamp":278687503}
{"angleX":0,"angleY":61,"contentY":148,"deviceType":4,"inverted":true,"overViewport":true,"phase":2,"pixelX":0,"pixelY":5,"pointerX":698.01171875,"pointerY":348.06640625,"source":1,"timestamp":278687510}
{"angleX":0,"angleY":59,"contentY":148,"deviceType":4,"inverted":true,"overViewport":true,"phase":2,"pixelX":0,"pixelY":5,"pointerX":698.01171875,"pointerY":348.06640625,"source":1,"timestamp":278687517}
{"angleX":0,"angleY":59,"contentY":143,"deviceType":4,"inverted":true,"overViewport":true,"phase":2,"pixelX":0,"pixelY":5,"pointerX":698.01171875,"pointerY":348.06640625,"source":1,"timestamp":278687525}
{"angleX":0,"angleY":67,"contentY":138,"deviceType":4,"inverted":true,"overViewport":true,"phase":2,"pixelX":0,"pixelY":6,"pointerX":698.01171875,"pointerY":348.06640625,"source":1,"timestamp":278687532}
{"angleX":0,"angleY":71,"contentY":132,"deviceType":4,"inverted":true,"overViewport":true,"phase":2,"pixelX":0,"pixelY":6,"pointerX":698.01171875,"pointerY":348.06640625,"source":1,"timestamp":278687539}
{"angleX":0,"angleY":77,"contentY":126,"deviceType":4,"inverted":true,"overViewport":true,"phase":2,"pixelX":0,"pixelY":6,"pointerX":698.01171875,"pointerY":348.06640625,"source":1,"timestamp":278687546}
{"angleX":0,"angleY":75,"contentY":120,"deviceType":4,"inverted":true,"overViewport":true,"phase":2,"pixelX":0,"pixelY":7,"pointerX":698.01171875,"pointerY":348.06640625,"source":1,"timestamp":278687553}
{"angleX":0,"angleY":77,"contentY":113,"deviceType":4,"inverted":true,"overViewport":true,"phase":2,"pixelX":0,"pixelY":6,"pointerX":698.01171875,"pointerY":348.06640625,"source":1,"timestamp":278687561}
{"angleX":0,"angleY":79,"contentY":107,"deviceType":4,"inverted":true,"overViewport":true,"phase":2,"pixelX":0,"pixelY":7,"pointerX":698.01171875,"pointerY":348.06640625,"source":1,"timestamp":278687568}
{"angleX":0,"angleY":86,"contentY":100,"deviceType":4,"inverted":true,"overViewport":true,"phase":2,"pixelX":0,"pixelY":7,"pointerX":698.01171875,"pointerY":348.06640625,"source":1,"timestamp":278687575}
{"angleX":0,"angleY":92,"contentY":93,"deviceType":4,"inverted":true,"overViewport":true,"phase":2,"pixelX":0,"pixelY":7,"pointerX":698.01171875,"pointerY":348.06640625,"source":1,"timestamp":278687582}
{"angleX":0,"angleY":90,"contentY":86,"deviceType":4,"inverted":true,"overViewport":true,"phase":2,"pixelX":0,"pixelY":8,"pointerX":698.01171875,"pointerY":348.06640625,"source":1,"timestamp":278687589}
{"angleX":0,"angleY":96,"contentY":78,"deviceType":4,"inverted":true,"overViewport":true,"phase":2,"pixelX":0,"pixelY":8,"pointerX":698.01171875,"pointerY":348.06640625,"source":1,"timestamp":278687596}
{"angleX":0,"angleY":96,"contentY":70,"deviceType":4,"inverted":true,"overViewport":true,"phase":2,"pixelX":0,"pixelY":8,"pointerX":698.01171875,"pointerY":348.06640625,"source":1,"timestamp":278687604}
{"angleX":0,"angleY":86,"contentY":62,"deviceType":4,"inverted":true,"overViewport":true,"phase":2,"pixelX":0,"pixelY":7,"pointerX":698.01171875,"pointerY":348.06640625,"source":1,"timestamp":278687611}
{"angleX":0,"angleY":0,"contentY":55,"deviceType":4,"inverted":true,"overViewport":true,"phase":3,"pixelX":0,"pixelY":0,"pointerX":698.01171875,"pointerY":348.06640625,"source":0,"timestamp":278687624}
{"angleX":0,"angleY":0,"contentY":55,"deviceType":4,"inverted":true,"overViewport":true,"phase":3,"pixelX":0,"pixelY":0,"pointerX":698.01171875,"pointerY":348.06640625,"source":0,"timestamp":278687624}
{"coastSample":1,"contentY":37.404916512059366,"endTimestamp":278687624,"flicking":true,"velocity":-914.8886827458256}
{"coastSample":2,"contentY":19.204545454545453,"endTimestamp":278687624,"flicking":true,"velocity":-664.4248608534322}
{"coastSample":3,"contentY":9.499072356215208,"endTimestamp":278687624,"flicking":true,"velocity":-476.5769944341377}
{"coastSample":4,"contentY":1.8181818181818201,"endTimestamp":278687624,"flicking":true,"velocity":-226.11317254174307}
{"coastSample":5,"contentY":0,"endTimestamp":278687624,"flicking":false,"velocity":0}
{"coastSample":6,"contentY":0,"endTimestamp":278687624,"flicking":false,"velocity":0}
{"coastSample":7,"contentY":0,"endTimestamp":278687624,"flicking":false,"velocity":0}
{"coastSample":8,"contentY":0,"endTimestamp":278687624,"flicking":false,"velocity":0}
{"coastSample":9,"contentY":0,"endTimestamp":278687624,"flicking":false,"velocity":0}
{"coastSample":10,"contentY":0,"endTimestamp":278687624,"flicking":false,"velocity":0}
{"coastSample":11,"contentY":0,"endTimestamp":278687624,"flicking":false,"velocity":0}
{"coastSample":12,"contentY":0,"endTimestamp":278687624,"flicking":false,"velocity":0}
{"coastSample":13,"contentY":0,"endTimestamp":278687624,"flicking":false,"velocity":0}
{"coastSample":14,"contentY":0,"endTimestamp":278687624,"flicking":false,"velocity":0}
{"coastSample":15,"contentY":0,"endTimestamp":278687624,"flicking":false,"velocity":0}
{"angleX":0,"angleY":0,"contentY":0,"deviceType":4,"inverted":false,"overViewport":true,"phase":1,"pixelX":0,"pixelY":0,"pointerX":698.01171875,"pointerY":348.06640625,"source":0,"timestamp":278688193}
{"angleX":0,"angleY":0,"contentY":0,"deviceType":4,"inverted":false,"overViewport":true,"phase":1,"pixelX":0,"pixelY":0,"pointerX":698.01171875,"pointerY":348.06640625,"source":0,"timestamp":278688193}
{"angleX":0,"angleY":-53,"contentY":0,"deviceType":4,"inverted":true,"overViewport":true,"phase":2,"pixelX":0,"pixelY":-4,"pointerX":698.01171875,"pointerY":348.06640625,"source":1,"timestamp":278688193}
{"angleX":0,"angleY":-59,"contentY":0,"deviceType":4,"inverted":true,"overViewport":true,"phase":2,"pixelX":0,"pixelY":-5,"pointerX":698.01171875,"pointerY":348.06640625,"source":1,"timestamp":278688201}
{"angleX":0,"angleY":-61,"contentY":0,"deviceType":4,"inverted":true,"overViewport":true,"phase":2,"pixelX":0,"pixelY":-5,"pointerX":698.01171875,"pointerY":348.06640625,"source":1,"timestamp":278688208}
{"angleX":0,"angleY":-57,"contentY":0,"deviceType":4,"inverted":true,"overViewport":true,"phase":2,"pixelX":0,"pixelY":-5,"pointerX":698.01171875,"pointerY":348.06640625,"source":1,"timestamp":278688215}
{"angleX":0,"angleY":-57,"contentY":5,"deviceType":4,"inverted":true,"overViewport":true,"phase":2,"pixelX":0,"pixelY":-5,"pointerX":698.01171875,"pointerY":348.06640625,"source":1,"timestamp":278688222}
{"angleX":0,"angleY":-53,"contentY":10,"deviceType":4,"inverted":true,"overViewport":true,"phase":2,"pixelX":0,"pixelY":-4,"pointerX":698.01171875,"pointerY":348.06640625,"source":1,"timestamp":278688230}
{"angleX":0,"angleY":-59,"contentY":14,"deviceType":4,"inverted":true,"overViewport":true,"phase":2,"pixelX":0,"pixelY":-5,"pointerX":698.01171875,"pointerY":348.06640625,"source":1,"timestamp":278688237}
{"angleX":0,"angleY":-63,"contentY":19,"deviceType":4,"inverted":true,"overViewport":true,"phase":2,"pixelX":0,"pixelY":-6,"pointerX":698.01171875,"pointerY":348.06640625,"source":1,"timestamp":278688244}
{"angleX":0,"angleY":-59,"contentY":25,"deviceType":4,"inverted":true,"overViewport":true,"phase":2,"pixelX":0,"pixelY":-4,"pointerX":698.01171875,"pointerY":348.06640625,"source":1,"timestamp":278688251}
{"angleX":0,"angleY":-59,"contentY":29,"deviceType":4,"inverted":true,"overViewport":true,"phase":2,"pixelX":0,"pixelY":-5,"pointerX":698.01171875,"pointerY":348.06640625,"source":1,"timestamp":278688258}
{"angleX":0,"angleY":-59,"contentY":34,"deviceType":4,"inverted":true,"overViewport":true,"phase":2,"pixelX":0,"pixelY":-5,"pointerX":698.01171875,"pointerY":348.06640625,"source":1,"timestamp":278688265}
{"angleX":0,"angleY":-71,"contentY":39,"deviceType":4,"inverted":true,"overViewport":true,"phase":2,"pixelX":0,"pixelY":-6,"pointerX":698.01171875,"pointerY":348.06640625,"source":1,"timestamp":278688273}
{"angleX":0,"angleY":-75,"contentY":45,"deviceType":4,"inverted":true,"overViewport":true,"phase":2,"pixelX":0,"pixelY":-7,"pointerX":698.01171875,"pointerY":348.06640625,"source":1,"timestamp":278688280}
{"angleX":0,"angleY":-86,"contentY":52,"deviceType":4,"inverted":true,"overViewport":true,"phase":2,"pixelX":0,"pixelY":-7,"pointerX":698.01171875,"pointerY":348.06640625,"source":1,"timestamp":278688287}
{"angleX":0,"angleY":-81,"contentY":59,"deviceType":4,"inverted":true,"overViewport":true,"phase":2,"pixelX":0,"pixelY":-6,"pointerX":698.01171875,"pointerY":348.06640625,"source":1,"timestamp":278688294}
{"angleX":0,"angleY":0,"contentY":65,"deviceType":4,"inverted":true,"overViewport":true,"phase":3,"pixelX":0,"pixelY":0,"pointerX":698.01171875,"pointerY":348.06640625,"source":0,"timestamp":278688308}
{"angleX":0,"angleY":0,"contentY":65,"deviceType":4,"inverted":true,"overViewport":true,"phase":3,"pixelX":0,"pixelY":0,"pointerX":698.01171875,"pointerY":348.06640625,"source":0,"timestamp":278688308}
{"coastSample":1,"contentY":91.37839086857068,"endTimestamp":278688308,"flicking":true,"velocity":861.2748806856702}
{"coastSample":2,"contentY":106.55725205211236,"endTimestamp":278688308,"flicking":true,"velocity":834.2676582856399}
{"coastSample":3,"contentY":126.03953140296707,"endTimestamp":278688308,"flicking":true,"velocity":798.2580284189283}
{"coastSample":4,"contentY":144.65757963702086,"endTimestamp":278688308,"flicking":true,"velocity":762.2483985522261}
{"coastSample":5,"contentY":158.7839539139572,"endTimestamp":278688308,"flicking":true,"velocity":733.7407749077538}
{"coastSample":6,"contentY":167.42679987845,"endTimestamp":278688308,"flicking":true,"velocity":715.7359599743955}
{"coastSample":7,"contentY":184.06431846983486,"endTimestamp":278688308,"flicking":true,"velocity":679.7263301076839}
{"coastSample":8,"contentY":195.97530574297292,"endTimestamp":278688308,"flicking":true,"velocity":652.7191077076585}
{"coastSample":9,"contentY":211.10041987995615,"endTimestamp":278688308,"flicking":true,"velocity":616.7094778409563}
{"coastSample":10,"contentY":222.46155466337825,"endTimestamp":278688308,"flicking":true,"velocity":588.2018541964745}
{"coastSample":11,"contentY":236.03825471609306,"endTimestamp":278688308,"flicking":true,"velocity":552.1922243297676}
{"coastSample":12,"contentY":245.65362808522855,"endTimestamp":278688308,"flicking":true,"velocity":525.1850019297375}
{"coastSample":13,"contentY":257.7179236835417,"endTimestamp":278688308,"flicking":true,"velocity":489.17537206303524}
{"coastSample":14,"contentY":263.42598481389786,"endTimestamp":278688308,"flicking":true,"velocity":471.1705571296723}
{"coastSample":15,"contentY":272.02188010380576,"endTimestamp":278688308,"flicking":true,"velocity":442.66293348519525}
{"angleX":0,"angleY":0,"contentY":336,"deviceType":4,"inverted":false,"overViewport":true,"phase":1,"pixelX":0,"pixelY":0,"pointerX":698.01171875,"pointerY":348.06640625,"source":0,"timestamp":278689317}
{"angleX":0,"angleY":0,"contentY":336,"deviceType":4,"inverted":false,"overViewport":true,"phase":1,"pixelX":0,"pixelY":0,"pointerX":698.01171875,"pointerY":348.06640625,"source":0,"timestamp":278689317}
{"angleX":0,"angleY":-39,"contentY":336,"deviceType":4,"inverted":true,"overViewport":true,"phase":2,"pixelX":0,"pixelY":-3,"pointerX":698.01171875,"pointerY":348.06640625,"source":1,"timestamp":278689317}
{"angleX":0,"angleY":-47,"contentY":336,"deviceType":4,"inverted":true,"overViewport":true,"phase":2,"pixelX":0,"pixelY":-4,"pointerX":698.01171875,"pointerY":348.06640625,"source":1,"timestamp":278689324}
{"angleX":0,"angleY":-45,"contentY":336,"deviceType":4,"inverted":true,"overViewport":true,"phase":2,"pixelX":0,"pixelY":-4,"pointerX":698.01171875,"pointerY":348.06640625,"source":1,"timestamp":278689331}
{"angleX":0,"angleY":-49,"contentY":336,"deviceType":4,"inverted":true,"overViewport":true,"phase":2,"pixelX":0,"pixelY":-4,"pointerX":698.01171875,"pointerY":348.06640625,"source":1,"timestamp":278689339}
{"angleX":0,"angleY":-51,"contentY":340,"deviceType":4,"inverted":true,"overViewport":true,"phase":2,"pixelX":0,"pixelY":-4,"pointerX":698.01171875,"pointerY":348.06640625,"source":1,"timestamp":278689346}
{"angleX":0,"angleY":-55,"contentY":344,"deviceType":4,"inverted":true,"overViewport":true,"phase":2,"pixelX":0,"pixelY":-5,"pointerX":698.01171875,"pointerY":348.06640625,"source":1,"timestamp":278689353}
{"angleX":0,"angleY":-59,"contentY":349,"deviceType":4,"inverted":true,"overViewport":true,"phase":2,"pixelX":0,"pixelY":-5,"pointerX":698.01171875,"pointerY":348.06640625,"source":1,"timestamp":278689360}
{"angleX":0,"angleY":-69,"contentY":354,"deviceType":4,"inverted":true,"overViewport":true,"phase":2,"pixelX":0,"pixelY":-5,"pointerX":698.01171875,"pointerY":348.06640625,"source":1,"timestamp":278689367}
{"angleX":0,"angleY":-83,"contentY":359,"deviceType":4,"inverted":true,"overViewport":true,"phase":2,"pixelX":0,"pixelY":-7,"pointerX":698.01171875,"pointerY":348.06640625,"source":1,"timestamp":278689375}
{"angleX":0,"angleY":-100,"contentY":366,"deviceType":4,"inverted":true,"overViewport":true,"phase":2,"pixelX":0,"pixelY":-9,"pointerX":698.01171875,"pointerY":348.06640625,"source":1,"timestamp":278689382}
{"angleX":0,"angleY":-108,"contentY":375,"deviceType":4,"inverted":true,"overViewport":true,"phase":2,"pixelX":0,"pixelY":-9,"pointerX":698.01171875,"pointerY":348.06640625,"source":1,"timestamp":278689389}
{"angleX":0,"angleY":-112,"contentY":384,"deviceType":4,"inverted":true,"overViewport":true,"phase":2,"pixelX":0,"pixelY":-9,"pointerX":698.01171875,"pointerY":348.06640625,"source":1,"timestamp":278689396}
{"angleX":0,"angleY":-118,"contentY":393,"deviceType":4,"inverted":true,"overViewport":true,"phase":2,"pixelX":0,"pixelY":-10,"pointerX":698.01171875,"pointerY":348.06640625,"source":1,"timestamp":278689403}
{"angleX":0,"angleY":-116,"contentY":403,"deviceType":4,"inverted":true,"overViewport":true,"phase":2,"pixelX":0,"pixelY":-10,"pointerX":698.01171875,"pointerY":348.06640625,"source":1,"timestamp":278689411}
{"angleX":0,"angleY":-116,"contentY":413,"deviceType":4,"inverted":true,"overViewport":true,"phase":2,"pixelX":0,"pixelY":-9,"pointerX":698.01171875,"pointerY":348.06640625,"source":1,"timestamp":278689418}
{"angleX":0,"angleY":0,"contentY":422,"deviceType":4,"inverted":true,"overViewport":true,"phase":3,"pixelX":0,"pixelY":0,"pointerX":698.01171875,"pointerY":348.06640625,"source":0,"timestamp":278689438}
{"angleX":0,"angleY":0,"contentY":422,"deviceType":4,"inverted":true,"overViewport":true,"phase":3,"pixelX":0,"pixelY":0,"pointerX":698.01171875,"pointerY":348.06640625,"source":0,"timestamp":278689438}
{"coastSample":1,"contentY":460.3912496034264,"endTimestamp":278689438,"flicking":true,"velocity":1253.474976205581}
{"coastSample":2,"contentY":482.48159898477155,"endTimestamp":278689438,"flicking":true,"velocity":1214.124960342635}
{"coastSample":3,"contentY":510.833597715736,"endTimestamp":278689438,"flicking":true,"velocity":1161.6582725253768}
{"coastSample":4,"contentY":537.9263959390863,"endTimestamp":278689438,"flicking":true,"velocity":1109.1915847081282}
{"coastSample":5,"contentY":545.5912689363896,"endTimestamp":278689438,"flicking":true,"velocity":1094.981856757613}
{"coastSample":6,"contentY":571.0575998374048,"endTimestamp":278689438,"flicking":true,"velocity":1041.422112944171}
{"coastSample":7,"contentY":589.3309976800444,"endTimestamp":278689438,"flicking":true,"velocity":1002.0720970812249}
{"coastSample":8,"contentY":612.5937276927348,"endTimestamp":278689438,"flicking":true,"velocity":949.6054092639573}
{"coastSample":9,"contentY":634.5972571978109,"endTimestamp":278689438,"flicking":true,"velocity":897.1387214467086}
{"coastSample":10,"contentY":651.1236913071066,"endTimestamp":278689438,"flicking":true,"velocity":855.6025935913567}
{"coastSample":11,"contentY":670.8711532360406,"endTimestamp":278689438,"flicking":true,"velocity":803.135905774127}
{"coastSample":12,"contentY":680.2726840101523,"endTimestamp":278689438,"flicking":true,"velocity":776.9025618654647}
{"coastSample":13,"contentY":693.7847299333756,"endTimestamp":278689438,"flicking":true,"velocity":737.5525460025377}
{"coastSample":14,"contentY":706.5884755710659,"endTimestamp":278689438,"flicking":true,"velocity":698.2025301395728}
{"coastSample":15,"contentY":723.1964204275064,"endTimestamp":278689438,"flicking":true,"velocity":643.5497303299561}
{"angleX":0,"angleY":0,"contentY":816,"deviceType":4,"inverted":false,"overViewport":true,"phase":1,"pixelX":0,"pixelY":0,"pointerX":698.01171875,"pointerY":348.06640625,"source":0,"timestamp":278690469}
{"angleX":0,"angleY":0,"contentY":816,"deviceType":4,"inverted":false,"overViewport":true,"phase":1,"pixelX":0,"pixelY":0,"pointerX":698.01171875,"pointerY":348.06640625,"source":0,"timestamp":278690469}
{"angleX":0,"angleY":77,"contentY":816,"deviceType":4,"inverted":true,"overViewport":true,"phase":2,"pixelX":0,"pixelY":6,"pointerX":698.01171875,"pointerY":348.06640625,"source":1,"timestamp":278690469}
{"angleX":0,"angleY":88,"contentY":816,"deviceType":4,"inverted":true,"overViewport":true,"phase":2,"pixelX":0,"pixelY":8,"pointerX":698.01171875,"pointerY":348.06640625,"source":1,"timestamp":278690476}
{"angleX":0,"angleY":94,"contentY":816,"deviceType":4,"inverted":true,"overViewport":true,"phase":2,"pixelX":0,"pixelY":8,"pointerX":698.01171875,"pointerY":348.06640625,"source":1,"timestamp":278690483}
{"angleX":0,"angleY":94,"contentY":816,"deviceType":4,"inverted":true,"overViewport":true,"phase":2,"pixelX":0,"pixelY":7,"pointerX":698.01171875,"pointerY":348.06640625,"source":1,"timestamp":278690491}
{"angleX":0,"angleY":92,"contentY":809,"deviceType":4,"inverted":true,"overViewport":true,"phase":2,"pixelX":0,"pixelY":8,"pointerX":698.01171875,"pointerY":348.06640625,"source":1,"timestamp":278690498}
{"angleX":0,"angleY":92,"contentY":801,"deviceType":4,"inverted":true,"overViewport":true,"phase":2,"pixelX":0,"pixelY":8,"pointerX":698.01171875,"pointerY":348.06640625,"source":1,"timestamp":278690505}
{"angleX":0,"angleY":96,"contentY":793,"deviceType":4,"inverted":true,"overViewport":true,"phase":2,"pixelX":0,"pixelY":8,"pointerX":698.01171875,"pointerY":348.06640625,"source":1,"timestamp":278690512}
{"angleX":0,"angleY":100,"contentY":785,"deviceType":4,"inverted":true,"overViewport":true,"phase":2,"pixelX":0,"pixelY":8,"pointerX":698.01171875,"pointerY":348.06640625,"source":1,"timestamp":278690519}
{"angleX":0,"angleY":92,"contentY":777,"deviceType":4,"inverted":true,"overViewport":true,"phase":2,"pixelX":0,"pixelY":8,"pointerX":698.01171875,"pointerY":348.06640625,"source":1,"timestamp":278690527}
{"angleX":0,"angleY":90,"contentY":769,"deviceType":4,"inverted":true,"overViewport":true,"phase":2,"pixelX":0,"pixelY":7,"pointerX":698.01171875,"pointerY":348.06640625,"source":1,"timestamp":278690534}
{"angleX":0,"angleY":92,"contentY":762,"deviceType":4,"inverted":true,"overViewport":true,"phase":2,"pixelX":0,"pixelY":8,"pointerX":698.01171875,"pointerY":348.06640625,"source":1,"timestamp":278690541}
{"angleX":0,"angleY":100,"contentY":754,"deviceType":4,"inverted":true,"overViewport":true,"phase":2,"pixelX":0,"pixelY":8,"pointerX":698.01171875,"pointerY":348.06640625,"source":1,"timestamp":278690548}
{"angleX":0,"angleY":114,"contentY":746,"deviceType":4,"inverted":true,"overViewport":true,"phase":2,"pixelX":0,"pixelY":9,"pointerX":698.01171875,"pointerY":348.06640625,"source":1,"timestamp":278690555}
{"angleX":0,"angleY":122,"contentY":737,"deviceType":4,"inverted":true,"overViewport":true,"phase":2,"pixelX":0,"pixelY":11,"pointerX":698.01171875,"pointerY":348.06640625,"source":1,"timestamp":278690563}
{"angleX":0,"angleY":143,"contentY":726,"deviceType":4,"inverted":true,"overViewport":true,"phase":2,"pixelX":0,"pixelY":12,"pointerX":698.01171875,"pointerY":348.06640625,"source":1,"timestamp":278690570}
{"angleX":0,"angleY":145,"contentY":714,"deviceType":4,"inverted":true,"overViewport":true,"phase":2,"pixelX":0,"pixelY":12,"pointerX":698.01171875,"pointerY":348.06640625,"source":1,"timestamp":278690577}
{"angleX":0,"angleY":151,"contentY":702,"deviceType":4,"inverted":true,"overViewport":true,"phase":2,"pixelX":0,"pixelY":12,"pointerX":698.01171875,"pointerY":348.06640625,"source":1,"timestamp":278690584}
{"angleX":0,"angleY":0,"contentY":690,"deviceType":4,"inverted":true,"overViewport":true,"phase":3,"pixelX":0,"pixelY":0,"pointerX":698.01171875,"pointerY":348.06640625,"source":0,"timestamp":278690598}
{"angleX":0,"angleY":0,"contentY":690,"deviceType":4,"inverted":true,"overViewport":true,"phase":3,"pixelX":0,"pixelY":0,"pointerX":698.01171875,"pointerY":348.06640625,"source":0,"timestamp":278690598}
{"coastSample":1,"contentY":641.98188246936,"endTimestamp":278690598,"flicking":true,"velocity":-1577.5156232669663}
{"coastSample":2,"contentY":614.002190550133,"endTimestamp":278690598,"flicking":true,"velocity":-1542.8831816354316}
{"coastSample":3,"contentY":577.6656430235138,"endTimestamp":278690598,"flicking":true,"velocity":-1496.7065927933543}
{"coastSample":4,"contentY":551.1405136528117,"endTimestamp":278690598,"flicking":true,"velocity":-1462.0741511618198}
{"coastSample":5,"contentY":523.8180606078199,"endTimestamp":278690598,"flicking":true,"velocity":-1425.5176849951947}
{"coastSample":6,"contentY":498.57433157748494,"endTimestamp":278690598,"flicking":true,"velocity":-1390.8852433636412}
{"coastSample":7,"contentY":465.8857345693882,"endTimestamp":278690598,"flicking":true,"velocity":-1344.7086545216014}
{"coastSample":8,"contentY":434.3053756935009,"endTimestamp":278690598,"flicking":true,"velocity":-1298.5320656795238}
{"coastSample":9,"contentY":411.3473878108478,"endTimestamp":278690598,"flicking":true,"velocity":-1263.8996240479894}
{"coastSample":10,"contentY":395.1543097283071,"endTimestamp":278690598,"flicking":true,"velocity":-1239.8493173594065}
{"coastSample":11,"contentY":366.113663238733,"endTimestamp":278690598,"flicking":true,"velocity":-1192.7107162498107}
{"coastSample":12,"contentY":345.06045964581483,"endTimestamp":278690598,"flicking":true,"velocity":-1158.0782746182667}
{"coastSample":13,"contentY":317.95922988760714,"endTimestamp":278690598,"flicking":true,"velocity":-1111.9016857762176}
{"coastSample":14,"contentY":298.3605888432139,"endTimestamp":278690598,"flicking":true,"velocity":-1077.2692441446736}
{"coastSample":15,"contentY":278.3494290315481,"endTimestamp":278690598,"flicking":true,"velocity":-1040.7127779780392}
{"angleX":0,"angleY":0,"contentY":0,"deviceType":4,"inverted":false,"overViewport":true,"phase":1,"pixelX":0,"pixelY":0,"pointerX":698.01171875,"pointerY":348.06640625,"source":0,"timestamp":278691808}
{"angleX":0,"angleY":0,"contentY":0,"deviceType":4,"inverted":false,"overViewport":true,"phase":1,"pixelX":0,"pixelY":0,"pointerX":698.01171875,"pointerY":348.06640625,"source":0,"timestamp":278691808}
{"angleX":0,"angleY":51,"contentY":0,"deviceType":4,"inverted":true,"overViewport":true,"phase":2,"pixelX":0,"pixelY":4,"pointerX":698.01171875,"pointerY":348.06640625,"source":1,"timestamp":278691808}
{"angleX":0,"angleY":55,"contentY":0,"deviceType":4,"inverted":true,"overViewport":true,"phase":2,"pixelX":0,"pixelY":5,"pointerX":698.01171875,"pointerY":348.06640625,"source":1,"timestamp":278691815}
{"angleX":0,"angleY":57,"contentY":0,"deviceType":4,"inverted":true,"overViewport":true,"phase":2,"pixelX":0,"pixelY":5,"pointerX":698.01171875,"pointerY":348.06640625,"source":1,"timestamp":278691822}
{"angleX":0,"angleY":63,"contentY":0,"deviceType":4,"inverted":true,"overViewport":true,"phase":2,"pixelX":0,"pixelY":5,"pointerX":698.01171875,"pointerY":348.06640625,"source":1,"timestamp":278691829}
{"angleX":0,"angleY":63,"contentY":0,"deviceType":4,"inverted":true,"overViewport":true,"phase":2,"pixelX":0,"pixelY":5,"pointerX":698.01171875,"pointerY":348.06640625,"source":1,"timestamp":278691836}
{"angleX":0,"angleY":0,"contentY":0,"deviceType":4,"inverted":true,"overViewport":true,"phase":3,"pixelX":0,"pixelY":0,"pointerX":698.01171875,"pointerY":348.06640625,"source":0,"timestamp":278691842}
{"angleX":0,"angleY":0,"contentY":0,"deviceType":4,"inverted":true,"overViewport":true,"phase":3,"pixelX":0,"pixelY":0,"pointerX":698.01171875,"pointerY":348.06640625,"source":0,"timestamp":278691842}
{"coastSample":1,"contentY":0,"endTimestamp":278691842,"flicking":false,"velocity":0}
{"coastSample":2,"contentY":0,"endTimestamp":278691842,"flicking":false,"velocity":0}
{"coastSample":3,"contentY":0,"endTimestamp":278691842,"flicking":false,"velocity":0}
{"coastSample":4,"contentY":0,"endTimestamp":278691842,"flicking":false,"velocity":0}
{"coastSample":5,"contentY":0,"endTimestamp":278691842,"flicking":false,"velocity":0}
{"coastSample":6,"contentY":0,"endTimestamp":278691842,"flicking":false,"velocity":0}
{"coastSample":7,"contentY":0,"endTimestamp":278691842,"flicking":false,"velocity":0}
{"coastSample":8,"contentY":0,"endTimestamp":278691842,"flicking":false,"velocity":0}
{"coastSample":9,"contentY":0,"endTimestamp":278691842,"flicking":false,"velocity":0}
{"coastSample":10,"contentY":0,"endTimestamp":278691842,"flicking":false,"velocity":0}
{"coastSample":11,"contentY":0,"endTimestamp":278691842,"flicking":false,"velocity":0}
{"coastSample":12,"contentY":0,"endTimestamp":278691842,"flicking":false,"velocity":0}
{"coastSample":13,"contentY":0,"endTimestamp":278691842,"flicking":false,"velocity":0}
{"coastSample":14,"contentY":0,"endTimestamp":278691842,"flicking":false,"velocity":0}
{"coastSample":15,"contentY":0,"endTimestamp":278691842,"flicking":false,"velocity":0}
{"angleX":0,"angleY":0,"contentY":0,"deviceType":4,"inverted":false,"overViewport":true,"phase":1,"pixelX":0,"pixelY":0,"pointerX":698.01171875,"pointerY":348.06640625,"source":0,"timestamp":278692167}
{"angleX":0,"angleY":0,"contentY":0,"deviceType":4,"inverted":false,"overViewport":true,"phase":1,"pixelX":0,"pixelY":0,"pointerX":698.01171875,"pointerY":348.06640625,"source":0,"timestamp":278692167}
{"angleX":0,"angleY":-102,"contentY":0,"deviceType":4,"inverted":true,"overViewport":true,"phase":2,"pixelX":0,"pixelY":-8,"pointerX":698.01171875,"pointerY":348.06640625,"source":1,"timestamp":278692167}
{"angleX":0,"angleY":-132,"contentY":0,"deviceType":4,"inverted":true,"overViewport":true,"phase":2,"pixelX":0,"pixelY":-12,"pointerX":698.01171875,"pointerY":348.06640625,"source":1,"timestamp":278692174}
{"angleX":0,"angleY":-157,"contentY":0,"deviceType":4,"inverted":true,"overViewport":true,"phase":2,"pixelX":0,"pixelY":-13,"pointerX":698.01171875,"pointerY":348.06640625,"source":1,"timestamp":278692182}
{"angleX":0,"angleY":-169,"contentY":0,"deviceType":4,"inverted":true,"overViewport":true,"phase":2,"pixelX":0,"pixelY":-14,"pointerX":698.01171875,"pointerY":348.06640625,"source":1,"timestamp":278692189}
{"angleX":0,"angleY":-183,"contentY":14,"deviceType":4,"inverted":true,"overViewport":true,"phase":2,"pixelX":0,"pixelY":-15,"pointerX":698.01171875,"pointerY":348.06640625,"source":1,"timestamp":278692196}
{"angleX":0,"angleY":-191,"contentY":29,"deviceType":4,"inverted":true,"overViewport":true,"phase":2,"pixelX":0,"pixelY":-16,"pointerX":698.01171875,"pointerY":348.06640625,"source":1,"timestamp":278692203}
{"angleX":0,"angleY":-189,"contentY":45,"deviceType":4,"inverted":true,"overViewport":true,"phase":2,"pixelX":0,"pixelY":-16,"pointerX":698.01171875,"pointerY":348.06640625,"source":1,"timestamp":278692210}
{"angleX":0,"angleY":-206,"contentY":61,"deviceType":4,"inverted":true,"overViewport":true,"phase":2,"pixelX":0,"pixelY":-17,"pointerX":698.01171875,"pointerY":348.06640625,"source":1,"timestamp":278692218}
{"angleX":0,"angleY":-220,"contentY":78,"deviceType":4,"inverted":true,"overViewport":true,"phase":2,"pixelX":0,"pixelY":-18,"pointerX":698.01171875,"pointerY":348.06640625,"source":1,"timestamp":278692225}
{"angleX":0,"angleY":-232,"contentY":96,"deviceType":4,"inverted":true,"overViewport":true,"phase":2,"pixelX":0,"pixelY":-19,"pointerX":698.01171875,"pointerY":348.06640625,"source":1,"timestamp":278692232}
{"angleX":0,"angleY":-253,"contentY":115,"deviceType":4,"inverted":true,"overViewport":true,"phase":2,"pixelX":0,"pixelY":-22,"pointerX":698.01171875,"pointerY":348.06640625,"source":1,"timestamp":278692239}
{"angleX":0,"angleY":-267,"contentY":137,"deviceType":4,"inverted":true,"overViewport":true,"phase":2,"pixelX":0,"pixelY":-22,"pointerX":698.01171875,"pointerY":348.06640625,"source":1,"timestamp":278692246}
{"angleX":0,"angleY":0,"contentY":159,"deviceType":4,"inverted":true,"overViewport":true,"phase":3,"pixelX":0,"pixelY":0,"pointerX":698.01171875,"pointerY":348.06640625,"source":0,"timestamp":278692267}
{"angleX":0,"angleY":0,"contentY":159,"deviceType":4,"inverted":true,"overViewport":true,"phase":3,"pixelX":0,"pixelY":0,"pointerX":698.01171875,"pointerY":348.06640625,"source":0,"timestamp":278692267}
{"coastSample":1,"contentY":231.8595890410959,"endTimestamp":278692267,"flicking":true,"velocity":2371.575342465756}
{"coastSample":2,"contentY":287.06506849315065,"endTimestamp":278692267,"flicking":true,"velocity":2257.420091324197}
{"coastSample":3,"contentY":339.5308219178082,"endTimestamp":278692267,"flicking":true,"velocity":2143.2648401826477}
{"coastSample":4,"contentY":364.736301369863,"endTimestamp":278692267,"flicking":true,"velocity":2086.1872146118685}
{"coastSample":5,"contentY":403.24419710806694,"endTimestamp":278692267,"flicking":true,"velocity":1995.8143074581376}
{"coastSample":6,"contentY":438.14145738203956,"endTimestamp":278692267,"flicking":true,"velocity":1910.1978691019783}
{"coastSample":7,"contentY":471.49762176560125,"endTimestamp":278692267,"flicking":true,"velocity":1824.5814307458088}
{"coastSample":8,"contentY":513.5752473363775,"endTimestamp":278692267,"flicking":true,"velocity":1710.4261796042692}
{"coastSample":9,"contentY":543.3355213089802,"endTimestamp":278692267,"flicking":true,"velocity":1624.8097412481002}
{"coastSample":10,"contentY":582.1126331811263,"endTimestamp":278692267,"flicking":true,"velocity":1505.89802130897}
{"coastSample":11,"contentY":599.6697108066971,"endTimestamp":278692267,"flicking":true,"velocity":1448.8203957382095}
{"coastSample":12,"contentY":624.7210806697108,"endTimestamp":278692267,"flicking":true,"velocity":1363.2039573820407}
{"coastSample":13,"contentY":655.7256468797564,"endTimestamp":278692267,"flicking":true,"velocity":1249.048706240463}
{"coastSample":14,"contentY":683.9904870624049,"endTimestamp":278692267,"flicking":true,"velocity":1134.893455098961}
{"coastSample":15,"contentY":704.423801369863,"endTimestamp":278692267,"flicking":true,"velocity":1044.5205479452018}
{"angleX":0,"angleY":0,"contentY":816,"deviceType":4,"inverted":false,"overViewport":true,"phase":1,"pixelX":0,"pixelY":0,"pointerX":698.01171875,"pointerY":348.06640625,"source":0,"timestamp":278693679}
{"angleX":0,"angleY":0,"contentY":816,"deviceType":4,"inverted":false,"overViewport":true,"phase":1,"pixelX":0,"pixelY":0,"pointerX":698.01171875,"pointerY":348.06640625,"source":0,"timestamp":278693679}
{"angleX":0,"angleY":253,"contentY":816,"deviceType":4,"inverted":true,"overViewport":true,"phase":2,"pixelX":0,"pixelY":21,"pointerX":698.01171875,"pointerY":348.06640625,"source":1,"timestamp":278693679}
{"angleX":0,"angleY":289,"contentY":816,"deviceType":4,"inverted":true,"overViewport":true,"phase":2,"pixelX":0,"pixelY":24,"pointerX":698.01171875,"pointerY":348.06640625,"source":1,"timestamp":278693686}
{"angleX":0,"angleY":344,"contentY":816,"deviceType":4,"inverted":true,"overViewport":true,"phase":2,"pixelX":0,"pixelY":29,"pointerX":698.01171875,"pointerY":348.06640625,"source":1,"timestamp":278693693}
{"angleX":0,"angleY":365,"contentY":816,"deviceType":4,"inverted":true,"overViewport":true,"phase":2,"pixelX":0,"pixelY":30,"pointerX":698.01171875,"pointerY":348.06640625,"source":1,"timestamp":278693700}
{"angleX":0,"angleY":385,"contentY":786,"deviceType":4,"inverted":true,"overViewport":true,"phase":2,"pixelX":0,"pixelY":32,"pointerX":698.01171875,"pointerY":348.06640625,"source":1,"timestamp":278693707}
{"angleX":0,"angleY":395,"contentY":754,"deviceType":4,"inverted":true,"overViewport":true,"phase":2,"pixelX":0,"pixelY":33,"pointerX":698.01171875,"pointerY":348.06640625,"source":1,"timestamp":278693714}
{"angleX":0,"angleY":401,"contentY":721,"deviceType":4,"inverted":true,"overViewport":true,"phase":2,"pixelX":0,"pixelY":34,"pointerX":698.01171875,"pointerY":348.06640625,"source":1,"timestamp":278693722}
{"angleX":0,"angleY":393,"contentY":687,"deviceType":4,"inverted":true,"overViewport":true,"phase":2,"pixelX":0,"pixelY":32,"pointerX":698.01171875,"pointerY":348.06640625,"source":1,"timestamp":278693729}
{"angleX":0,"angleY":375,"contentY":655,"deviceType":4,"inverted":true,"overViewport":true,"phase":2,"pixelX":0,"pixelY":32,"pointerX":698.01171875,"pointerY":348.06640625,"source":1,"timestamp":278693736}
{"angleX":0,"angleY":0,"contentY":623,"deviceType":4,"inverted":true,"overViewport":true,"phase":3,"pixelX":0,"pixelY":0,"pointerX":698.01171875,"pointerY":348.06640625,"source":0,"timestamp":278693764}
{"angleX":0,"angleY":0,"contentY":623,"deviceType":4,"inverted":true,"overViewport":true,"phase":3,"pixelX":0,"pixelY":0,"pointerX":698.01171875,"pointerY":348.06640625,"source":0,"timestamp":278693764}
{"coastSample":1,"contentY":550.2572231139646,"endTimestamp":278693764,"flicking":true,"velocity":-2364.5666131621206}
{"coastSample":2,"contentY":508.7784911717496,"endTimestamp":278693764,"flicking":true,"velocity":-2274.277688603528}
{"coastSample":3,"contentY":456.00160513643664,"endTimestamp":278693764,"flicking":true,"velocity":-2153.8924558587382}
{"coastSample":4,"contentY":418.3150080256822,"endTimestamp":278693764,"flicking":true,"velocity":-2063.603531300165}
{"coastSample":5,"contentY":380.29785313001605,"endTimestamp":278693764,"flicking":true,"velocity":-1968.2985553772025}
{"coastSample":6,"contentY":345.9519462279294,"endTimestamp":278693764,"flicking":true,"velocity":-1878.0096308186196}
{"coastSample":7,"contentY":302.68549357945426,"endTimestamp":278693764,"flicking":true,"velocity":-1757.6243980738393}
{"coastSample":8,"contentY":272.13172150882826,"endTimestamp":278693764,"flicking":true,"velocity":-1667.3354735152468}
{"coastSample":9,"contentY":233.92144863563402,"endTimestamp":278693764,"flicking":true,"velocity":-1546.950240770466}
{"coastSample":10,"contentY":214.43057784911718,"endTimestamp":278693764,"flicking":true,"velocity":-1484.2495987158893}
{"coastSample":11,"contentY":188.8426966292135,"endTimestamp":278693764,"flicking":true,"velocity":-1391.4526484751186}
{"coastSample":12,"contentY":157.25361155698238,"endTimestamp":278693764,"flicking":true,"velocity":-1271.0674157303288}
{"coastSample":13,"contentY":135.45786516853934,"endTimestamp":278693764,"flicking":true,"velocity":-1180.7784911717551}
{"coastSample":14,"contentY":108.92495987158907,"endTimestamp":278693764,"flicking":true,"velocity":-1060.3932584269842}
{"coastSample":15,"contentY":84.3588483146068,"endTimestamp":278693764,"flicking":true,"velocity":-934.9919743178058}
{"angleX":0,"angleY":0,"contentY":0,"deviceType":4,"inverted":false,"overViewport":true,"phase":1,"pixelX":0,"pixelY":0,"pointerX":698.01171875,"pointerY":348.06640625,"source":0,"timestamp":278694326}
{"angleX":0,"angleY":0,"contentY":0,"deviceType":4,"inverted":false,"overViewport":true,"phase":1,"pixelX":0,"pixelY":0,"pointerX":698.01171875,"pointerY":348.06640625,"source":0,"timestamp":278694326}
{"angleX":0,"angleY":-297,"contentY":0,"deviceType":4,"inverted":true,"overViewport":true,"phase":2,"pixelX":0,"pixelY":-25,"pointerX":698.01171875,"pointerY":348.06640625,"source":1,"timestamp":278694326}
{"angleX":0,"angleY":-310,"contentY":0,"deviceType":4,"inverted":true,"overViewport":true,"phase":2,"pixelX":0,"pixelY":-26,"pointerX":698.01171875,"pointerY":348.06640625,"source":1,"timestamp":278694334}
{"angleX":0,"angleY":-324,"contentY":0,"deviceType":4,"inverted":true,"overViewport":true,"phase":2,"pixelX":0,"pixelY":-27,"pointerX":698.01171875,"pointerY":348.06640625,"source":1,"timestamp":278694341}
{"angleX":0,"angleY":-316,"contentY":0,"deviceType":4,"inverted":true,"overViewport":true,"phase":2,"pixelX":0,"pixelY":-26,"pointerX":698.01171875,"pointerY":348.06640625,"source":1,"timestamp":278694348}
{"angleX":0,"angleY":-326,"contentY":26,"deviceType":4,"inverted":true,"overViewport":true,"phase":2,"pixelX":0,"pixelY":-27,"pointerX":698.01171875,"pointerY":348.06640625,"source":1,"timestamp":278694355}
{"angleX":0,"angleY":-340,"contentY":53,"deviceType":4,"inverted":true,"overViewport":true,"phase":2,"pixelX":0,"pixelY":-28,"pointerX":698.01171875,"pointerY":348.06640625,"source":1,"timestamp":278694362}
{"angleX":0,"angleY":0,"contentY":81,"deviceType":4,"inverted":true,"overViewport":true,"phase":3,"pixelX":0,"pixelY":0,"pointerX":698.01171875,"pointerY":348.06640625,"source":0,"timestamp":278694376}
{"angleX":0,"angleY":0,"contentY":81,"deviceType":4,"inverted":true,"overViewport":true,"phase":3,"pixelX":0,"pixelY":0,"pointerX":698.01171875,"pointerY":348.06640625,"source":0,"timestamp":278694376}
{"coastSample":1,"contentY":154.08673469387753,"endTimestamp":278694376,"flicking":true,"velocity":2385.2040816326507}
{"coastSample":2,"contentY":209.80102040816325,"endTimestamp":278694376,"flicking":true,"velocity":2283.1632653061197}
{"coastSample":3,"contentY":249.9795918367347,"endTimestamp":278694376,"flicking":true,"velocity":2206.6326530612246}
{"coastSample":4,"contentY":301.40816326530614,"endTimestamp":278694376,"flicking":true,"velocity":2104.5918367346985}
{"coastSample":5,"contentY":340.38562925170066,"endTimestamp":278694376,"flicking":true,"velocity":2023.8095238095277}
{"coastSample":6,"contentY":364.2121598639456,"endTimestamp":278694376,"flicking":true,"velocity":1972.7891156462647}
{"coastSample":7,"contentY":410.02848639455783,"endTimestamp":278694376,"flicking":true,"velocity":1870.7482993197289}
{"coastSample":8,"contentY":442.78358843537416,"endTimestamp":278694376,"flicking":true,"velocity":1794.2176870748292}
{"coastSample":9,"contentY":484.3142006802721,"endTimestamp":278694376,"flicking":true,"velocity":1692.1768707483031}
{"coastSample":10,"contentY":515.4557823129252,"endTimestamp":278694376,"flicking":true,"velocity":1611.3945578231323}
{"coastSample":11,"contentY":543.5425170068027,"endTimestamp":278694376,"flicking":true,"velocity":1534.863945578233}
{"coastSample":12,"contentY":570.251700680272,"endTimestamp":278694376,"flicking":true,"velocity":1458.3333333333333}
{"coastSample":13,"contentY":587.2925170068027,"endTimestamp":278694376,"flicking":true,"velocity":1407.3129251700605}
{"coastSample":14,"contentY":619.5374149659863,"endTimestamp":278694376,"flicking":true,"velocity":1305.2721088434964}
{"coastSample":15,"contentY":643.327806122449,"endTimestamp":278694376,"flicking":true,"velocity":1226.6156462585027}
{"angleX":0,"angleY":0,"contentY":754.5629251700681,"deviceType":4,"inverted":false,"overViewport":true,"phase":1,"pixelX":0,"pixelY":0,"pointerX":698.01171875,"pointerY":348.06640625,"source":0,"timestamp":278694816}
{"angleX":0,"angleY":0,"contentY":754.5629251700681,"deviceType":4,"inverted":false,"overViewport":true,"phase":1,"pixelX":0,"pixelY":0,"pointerX":698.01171875,"pointerY":348.06640625,"source":0,"timestamp":278694816}
{"angleX":0,"angleY":179,"contentY":754.5629251700681,"deviceType":4,"inverted":true,"overViewport":true,"phase":2,"pixelX":0,"pixelY":15,"pointerX":698.01171875,"pointerY":348.06640625,"source":1,"timestamp":278694816}
{"angleX":0,"angleY":220,"contentY":754.5629251700681,"deviceType":4,"inverted":true,"overViewport":true,"phase":2,"pixelX":0,"pixelY":18,"pointerX":698.01171875,"pointerY":348.06640625,"source":1,"timestamp":278694823}
{"angleX":0,"angleY":277,"contentY":754.5629251700681,"deviceType":4,"inverted":true,"overViewport":true,"phase":2,"pixelX":0,"pixelY":23,"pointerX":698.01171875,"pointerY":348.06640625,"source":1,"timestamp":278694830}
{"angleX":0,"angleY":328,"contentY":713.5629251700681,"deviceType":4,"inverted":true,"overViewport":true,"phase":2,"pixelX":0,"pixelY":28,"pointerX":698.01171875,"pointerY":348.06640625,"source":1,"timestamp":278694837}
{"angleX":0,"angleY":413,"contentY":685.5629251700681,"deviceType":4,"inverted":true,"overViewport":true,"phase":2,"pixelX":0,"pixelY":34,"pointerX":698.01171875,"pointerY":348.06640625,"source":1,"timestamp":278694845}
{"angleX":0,"angleY":466,"contentY":651.5629251700681,"deviceType":4,"inverted":true,"overViewport":true,"phase":2,"pixelX":0,"pixelY":39,"pointerX":698.01171875,"pointerY":348.06640625,"source":1,"timestamp":278694852}
{"angleX":0,"angleY":495,"contentY":612.5629251700681,"deviceType":4,"inverted":true,"overViewport":true,"phase":2,"pixelX":0,"pixelY":41,"pointerX":698.01171875,"pointerY":348.06640625,"source":1,"timestamp":278694859}
{"angleX":0,"angleY":519,"contentY":571.5629251700681,"deviceType":4,"inverted":true,"overViewport":true,"phase":2,"pixelX":0,"pixelY":43,"pointerX":698.01171875,"pointerY":348.06640625,"source":1,"timestamp":278694866}
{"angleX":0,"angleY":523,"contentY":528.5629251700681,"deviceType":4,"inverted":true,"overViewport":true,"phase":2,"pixelX":0,"pixelY":44,"pointerX":698.01171875,"pointerY":348.06640625,"source":1,"timestamp":278694873}
{"angleX":0,"angleY":497,"contentY":484.56292517006807,"deviceType":4,"inverted":true,"overViewport":true,"phase":2,"pixelX":0,"pixelY":42,"pointerX":698.01171875,"pointerY":348.06640625,"source":1,"timestamp":278694881}
{"angleX":0,"angleY":472,"contentY":442.56292517006807,"deviceType":4,"inverted":true,"overViewport":true,"phase":2,"pixelX":0,"pixelY":39,"pointerX":698.01171875,"pointerY":348.06640625,"source":1,"timestamp":278694888}
{"angleX":0,"angleY":475,"contentY":403.56292517006807,"deviceType":4,"inverted":true,"overViewport":true,"phase":2,"pixelX":0,"pixelY":39,"pointerX":698.01171875,"pointerY":348.06640625,"source":1,"timestamp":278694895}
{"angleX":0,"angleY":0,"contentY":364.56292517006807,"deviceType":4,"inverted":true,"overViewport":true,"phase":3,"pixelX":0,"pixelY":0,"pointerX":698.01171875,"pointerY":348.06640625,"source":0,"timestamp":278694923}
{"angleX":0,"angleY":0,"contentY":364,"deviceType":4,"inverted":true,"overViewport":true,"phase":3,"pixelX":0,"pixelY":0,"pointerX":698.01171875,"pointerY":348.06640625,"source":0,"timestamp":278694923}
{"coastSample":1,"contentY":306.4725274725275,"endTimestamp":278694923,"flicking":true,"velocity":-2319.7115384615377}
{"coastSample":2,"contentY":253.8901098901099,"endTimestamp":278694923,"flicking":true,"velocity":-2113.667582417577}
{"coastSample":3,"contentY":217.69848901098902,"endTimestamp":278694923,"flicking":true,"velocity":-1959.1346153846132}
{"coastSample":4,"contentY":184.28846153846155,"endTimestamp":278694923,"flicking":true,"velocity":-1804.6016483516448}
{"coastSample":5,"contentY":152.04000686813185,"endTimestamp":278694923,"flicking":true,"velocity":-1645.776098901101}
{"coastSample":6,"contentY":124.34769917582418,"endTimestamp":278694923,"flicking":true,"velocity":-1486.95054945055}
{"coastSample":7,"contentY":99.43698489010984,"endTimestamp":278694923,"flicking":true,"velocity":-1332.4175824175863}
{"coastSample":8,"contentY":70.54962225274727,"endTimestamp":278694923,"flicking":true,"velocity":-1126.3736263736157}
{"coastSample":9,"contentY":52.12929258241758,"endTimestamp":278694923,"flicking":true,"velocity":-971.8406593406617}
{"coastSample":10,"contentY":36.49055631868134,"endTimestamp":278694923,"flicking":true,"velocity":-817.3076923076887}
{"coastSample":11,"contentY":26.92582417582412,"endTimestamp":278694923,"flicking":true,"velocity":-705.7005494505498}
{"coastSample":12,"contentY":13.079670329670307,"endTimestamp":278694923,"flicking":true,"velocity":-499.6565934065984}
{"coastSample":13,"contentY":5.94024725274727,"endTimestamp":278694923,"flicking":true,"velocity":-345.1236263736253}
{"coastSample":14,"contentY":1.5824175824175768,"endTimestamp":278694923,"flicking":true,"velocity":-190.59065934066174}
{"coastSample":15,"contentY":0.006181318681285575,"endTimestamp":278694923,"flicking":true,"velocity":-36.05769230769814}
{"angleX":0,"angleY":0,"contentY":0,"deviceType":4,"inverted":false,"overViewport":true,"phase":1,"pixelX":0,"pixelY":0,"pointerX":698.01171875,"pointerY":348.06640625,"source":0,"timestamp":278695406}
{"angleX":0,"angleY":0,"contentY":0,"deviceType":4,"inverted":false,"overViewport":true,"phase":1,"pixelX":0,"pixelY":0,"pointerX":698.01171875,"pointerY":348.06640625,"source":0,"timestamp":278695406}
{"angleX":0,"angleY":-238,"contentY":0,"deviceType":4,"inverted":true,"overViewport":true,"phase":2,"pixelX":0,"pixelY":-20,"pointerX":698.01171875,"pointerY":348.06640625,"source":1,"timestamp":278695406}
{"angleX":0,"angleY":-281,"contentY":0,"deviceType":4,"inverted":true,"overViewport":true,"phase":2,"pixelX":0,"pixelY":-23,"pointerX":698.01171875,"pointerY":348.06640625,"source":1,"timestamp":278695414}
{"angleX":0,"angleY":-312,"contentY":0,"deviceType":4,"inverted":true,"overViewport":true,"phase":2,"pixelX":0,"pixelY":-26,"pointerX":698.01171875,"pointerY":348.06640625,"source":1,"timestamp":278695421}
{"angleX":0,"angleY":-350,"contentY":0,"deviceType":4,"inverted":true,"overViewport":true,"phase":2,"pixelX":0,"pixelY":-29,"pointerX":698.01171875,"pointerY":348.06640625,"source":1,"timestamp":278695428}
{"angleX":0,"angleY":-395,"contentY":29,"deviceType":4,"inverted":true,"overViewport":true,"phase":2,"pixelX":0,"pixelY":-33,"pointerX":698.01171875,"pointerY":348.06640625,"source":1,"timestamp":278695435}
{"angleX":0,"angleY":-415,"contentY":62,"deviceType":4,"inverted":true,"overViewport":true,"phase":2,"pixelX":0,"pixelY":-35,"pointerX":698.01171875,"pointerY":348.06640625,"source":1,"timestamp":278695442}
{"angleX":0,"angleY":-456,"contentY":97,"deviceType":4,"inverted":true,"overViewport":true,"phase":2,"pixelX":0,"pixelY":-38,"pointerX":698.01171875,"pointerY":348.06640625,"source":1,"timestamp":278695449}
{"angleX":0,"angleY":-468,"contentY":135,"deviceType":4,"inverted":true,"overViewport":true,"phase":2,"pixelX":0,"pixelY":-39,"pointerX":698.01171875,"pointerY":348.06640625,"source":1,"timestamp":278695457}
{"angleX":0,"angleY":0,"contentY":174,"deviceType":4,"inverted":true,"overViewport":true,"phase":3,"pixelX":0,"pixelY":0,"pointerX":698.01171875,"pointerY":348.06640625,"source":0,"timestamp":278695477}
{"angleX":0,"angleY":0,"contentY":174,"deviceType":4,"inverted":true,"overViewport":true,"phase":3,"pixelX":0,"pixelY":0,"pointerX":698.01171875,"pointerY":348.06640625,"source":0,"timestamp":278695477}
{"coastSample":1,"contentY":246.80957943925233,"endTimestamp":278695477,"flicking":true,"velocity":2368.5747663551383}
{"coastSample":2,"contentY":288.392523364486,"endTimestamp":278695477,"flicking":true,"velocity":2280.957943925235}
{"coastSample":3,"contentY":341.3831775700935,"endTimestamp":278695477,"flicking":true,"velocity":2164.135514018691}
{"coastSample":4,"contentY":379.28621495327104,"endTimestamp":278695477,"flicking":true,"velocity":2076.518691588793}
{"coastSample":5,"contentY":429.3129867601246,"endTimestamp":278695477,"flicking":true,"velocity":1954.8286604361354}
{"coastSample":6,"contentY":452.24522975077883,"endTimestamp":278695477,"flicking":true,"velocity":1896.4174454828726}
{"coastSample":7,"contentY":485.32934190031153,"endTimestamp":278695477,"flicking":true,"velocity":1808.8006230529554}
{"coastSample":8,"contentY":526.9882204049844,"endTimestamp":278695477,"flicking":true,"velocity":1691.978193146421}
{"coastSample":9,"contentY":565.8433605919004,"endTimestamp":278695477,"flicking":true,"velocity":1575.1557632398772}
{"coastSample":10,"contentY":594.6152647975077,"endTimestamp":278695477,"flicking":true,"velocity":1482.671339563846}
{"coastSample":11,"contentY":620.2519470404984,"endTimestamp":278695477,"flicking":true,"velocity":1395.0545171339475}
{"coastSample":12,"contentY":644.3115264797508,"endTimestamp":278695477,"flicking":true,"velocity":1307.4376947040491}
{"coastSample":13,"contentY":666.7940031152648,"endTimestamp":278695477,"flicking":true,"velocity":1219.8208722741508}
{"coastSample":14,"contentY":694.3173676012461,"endTimestamp":278695477,"flicking":true,"velocity":1102.9984423676258}
{"coastSample":15,"contentY":720.0061331775701,"endTimestamp":278695477,"flicking":true,"velocity":981.3084112149492}
{"angleX":0,"angleY":0,"contentY":776.9921144859813,"deviceType":4,"inverted":false,"overViewport":true,"phase":1,"pixelX":0,"pixelY":0,"pointerX":698.01171875,"pointerY":348.06640625,"source":0,"timestamp":278695867}
{"angleX":0,"angleY":0,"contentY":776.9921144859813,"deviceType":4,"inverted":false,"overViewport":true,"phase":1,"pixelX":0,"pixelY":0,"pointerX":698.01171875,"pointerY":348.06640625,"source":0,"timestamp":278695867}
{"angleX":0,"angleY":198,"contentY":776.9921144859813,"deviceType":4,"inverted":true,"overViewport":true,"phase":2,"pixelX":0,"pixelY":16,"pointerX":698.01171875,"pointerY":348.06640625,"source":1,"timestamp":278695867}
{"angleX":0,"angleY":244,"contentY":776.9921144859813,"deviceType":4,"inverted":true,"overViewport":true,"phase":2,"pixelX":0,"pixelY":21,"pointerX":698.01171875,"pointerY":348.06640625,"source":1,"timestamp":278695874}
{"angleX":0,"angleY":312,"contentY":776.9921144859813,"deviceType":4,"inverted":true,"overViewport":true,"phase":2,"pixelX":0,"pixelY":26,"pointerX":698.01171875,"pointerY":348.06640625,"source":1,"timestamp":278695881}
{"angleX":0,"angleY":389,"contentY":729.9921144859813,"deviceType":4,"inverted":true,"overViewport":true,"phase":2,"pixelX":0,"pixelY":32,"pointerX":698.01171875,"pointerY":348.06640625,"source":1,"timestamp":278695889}
{"angleX":0,"angleY":472,"contentY":697.9921144859813,"deviceType":4,"inverted":true,"overViewport":true,"phase":2,"pixelX":0,"pixelY":40,"pointerX":698.01171875,"pointerY":348.06640625,"source":1,"timestamp":278695896}
{"angleX":0,"angleY":572,"contentY":657.9921144859813,"deviceType":4,"inverted":true,"overViewport":true,"phase":2,"pixelX":0,"pixelY":47,"pointerX":698.01171875,"pointerY":348.06640625,"source":1,"timestamp":278695903}
{"angleX":0,"angleY":674,"contentY":610.9921144859813,"deviceType":4,"inverted":true,"overViewport":true,"phase":2,"pixelX":0,"pixelY":56,"pointerX":698.01171875,"pointerY":348.06640625,"source":1,"timestamp":278695910}
{"angleX":0,"angleY":778,"contentY":554.9921144859813,"deviceType":4,"inverted":true,"overViewport":true,"phase":2,"pixelX":0,"pixelY":65,"pointerX":698.01171875,"pointerY":348.06640625,"source":1,"timestamp":278695917}
{"angleX":0,"angleY":829,"contentY":489.99211448598135,"deviceType":4,"inverted":true,"overViewport":true,"phase":2,"pixelX":0,"pixelY":69,"pointerX":698.01171875,"pointerY":348.06640625,"source":1,"timestamp":278695925}
{"angleX":0,"angleY":0,"contentY":420.99211448598135,"deviceType":4,"inverted":true,"overViewport":true,"phase":3,"pixelX":0,"pixelY":0,"pointerX":698.01171875,"pointerY":348.06640625,"source":0,"timestamp":278695945}
{"angleX":0,"angleY":0,"contentY":421,"deviceType":4,"inverted":true,"overViewport":true,"phase":3,"pixelX":0,"pixelY":0,"pointerX":698.01171875,"pointerY":348.06640625,"source":0,"timestamp":278695945}
{"coastSample":1,"contentY":363.1377672209026,"endTimestamp":278695945,"flicking":true,"velocity":-2344.121140142515}
{"coastSample":2,"contentY":322.5469121140143,"endTimestamp":278695945,"flicking":true,"velocity":-2210.5106888360997}
{"coastSample":3,"contentY":272.166864608076,"endTimestamp":278695945,"flicking":true,"velocity":-2032.3634204275434}
{"coastSample":4,"contentY":237.18764845605702,"endTimestamp":278695945,"flicking":true,"velocity":-1898.7529691211384}
{"coastSample":5,"contentY":192.59516033254158,"endTimestamp":278695945,"flicking":true,"velocity":-1713.18289786223}
{"coastSample":6,"contentY":172.83862826603325,"endTimestamp":278695945,"flicking":true,"velocity":-1624.1092636579567}
{"coastSample":7,"contentY":145.20798693586693,"endTimestamp":278695945,"flicking":true,"velocity":-1490.498812351556}
{"coastSample":8,"contentY":112.10822446555824,"endTimestamp":278695945,"flicking":true,"velocity":-1312.3515439429905}
{"coastSample":9,"contentY":90.08922209026127,"endTimestamp":278695945,"flicking":true,"velocity":-1178.7410926365756}
{"coastSample":10,"contentY":63.497030878859846,"endTimestamp":278695945,"flicking":true,"velocity":-996.8824228028552}
{"coastSample":11,"contentY":42.333135391923975,"endTimestamp":278695945,"flicking":true,"velocity":-815.0237529691253}
{"coastSample":12,"contentY":33.354513064133016,"endTimestamp":278695945,"flicking":true,"velocity":-725.9501187648425}
{"coastSample":13,"contentY":21.89073634204283,"endTimestamp":278695945,"flicking":true,"velocity":-592.3396674584183}
{"coastSample":14,"contentY":10.346793349168706,"endTimestamp":278695945,"flicking":true,"velocity":-414.1923990498621}
{"coastSample":15,"contentY":4.240053444180546,"endTimestamp":278695945,"flicking":true,"velocity":-276.8705463182804}
{"angleX":0,"angleY":0,"contentY":0,"deviceType":4,"inverted":false,"overViewport":true,"phase":1,"pixelX":0,"pixelY":0,"pointerX":704.78515625,"pointerY":474.875,"source":0,"timestamp":278738037}
{"angleX":0,"angleY":0,"contentY":0,"deviceType":4,"inverted":false,"overViewport":true,"phase":1,"pixelX":0,"pixelY":0,"pointerX":704.78515625,"pointerY":474.875,"source":0,"timestamp":278738037}
{"angleX":0,"angleY":-47,"contentY":0,"deviceType":4,"inverted":true,"overViewport":true,"phase":2,"pixelX":0,"pixelY":-4,"pointerX":704.78515625,"pointerY":474.875,"source":1,"timestamp":278738037}
{"angleX":0,"angleY":-37,"contentY":0,"deviceType":4,"inverted":true,"overViewport":true,"phase":2,"pixelX":0,"pixelY":-3,"pointerX":704.78515625,"pointerY":474.875,"source":1,"timestamp":278738044}
{"angleX":0,"angleY":-39,"contentY":0,"deviceType":4,"inverted":true,"overViewport":true,"phase":2,"pixelX":0,"pixelY":-3,"pointerX":704.78515625,"pointerY":474.875,"source":1,"timestamp":278738051}
{"angleX":0,"angleY":-51,"contentY":0,"deviceType":4,"inverted":true,"overViewport":true,"phase":2,"pixelX":0,"pixelY":-4,"pointerX":704.78515625,"pointerY":474.875,"source":1,"timestamp":278738058}
{"angleX":0,"angleY":-67,"contentY":4,"deviceType":4,"inverted":true,"overViewport":true,"phase":2,"pixelX":0,"pixelY":-6,"pointerX":704.78515625,"pointerY":474.875,"source":1,"timestamp":278738066}
{"angleX":0,"angleY":-92,"contentY":10,"deviceType":4,"inverted":true,"overViewport":true,"phase":2,"pixelX":0,"pixelY":-8,"pointerX":704.78515625,"pointerY":474.875,"source":1,"timestamp":278738073}
{"angleX":0,"angleY":-110,"contentY":18,"deviceType":4,"inverted":true,"overViewport":true,"phase":2,"pixelX":0,"pixelY":-9,"pointerX":704.78515625,"pointerY":474.875,"source":1,"timestamp":278738080}
{"angleX":0,"angleY":-118,"contentY":27,"deviceType":4,"inverted":true,"overViewport":true,"phase":2,"pixelX":0,"pixelY":-10,"pointerX":704.78515625,"pointerY":474.875,"source":1,"timestamp":278738087}
{"angleX":0,"angleY":-122,"contentY":37,"deviceType":4,"inverted":true,"overViewport":true,"phase":2,"pixelX":0,"pixelY":-10,"pointerX":704.78515625,"pointerY":474.875,"source":1,"timestamp":278738094}
{"angleX":0,"angleY":-120,"contentY":47,"deviceType":4,"inverted":true,"overViewport":true,"phase":2,"pixelX":0,"pixelY":-10,"pointerX":704.78515625,"pointerY":474.875,"source":1,"timestamp":278738102}
{"angleX":0,"angleY":-126,"contentY":57,"deviceType":4,"inverted":true,"overViewport":true,"phase":2,"pixelX":0,"pixelY":-10,"pointerX":704.78515625,"pointerY":474.875,"source":1,"timestamp":278738109}
{"angleX":0,"angleY":-122,"contentY":67,"deviceType":4,"inverted":true,"overViewport":true,"phase":2,"pixelX":0,"pixelY":-11,"pointerX":704.78515625,"pointerY":474.875,"source":1,"timestamp":278738116}
{"angleX":0,"angleY":-118,"contentY":78,"deviceType":4,"inverted":true,"overViewport":true,"phase":2,"pixelX":0,"pixelY":-9,"pointerX":704.78515625,"pointerY":474.875,"source":1,"timestamp":278738123}
{"angleX":0,"angleY":-114,"contentY":87,"deviceType":4,"inverted":true,"overViewport":true,"phase":2,"pixelX":0,"pixelY":-10,"pointerX":704.78515625,"pointerY":474.875,"source":1,"timestamp":278738130}
{"angleX":0,"angleY":-114,"contentY":97,"deviceType":4,"inverted":true,"overViewport":true,"phase":2,"pixelX":0,"pixelY":-9,"pointerX":704.78515625,"pointerY":474.875,"source":1,"timestamp":278738138}
{"angleX":0,"angleY":-104,"contentY":106,"deviceType":4,"inverted":true,"overViewport":true,"phase":2,"pixelX":0,"pixelY":-9,"pointerX":704.78515625,"pointerY":474.875,"source":1,"timestamp":278738145}
{"angleX":0,"angleY":0,"contentY":115,"deviceType":4,"inverted":true,"overViewport":true,"phase":3,"pixelX":0,"pixelY":0,"pointerX":704.78515625,"pointerY":474.875,"source":0,"timestamp":278738165}
{"angleX":0,"angleY":0,"contentY":115,"deviceType":4,"inverted":true,"overViewport":true,"phase":3,"pixelX":0,"pixelY":0,"pointerX":704.78515625,"pointerY":474.875,"source":0,"timestamp":278738165}
{"coastSample":1,"contentY":152.7622525565585,"endTimestamp":278738165,"flicking":true,"velocity":1240.735153393511}
{"coastSample":2,"contentY":181.99969828324953,"endTimestamp":278738165,"flicking":true,"velocity":1204.7219564099596}
{"coastSample":3,"contentY":196.29430237374316,"endTimestamp":278738165,"flicking":true,"velocity":1186.7153579181936}
{"coastSample":4,"contentY":217.33106004341863,"endTimestamp":278738165,"flicking":true,"velocity":1159.7054601805278}
{"coastSample":5,"contentY":245.74223347163505,"endTimestamp":278738165,"flicking":true,"velocity":1122.191713322664}
{"coastSample":6,"contentY":272.13463663662594,"endTimestamp":278738165,"flicking":true,"velocity":1086.178516339127}
{"coastSample":7,"contentY":291.36173115787824,"endTimestamp":278738165,"flicking":true,"velocity":1059.1686186014706}
{"coastSample":8,"contentY":316.24158004956007,"endTimestamp":278738165,"flicking":true,"velocity":1023.1554216179006}
{"coastSample":9,"contentY":328.3573857225491,"endTimestamp":278738165,"flicking":true,"velocity":1005.1488231261392}
{"coastSample":10,"contentY":347.09883276679614,"endTimestamp":278738165,"flicking":true,"velocity":977.3886504513192}
{"coastSample":11,"contentY":369.997955824383,"endTimestamp":278738165,"flicking":true,"velocity":940.6251785306191}
{"coastSample":12,"contentY":386.60509026508225,"endTimestamp":278738165,"flicking":true,"velocity":913.6152807929534}
{"coastSample":13,"contentY":407.9916590493601,"endTimestamp":278738165,"flicking":true,"velocity":877.6020838094117}
{"coastSample":14,"contentY":428.5139111060329,"endTimestamp":278738165,"flicking":true,"velocity":841.5888868258604}
{"coastSample":15,"contentY":439.2692487252914,"endTimestamp":278738165,"flicking":true,"velocity":822.0817384597864}
{"angleX":0,"angleY":0,"contentY":662,"deviceType":4,"inverted":false,"overViewport":true,"phase":1,"pixelX":0,"pixelY":0,"pointerX":704.78515625,"pointerY":474.875,"source":0,"timestamp":278739434}
{"angleX":0,"angleY":0,"contentY":662,"deviceType":4,"inverted":false,"overViewport":true,"phase":1,"pixelX":0,"pixelY":0,"pointerX":704.78515625,"pointerY":474.875,"source":0,"timestamp":278739434}
{"angleX":0,"angleY":-90,"contentY":662,"deviceType":4,"inverted":true,"overViewport":true,"phase":2,"pixelX":0,"pixelY":-7,"pointerX":704.78515625,"pointerY":474.875,"source":1,"timestamp":278739434}
{"angleX":0,"angleY":-98,"contentY":662,"deviceType":4,"inverted":true,"overViewport":true,"phase":2,"pixelX":0,"pixelY":-9,"pointerX":704.78515625,"pointerY":474.875,"source":1,"timestamp":278739441}
{"angleX":0,"angleY":-100,"contentY":662,"deviceType":4,"inverted":true,"overViewport":true,"phase":2,"pixelX":0,"pixelY":-8,"pointerX":704.78515625,"pointerY":474.875,"source":1,"timestamp":278739448}
{"angleX":0,"angleY":-110,"contentY":662,"deviceType":4,"inverted":true,"overViewport":true,"phase":2,"pixelX":0,"pixelY":-9,"pointerX":704.78515625,"pointerY":474.875,"source":1,"timestamp":278739455}
{"angleX":0,"angleY":-110,"contentY":671,"deviceType":4,"inverted":true,"overViewport":true,"phase":2,"pixelX":0,"pixelY":-9,"pointerX":704.78515625,"pointerY":474.875,"source":1,"timestamp":278739462}
{"angleX":0,"angleY":-102,"contentY":680,"deviceType":4,"inverted":true,"overViewport":true,"phase":2,"pixelX":0,"pixelY":-9,"pointerX":704.78515625,"pointerY":474.875,"source":1,"timestamp":278739470}
{"angleX":0,"angleY":-96,"contentY":689,"deviceType":4,"inverted":true,"overViewport":true,"phase":2,"pixelX":0,"pixelY":-8,"pointerX":704.78515625,"pointerY":474.875,"source":1,"timestamp":278739477}
{"angleX":0,"angleY":-96,"contentY":697,"deviceType":4,"inverted":true,"overViewport":true,"phase":2,"pixelX":0,"pixelY":-8,"pointerX":704.78515625,"pointerY":474.875,"source":1,"timestamp":278739484}
{"angleX":0,"angleY":-96,"contentY":705,"deviceType":4,"inverted":true,"overViewport":true,"phase":2,"pixelX":0,"pixelY":-8,"pointerX":704.78515625,"pointerY":474.875,"source":1,"timestamp":278739491}
{"angleX":0,"angleY":-104,"contentY":713,"deviceType":4,"inverted":true,"overViewport":true,"phase":2,"pixelX":0,"pixelY":-8,"pointerX":704.78515625,"pointerY":474.875,"source":1,"timestamp":278739498}
{"angleX":0,"angleY":-100,"contentY":721,"deviceType":4,"inverted":true,"overViewport":true,"phase":2,"pixelX":0,"pixelY":-9,"pointerX":704.78515625,"pointerY":474.875,"source":1,"timestamp":278739506}
{"angleX":0,"angleY":0,"contentY":730,"deviceType":4,"inverted":true,"overViewport":true,"phase":3,"pixelX":0,"pixelY":0,"pointerX":704.78515625,"pointerY":474.875,"source":0,"timestamp":278739519}
{"angleX":0,"angleY":0,"contentY":730,"deviceType":4,"inverted":true,"overViewport":true,"phase":3,"pixelX":0,"pixelY":0,"pointerX":704.78515625,"pointerY":474.875,"source":0,"timestamp":278739519}
{"coastSample":1,"contentY":760.7612494716274,"endTimestamp":278739519,"flicking":true,"velocity":934.9606825833613}
{"coastSample":2,"contentY":775.9630843616517,"endTimestamp":278739519,"flicking":true,"velocity":799.3392328770218}
{"coastSample":3,"contentY":792.4347969565733,"endTimestamp":278739519,"flicking":true,"velocity":618.5106332685754}
{"coastSample":4,"contentY":801.9405309589315,"endTimestamp":278739519,"flicking":true,"velocity":482.88918356221683}
{"coastSample":5,"contentY":811.0931321168093,"endTimestamp":278739519,"flicking":true,"velocity":294.5260589701017}
{"coastSample":6,"contentY":814.7671437817951,"endTimestamp":278739519,"flicking":true,"velocity":158.90460926376213}
{"coastSample":7,"contentY":816,"endTimestamp":278739519,"flicking":false,"velocity":0}
{"coastSample":8,"contentY":816,"endTimestamp":278739519,"flicking":false,"velocity":0}
{"coastSample":9,"contentY":816,"endTimestamp":278739519,"flicking":false,"velocity":0}
{"coastSample":10,"contentY":816,"endTimestamp":278739519,"flicking":false,"velocity":0}
{"coastSample":11,"contentY":816,"endTimestamp":278739519,"flicking":false,"velocity":0}
{"coastSample":12,"contentY":816,"endTimestamp":278739519,"flicking":false,"velocity":0}
{"coastSample":13,"contentY":816,"endTimestamp":278739519,"flicking":false,"velocity":0}
{"coastSample":14,"contentY":816,"endTimestamp":278739519,"flicking":false,"velocity":0}
{"coastSample":15,"contentY":816,"endTimestamp":278739519,"flicking":false,"velocity":0}
{"angleX":0,"angleY":0,"contentY":816,"deviceType":4,"inverted":false,"overViewport":true,"phase":1,"pixelX":0,"pixelY":0,"pointerX":704.78515625,"pointerY":474.875,"source":0,"timestamp":278740038}
{"angleX":0,"angleY":0,"contentY":816,"deviceType":4,"inverted":false,"overViewport":true,"phase":1,"pixelX":0,"pixelY":0,"pointerX":704.78515625,"pointerY":474.875,"source":0,"timestamp":278740038}
{"angleX":0,"angleY":100,"contentY":816,"deviceType":4,"inverted":true,"overViewport":true,"phase":2,"pixelX":0,"pixelY":8,"pointerX":704.78515625,"pointerY":474.875,"source":1,"timestamp":278740038}
{"angleX":0,"angleY":120,"contentY":816,"deviceType":4,"inverted":true,"overViewport":true,"phase":2,"pixelX":0,"pixelY":10,"pointerX":704.78515625,"pointerY":474.875,"source":1,"timestamp":278740046}
{"angleX":0,"angleY":159,"contentY":816,"deviceType":4,"inverted":true,"overViewport":true,"phase":2,"pixelX":0,"pixelY":14,"pointerX":704.78515625,"pointerY":474.875,"source":1,"timestamp":278740053}
{"angleX":0,"angleY":185,"contentY":816,"deviceType":4,"inverted":true,"overViewport":true,"phase":2,"pixelX":0,"pixelY":15,"pointerX":704.78515625,"pointerY":474.875,"source":1,"timestamp":278740060}
{"angleX":0,"angleY":242,"contentY":801,"deviceType":4,"inverted":true,"overViewport":true,"phase":2,"pixelX":0,"pixelY":20,"pointerX":704.78515625,"pointerY":474.875,"source":1,"timestamp":278740067}
{"angleX":0,"angleY":277,"contentY":781,"deviceType":4,"inverted":true,"overViewport":true,"phase":2,"pixelX":0,"pixelY":23,"pointerX":704.78515625,"pointerY":474.875,"source":1,"timestamp":278740074}
{"angleX":0,"angleY":305,"contentY":758,"deviceType":4,"inverted":true,"overViewport":true,"phase":2,"pixelX":0,"pixelY":26,"pointerX":704.78515625,"pointerY":474.875,"source":1,"timestamp":278740082}
{"angleX":0,"angleY":322,"contentY":732,"deviceType":4,"inverted":true,"overViewport":true,"phase":2,"pixelX":0,"pixelY":27,"pointerX":704.78515625,"pointerY":474.875,"source":1,"timestamp":278740089}
{"angleX":0,"angleY":328,"contentY":705,"deviceType":4,"inverted":true,"overViewport":true,"phase":2,"pixelX":0,"pixelY":27,"pointerX":704.78515625,"pointerY":474.875,"source":1,"timestamp":278740096}
{"angleX":0,"angleY":314,"contentY":678,"deviceType":4,"inverted":true,"overViewport":true,"phase":2,"pixelX":0,"pixelY":26,"pointerX":704.78515625,"pointerY":474.875,"source":1,"timestamp":278740103}
{"angleX":0,"angleY":0,"contentY":652,"deviceType":4,"inverted":true,"overViewport":true,"phase":3,"pixelX":0,"pixelY":0,"pointerX":704.78515625,"pointerY":474.875,"source":0,"timestamp":278740109}
{"angleX":0,"angleY":0,"contentY":652,"deviceType":4,"inverted":true,"overViewport":true,"phase":3,"pixelX":0,"pixelY":0,"pointerX":704.78515625,"pointerY":474.875,"source":0,"timestamp":278740109}
{"coastSample":1,"contentY":579.1568251533743,"endTimestamp":278740109,"flicking":true,"velocity":-2370.5904907975346}
{"coastSample":2,"contentY":523.9881134969326,"endTimestamp":278740109,"flicking":true,"velocity":-2255.5598159509223}
{"coastSample":3,"contentY":484.4233128834356,"endTimestamp":278740109,"flicking":true,"velocity":-2169.2868098159483}
{"coastSample":4,"contentY":434.0858895705521,"endTimestamp":278740109,"flicking":true,"velocity":-2054.2561349693265}
{"coastSample":5,"contentY":396.19334739263803,"endTimestamp":278740109,"flicking":true,"velocity":-1963.1901840490873}
{"coastSample":6,"contentY":350.80224309815947,"endTimestamp":278740109,"flicking":true,"velocity":-1848.1595092024654}
{"coastSample":7,"contentY":318.570648006135,"endTimestamp":278740109,"flicking":true,"velocity":-1761.8865030674822}
{"coastSample":8,"contentY":297.945648006135,"endTimestamp":278740109,"flicking":true,"velocity":-1704.3711656441665}
{"coastSample":9,"contentY":268.3022430981595,"endTimestamp":278740109,"flicking":true,"velocity":-1618.0981595092023}
{"coastSample":10,"contentY":229.70705521472394,"endTimestamp":278740109,"flicking":true,"velocity":-1498.2745398772959}
{"coastSample":11,"contentY":195.47392638036808,"endTimestamp":278740109,"flicking":true,"velocity":-1383.243865030683}
{"coastSample":12,"contentY":171.61081288343559,"endTimestamp":278740109,"flicking":true,"velocity":-1296.9708588957094}
{"coastSample":13,"contentY":142.20897239263797,"endTimestamp":278740109,"flicking":true,"velocity":-1181.9401840490968}
{"coastSample":14,"contentY":121.96932515337426,"endTimestamp":278740109,"flicking":true,"velocity":-1095.6671779141136}
{"coastSample":15,"contentY":102.28997315950926,"endTimestamp":278740109,"flicking":true,"velocity":-1004.6012269938464}
{"angleX":0,"angleY":0,"contentY":0,"deviceType":4,"inverted":false,"overViewport":true,"phase":1,"pixelX":0,"pixelY":0,"pointerX":704.78515625,"pointerY":474.875,"source":0,"timestamp":278740802}
{"angleX":0,"angleY":0,"contentY":0,"deviceType":4,"inverted":false,"overViewport":true,"phase":1,"pixelX":0,"pixelY":0,"pointerX":704.78515625,"pointerY":474.875,"source":0,"timestamp":278740802}
{"angleX":0,"angleY":346,"contentY":0,"deviceType":4,"inverted":true,"overViewport":true,"phase":2,"pixelX":0,"pixelY":29,"pointerX":704.78515625,"pointerY":474.875,"source":1,"timestamp":278740802}
{"angleX":0,"angleY":442,"contentY":0,"deviceType":4,"inverted":true,"overViewport":true,"phase":2,"pixelX":0,"pixelY":37,"pointerX":704.78515625,"pointerY":474.875,"source":1,"timestamp":278740809}
{"angleX":0,"angleY":530,"contentY":0,"deviceType":4,"inverted":true,"overViewport":true,"phase":2,"pixelX":0,"pixelY":44,"pointerX":704.78515625,"pointerY":474.875,"source":1,"timestamp":278740816}
{"angleX":0,"angleY":584,"contentY":0,"deviceType":4,"inverted":true,"overViewport":true,"phase":2,"pixelX":0,"pixelY":49,"pointerX":704.78515625,"pointerY":474.875,"source":1,"timestamp":278740823}
{"angleX":0,"angleY":644,"contentY":0,"deviceType":4,"inverted":true,"overViewport":true,"phase":2,"pixelX":0,"pixelY":53,"pointerX":704.78515625,"pointerY":474.875,"source":1,"timestamp":278740831}
{"angleX":0,"angleY":633,"contentY":0,"deviceType":4,"inverted":true,"overViewport":true,"phase":2,"pixelX":0,"pixelY":53,"pointerX":704.78515625,"pointerY":474.875,"source":1,"timestamp":278740838}
{"angleX":0,"angleY":0,"contentY":0,"deviceType":4,"inverted":true,"overViewport":true,"phase":3,"pixelX":0,"pixelY":0,"pointerX":704.78515625,"pointerY":474.875,"source":0,"timestamp":278740844}
{"angleX":0,"angleY":0,"contentY":0,"deviceType":4,"inverted":true,"overViewport":true,"phase":3,"pixelX":0,"pixelY":0,"pointerX":704.78515625,"pointerY":474.875,"source":0,"timestamp":278740844}
{"coastSample":1,"contentY":0,"endTimestamp":278740844,"flicking":false,"velocity":0}
{"coastSample":2,"contentY":0,"endTimestamp":278740844,"flicking":false,"velocity":0}
{"coastSample":3,"contentY":0,"endTimestamp":278740844,"flicking":false,"velocity":0}
{"coastSample":4,"contentY":0,"endTimestamp":278740844,"flicking":false,"velocity":0}
{"coastSample":5,"contentY":0,"endTimestamp":278740844,"flicking":false,"velocity":0}
{"coastSample":6,"contentY":0,"endTimestamp":278740844,"flicking":false,"velocity":0}
{"coastSample":7,"contentY":0,"endTimestamp":278740844,"flicking":false,"velocity":0}
{"coastSample":8,"contentY":0,"endTimestamp":278740844,"flicking":false,"velocity":0}
{"coastSample":9,"contentY":0,"endTimestamp":278740844,"flicking":false,"velocity":0}
{"coastSample":10,"contentY":0,"endTimestamp":278740844,"flicking":false,"velocity":0}
{"coastSample":11,"contentY":0,"endTimestamp":278740844,"flicking":false,"velocity":0}
{"coastSample":12,"contentY":0,"endTimestamp":278740844,"flicking":false,"velocity":0}
{"coastSample":13,"contentY":0,"endTimestamp":278740844,"flicking":false,"velocity":0}
{"coastSample":14,"contentY":0,"endTimestamp":278740844,"flicking":false,"velocity":0}
{"coastSample":15,"contentY":0,"endTimestamp":278740844,"flicking":false,"velocity":0}
{"angleX":0,"angleY":0,"contentY":0,"deviceType":4,"inverted":false,"overViewport":true,"phase":1,"pixelX":0,"pixelY":0,"pointerX":704.78515625,"pointerY":474.875,"source":0,"timestamp":278741392}
{"angleX":0,"angleY":0,"contentY":0,"deviceType":4,"inverted":false,"overViewport":true,"phase":1,"pixelX":0,"pixelY":0,"pointerX":704.78515625,"pointerY":474.875,"source":0,"timestamp":278741392}
{"angleX":0,"angleY":-187,"contentY":0,"deviceType":4,"inverted":true,"overViewport":true,"phase":2,"pixelX":0,"pixelY":-16,"pointerX":704.78515625,"pointerY":474.875,"source":1,"timestamp":278741392}
{"angleX":0,"angleY":-230,"contentY":0,"deviceType":4,"inverted":true,"overViewport":true,"phase":2,"pixelX":0,"pixelY":-19,"pointerX":704.78515625,"pointerY":474.875,"source":1,"timestamp":278741400}
{"angleX":0,"angleY":-293,"contentY":0,"deviceType":4,"inverted":true,"overViewport":true,"phase":2,"pixelX":0,"pixelY":-24,"pointerX":704.78515625,"pointerY":474.875,"source":1,"timestamp":278741407}
{"angleX":0,"angleY":-354,"contentY":0,"deviceType":4,"inverted":true,"overViewport":true,"phase":2,"pixelX":0,"pixelY":-30,"pointerX":704.78515625,"pointerY":474.875,"source":1,"timestamp":278741414}
{"angleX":0,"angleY":-383,"contentY":30,"deviceType":4,"inverted":true,"overViewport":true,"phase":2,"pixelX":0,"pixelY":-32,"pointerX":704.78515625,"pointerY":474.875,"source":1,"timestamp":278741421}
{"angleX":0,"angleY":-438,"contentY":62,"deviceType":4,"inverted":true,"overViewport":true,"phase":2,"pixelX":0,"pixelY":-36,"pointerX":704.78515625,"pointerY":474.875,"source":1,"timestamp":278741428}
{"angleX":0,"angleY":-468,"contentY":98,"deviceType":4,"inverted":true,"overViewport":true,"phase":2,"pixelX":0,"pixelY":-39,"pointerX":704.78515625,"pointerY":474.875,"source":1,"timestamp":278741436}
{"angleX":0,"angleY":-477,"contentY":137,"deviceType":4,"inverted":true,"overViewport":true,"phase":2,"pixelX":0,"pixelY":-40,"pointerX":704.78515625,"pointerY":474.875,"source":1,"timestamp":278741443}
{"angleX":0,"angleY":-475,"contentY":177,"deviceType":4,"inverted":true,"overViewport":true,"phase":2,"pixelX":0,"pixelY":-39,"pointerX":704.78515625,"pointerY":474.875,"source":1,"timestamp":278741450}
{"angleX":0,"angleY":-475,"contentY":216,"deviceType":4,"inverted":true,"overViewport":true,"phase":2,"pixelX":0,"pixelY":-40,"pointerX":704.78515625,"pointerY":474.875,"source":1,"timestamp":278741457}
{"angleX":0,"angleY":0,"contentY":256,"deviceType":4,"inverted":true,"overViewport":true,"phase":3,"pixelX":0,"pixelY":0,"pointerX":704.78515625,"pointerY":474.875,"source":0,"timestamp":278741463}
{"angleX":0,"angleY":0,"contentY":256,"deviceType":4,"inverted":true,"overViewport":true,"phase":3,"pixelX":0,"pixelY":0,"pointerX":704.78515625,"pointerY":474.875,"source":0,"timestamp":278741463}
{"coastSample":1,"contentY":328.4888392857143,"endTimestamp":278741463,"flicking":true,"velocity":2349.330357142852}
{"coastSample":2,"contentY":382.8638392857143,"endTimestamp":278741463,"flicking":true,"velocity":2215.401785714287}
{"coastSample":3,"contentY":434.02455357142856,"endTimestamp":278741463,"flicking":true,"velocity":2081.473214285713}
{"coastSample":4,"contentY":470.2857142857143,"endTimestamp":278741463,"flicking":true,"velocity":1981.0267857142871}
{"coastSample":5,"contentY":517.6489955357142,"endTimestamp":278741463,"flicking":true,"velocity":1841.5178571428517}
{"coastSample":6,"contentY":539.14453125,"endTimestamp":278741463,"flicking":true,"velocity":1774.5535714285743}
{"coastSample":7,"contentY":569.8811383928571,"endTimestamp":278741463,"flicking":true,"velocity":1674.1071428571483}
{"coastSample":8,"contentY":608.05078125,"endTimestamp":278741463,"flicking":true,"velocity":1540.1785714285743}
{"coastSample":9,"contentY":634.5686383928571,"endTimestamp":278741463,"flicking":true,"velocity":1439.7321428571483}
{"coastSample":10,"contentY":668.3995535714286,"endTimestamp":278741463,"flicking":true,"velocity":1300.2232142857224}
{"coastSample":11,"contentY":690.5982142857142,"endTimestamp":278741463,"flicking":true,"velocity":1199.7767857142776}
{"coastSample":12,"contentY":717.3839285714286,"endTimestamp":278741463,"flicking":true,"velocity":1065.8482142857224}
{"coastSample":13,"contentY":729.5714285714286,"endTimestamp":278741463,"flicking":true,"velocity":998.8839285714258}
{"coastSample":14,"contentY":746.3459821428571,"endTimestamp":278741463,"flicking":true,"velocity":898.4375}
{"coastSample":15,"contentY":766.64453125,"endTimestamp":278741463,"flicking":true,"velocity":758.9285714285742}
{"angleX":0,"angleY":0,"contentY":816,"deviceType":4,"inverted":false,"overViewport":true,"phase":1,"pixelX":0,"pixelY":0,"pointerX":704.78515625,"pointerY":474.875,"source":0,"timestamp":278742091}
{"angleX":0,"angleY":0,"contentY":816,"deviceType":4,"inverted":false,"overViewport":true,"phase":1,"pixelX":0,"pixelY":0,"pointerX":704.78515625,"pointerY":474.875,"source":0,"timestamp":278742091}
{"angleX":0,"angleY":348,"contentY":816,"deviceType":4,"inverted":true,"overViewport":true,"phase":2,"pixelX":0,"pixelY":29,"pointerX":704.78515625,"pointerY":474.875,"source":1,"timestamp":278742091}
{"angleX":0,"angleY":475,"contentY":816,"deviceType":4,"inverted":true,"overViewport":true,"phase":2,"pixelX":0,"pixelY":40,"pointerX":704.78515625,"pointerY":474.875,"source":1,"timestamp":278742098}
{"angleX":0,"angleY":613,"contentY":816,"deviceType":4,"inverted":true,"overViewport":true,"phase":2,"pixelX":0,"pixelY":51,"pointerX":704.78515625,"pointerY":474.875,"source":1,"timestamp":278742106}
{"angleX":0,"angleY":696,"contentY":725,"deviceType":4,"inverted":true,"overViewport":true,"phase":2,"pixelX":0,"pixelY":58,"pointerX":704.78515625,"pointerY":474.875,"source":1,"timestamp":278742113}
{"angleX":0,"angleY":743,"contentY":667,"deviceType":4,"inverted":true,"overViewport":true,"phase":2,"pixelX":0,"pixelY":62,"pointerX":704.78515625,"pointerY":474.875,"source":1,"timestamp":278742120}
{"angleX":0,"angleY":0,"contentY":605,"deviceType":4,"inverted":true,"overViewport":true,"phase":3,"pixelX":0,"pixelY":0,"pointerX":704.78515625,"pointerY":474.875,"source":0,"timestamp":278742169}
{"angleX":0,"angleY":0,"contentY":605,"deviceType":4,"inverted":true,"overViewport":true,"phase":3,"pixelX":0,"pixelY":0,"pointerX":704.78515625,"pointerY":474.875,"source":0,"timestamp":278742169}
{"coastSample":1,"contentY":532.3243801652893,"endTimestamp":278742169,"flicking":true,"velocity":-2360.5371900826335}
{"coastSample":2,"contentY":477.5309917355372,"endTimestamp":278742169,"flicking":true,"velocity":-2236.570247933884}
{"coastSample":3,"contentY":438.38842975206614,"endTimestamp":278742169,"flicking":true,"velocity":-2143.595041322309}
{"coastSample":4,"contentY":413.22314049586777,"endTimestamp":278742169,"flicking":true,"velocity":-2081.6115702479296}
{"coastSample":5,"contentY":363.1844008264463,"endTimestamp":278742169,"flicking":true,"velocity":-1952.479338842977}
{"coastSample":6,"contentY":318.1844008264463,"endTimestamp":278742169,"flicking":true,"velocity":-1828.5123966942174}
{"coastSample":7,"contentY":276.1596074380165,"endTimestamp":278742169,"flicking":true,"velocity":-1704.545454545458}
{"coastSample":8,"contentY":246.5934917355372,"endTimestamp":278742169,"flicking":true,"velocity":-1611.5702479338836}
{"coastSample":9,"contentY":209.77530991735534,"endTimestamp":278742169,"flicking":true,"velocity":-1487.6033057851334}
{"coastSample":10,"contentY":191.07438016528926,"endTimestamp":278742169,"flicking":true,"velocity":-1420.454545454542}
{"coastSample":11,"contentY":166.62190082644634,"endTimestamp":278742169,"flicking":true,"velocity":-1327.4793388429678}
{"coastSample":12,"contentY":136.62190082644634,"endTimestamp":278742169,"flicking":true,"velocity":-1203.512396694208}
{"coastSample":13,"contentY":116.07438016528931,"endTimestamp":278742169,"flicking":true,"velocity":-1110.5371900826337}
{"coastSample":14,"contentY":91.2809917355371,"endTimestamp":278742169,"flicking":true,"velocity":-986.570247933893}
{"coastSample":15,"contentY":73.76291322314046,"endTimestamp":278742169,"flicking":true,"velocity":-888.4297520661258}
{"angleX":0,"angleY":0,"contentY":0,"deviceType":4,"inverted":false,"overViewport":true,"phase":1,"pixelX":0,"pixelY":0,"pointerX":704.78515625,"pointerY":474.875,"source":0,"timestamp":278742898}
{"angleX":0,"angleY":0,"contentY":0,"deviceType":4,"inverted":false,"overViewport":true,"phase":1,"pixelX":0,"pixelY":0,"pointerX":704.78515625,"pointerY":474.875,"source":0,"timestamp":278742898}
{"angleX":0,"angleY":-114,"contentY":0,"deviceType":4,"inverted":true,"overViewport":true,"phase":2,"pixelX":0,"pixelY":-10,"pointerX":704.78515625,"pointerY":474.875,"source":1,"timestamp":278742898}
{"angleX":0,"angleY":-143,"contentY":0,"deviceType":4,"inverted":true,"overViewport":true,"phase":2,"pixelX":0,"pixelY":-11,"pointerX":704.78515625,"pointerY":474.875,"source":1,"timestamp":278742905}
{"angleX":0,"angleY":-175,"contentY":0,"deviceType":4,"inverted":true,"overViewport":true,"phase":2,"pixelX":0,"pixelY":-15,"pointerX":704.78515625,"pointerY":474.875,"source":1,"timestamp":278742912}
{"angleX":0,"angleY":-232,"contentY":0,"deviceType":4,"inverted":true,"overViewport":true,"phase":2,"pixelX":0,"pixelY":-19,"pointerX":704.78515625,"pointerY":474.875,"source":1,"timestamp":278742919}
{"angleX":0,"angleY":-297,"contentY":19,"deviceType":4,"inverted":true,"overViewport":true,"phase":2,"pixelX":0,"pixelY":-25,"pointerX":704.78515625,"pointerY":474.875,"source":1,"timestamp":278742927}
{"angleX":0,"angleY":-332,"contentY":44,"deviceType":4,"inverted":true,"overViewport":true,"phase":2,"pixelX":0,"pixelY":-28,"pointerX":704.78515625,"pointerY":474.875,"source":1,"timestamp":278742934}
{"angleX":0,"angleY":-403,"contentY":72,"deviceType":4,"inverted":true,"overViewport":true,"phase":2,"pixelX":0,"pixelY":-33,"pointerX":704.78515625,"pointerY":474.875,"source":1,"timestamp":278742941}
{"angleX":0,"angleY":-456,"contentY":105,"deviceType":4,"inverted":true,"overViewport":true,"phase":2,"pixelX":0,"pixelY":-38,"pointerX":704.78515625,"pointerY":474.875,"source":1,"timestamp":278742948}
{"angleX":0,"angleY":-509,"contentY":143,"deviceType":4,"inverted":true,"overViewport":true,"phase":2,"pixelX":0,"pixelY":-43,"pointerX":704.78515625,"pointerY":474.875,"source":1,"timestamp":278742955}
{"angleX":0,"angleY":-540,"contentY":186,"deviceType":4,"inverted":true,"overViewport":true,"phase":2,"pixelX":0,"pixelY":-45,"pointerX":704.78515625,"pointerY":474.875,"source":1,"timestamp":278742962}
{"angleX":0,"angleY":-589,"contentY":231,"deviceType":4,"inverted":true,"overViewport":true,"phase":2,"pixelX":0,"pixelY":-49,"pointerX":704.78515625,"pointerY":474.875,"source":1,"timestamp":278742969}
{"angleX":0,"angleY":-580,"contentY":280,"deviceType":4,"inverted":true,"overViewport":true,"phase":2,"pixelX":0,"pixelY":-48,"pointerX":704.78515625,"pointerY":474.875,"source":1,"timestamp":278742977}
{"angleX":0,"angleY":0,"contentY":328,"deviceType":4,"inverted":true,"overViewport":true,"phase":3,"pixelX":0,"pixelY":0,"pointerX":704.78515625,"pointerY":474.875,"source":0,"timestamp":278743004}
{"angleX":0,"angleY":0,"contentY":328,"deviceType":4,"inverted":true,"overViewport":true,"phase":3,"pixelX":0,"pixelY":0,"pointerX":704.78515625,"pointerY":474.875,"source":0,"timestamp":278743004}
{"coastSample":1,"contentY":400.1183401639344,"endTimestamp":278743004,"flicking":true,"velocity":2327.100409836068}
{"coastSample":2,"contentY":453.6634221311475,"endTimestamp":278743004,"flicking":true,"velocity":2173.411885245893}
{"coastSample":3,"contentY":491.4016393442623,"endTimestamp":278743004,"flicking":true,"velocity":2058.145491803278}
{"coastSample":4,"contentY":538.4918032786885,"endTimestamp":278743004,"flicking":true,"velocity":1904.4569672131122}
{"coastSample":5,"contentY":573.1556096311475,"endTimestamp":278743004,"flicking":true,"velocity":1782.786885245893}
{"coastSample":6,"contentY":603.8625768442623,"endTimestamp":278743004,"flicking":true,"velocity":1667.520491803278}
{"coastSample":7,"contentY":632.4947489754098,"endTimestamp":278743004,"flicking":true,"velocity":1552.2540983606443}
{"coastSample":8,"contentY":659.0521260245902,"endTimestamp":278743004,"flicking":true,"velocity":1436.9877049180293}
{"coastSample":9,"contentY":691.2345030737705,"endTimestamp":278743004,"flicking":true,"velocity":1283.2991803278635}
{"coastSample":10,"contentY":714.0963114754098,"endTimestamp":278743004,"flicking":true,"velocity":1161.6290983606443}
{"coastSample":11,"contentY":739.6700819672132,"endTimestamp":278743004,"flicking":true,"velocity":1007.9405737704974}
{"coastSample":12,"contentY":761.5553278688525,"endTimestamp":278743004,"flicking":true,"velocity":854.2520491803316}
{"coastSample":13,"contentY":766.4503073770492,"endTimestamp":278743004,"flicking":true,"velocity":815.8299180327807}
{"coastSample":14,"contentY":783.7248975409836,"endTimestamp":278743004,"flicking":true,"velocity":662.1413934426528}
{"coastSample":15,"contentY":797.7970030737705,"endTimestamp":278743004,"flicking":true,"velocity":502.04918032786355}
{"angleX":0,"angleY":0,"contentY":816,"deviceType":4,"inverted":false,"overViewport":true,"phase":1,"pixelX":0,"pixelY":0,"pointerX":704.78515625,"pointerY":474.875,"source":0,"timestamp":278744043}
{"angleX":0,"angleY":0,"contentY":816,"deviceType":4,"inverted":false,"overViewport":true,"phase":1,"pixelX":0,"pixelY":0,"pointerX":704.78515625,"pointerY":474.875,"source":0,"timestamp":278744043}
{"angleX":0,"angleY":128,"contentY":816,"deviceType":4,"inverted":true,"overViewport":true,"phase":2,"pixelX":0,"pixelY":11,"pointerX":704.78515625,"pointerY":474.875,"source":1,"timestamp":278744043}
{"angleX":0,"angleY":153,"contentY":816,"deviceType":4,"inverted":true,"overViewport":true,"phase":2,"pixelX":0,"pixelY":12,"pointerX":704.78515625,"pointerY":474.875,"source":1,"timestamp":278744050}
{"angleX":0,"angleY":206,"contentY":816,"deviceType":4,"inverted":true,"overViewport":true,"phase":2,"pixelX":0,"pixelY":18,"pointerX":704.78515625,"pointerY":474.875,"source":1,"timestamp":278744057}
{"angleX":0,"angleY":255,"contentY":816,"deviceType":4,"inverted":true,"overViewport":true,"phase":2,"pixelX":0,"pixelY":21,"pointerX":704.78515625,"pointerY":474.875,"source":1,"timestamp":278744065}
{"angleX":0,"angleY":303,"contentY":795,"deviceType":4,"inverted":true,"overViewport":true,"phase":2,"pixelX":0,"pixelY":25,"pointerX":704.78515625,"pointerY":474.875,"source":1,"timestamp":278744072}
{"angleX":0,"angleY":332,"contentY":770,"deviceType":4,"inverted":true,"overViewport":true,"phase":2,"pixelX":0,"pixelY":28,"pointerX":704.78515625,"pointerY":474.875,"source":1,"timestamp":278744079}
{"angleX":0,"angleY":346,"contentY":742,"deviceType":4,"inverted":true,"overViewport":true,"phase":2,"pixelX":0,"pixelY":29,"pointerX":704.78515625,"pointerY":474.875,"source":1,"timestamp":278744087}
{"angleX":0,"angleY":350,"contentY":713,"deviceType":4,"inverted":true,"overViewport":true,"phase":2,"pixelX":0,"pixelY":29,"pointerX":704.78515625,"pointerY":474.875,"source":1,"timestamp":278744093}
{"angleX":0,"angleY":0,"contentY":684,"deviceType":4,"inverted":true,"overViewport":true,"phase":3,"pixelX":0,"pixelY":0,"pointerX":704.78515625,"pointerY":474.875,"source":0,"timestamp":278744100}
{"angleX":0,"angleY":0,"contentY":684,"deviceType":4,"inverted":true,"overViewport":true,"phase":3,"pixelX":0,"pixelY":0,"pointerX":704.78515625,"pointerY":474.875,"source":0,"timestamp":278744100}
{"coastSample":1,"contentY":625.3157894736842,"endTimestamp":278744100,"flicking":true,"velocity":-2404.057017543873}
{"coastSample":2,"contentY":569.2631578947369,"endTimestamp":278744100,"flicking":true,"velocity":-2294.4078947368403}
{"coastSample":3,"contentY":515.8421052631579,"endTimestamp":278744100,"flicking":true,"velocity":-2184.7587719298267}
{"coastSample":4,"contentY":477.5032894736842,"endTimestamp":278744100,"flicking":true,"velocity":-2102.521929824557}
{"coastSample":5,"contentY":426.7106176900585,"endTimestamp":278744100,"flicking":true,"velocity":-1988.3040935672514}
{"coastSample":6,"contentY":403.34438961988303,"endTimestamp":278744100,"flicking":true,"velocity":-1933.4795321637441}
{"coastSample":7,"contentY":358.5856176900585,"endTimestamp":278744100,"flicking":true,"velocity":-1823.8304093567212}
{"coastSample":8,"contentY":316.4584247076023,"endTimestamp":278744100,"flicking":true,"velocity":-1714.1812865497077}
{"coastSample":9,"contentY":286.59000365497076,"endTimestamp":278744100,"flicking":true,"velocity":-1631.9444444444478}
{"coastSample":10,"contentY":265.9389619883041,"endTimestamp":278744100,"flicking":true,"velocity":-1574.8355263157885}
{"coastSample":11,"contentY":229.84247076023394,"endTimestamp":278744100,"flicking":true,"velocity":-1462.9020467836256}
{"coastSample":12,"contentY":196.37755847953213,"endTimestamp":278744100,"flicking":true,"velocity":-1353.252923976612}
{"coastSample":13,"contentY":173.0058479532164,"endTimestamp":278744100,"flicking":true,"velocity":-1271.0160818713423}
{"coastSample":14,"contentY":144.14619883040928,"endTimestamp":278744100,"flicking":true,"velocity":-1161.3669590643287}
{"coastSample":15,"contentY":129.61266447368416,"endTimestamp":278744100,"flicking":true,"velocity":-1101.9736842105203}
{"angleX":0,"angleY":0,"contentY":3.3334247076023757,"deviceType":4,"inverted":false,"overViewport":true,"phase":1,"pixelX":0,"pixelY":0,"pointerX":704.78515625,"pointerY":474.875,"source":0,"timestamp":278744619}
{"angleX":0,"angleY":0,"contentY":3.3334247076023757,"deviceType":4,"inverted":false,"overViewport":true,"phase":1,"pixelX":0,"pixelY":0,"pointerX":704.78515625,"pointerY":474.875,"source":0,"timestamp":278744619}
{"angleX":0,"angleY":163,"contentY":3.3334247076023757,"deviceType":4,"inverted":true,"overViewport":true,"phase":2,"pixelX":0,"pixelY":14,"pointerX":704.78515625,"pointerY":474.875,"source":1,"timestamp":278744619}
{"angleX":0,"angleY":224,"contentY":3.3334247076023757,"deviceType":4,"inverted":true,"overViewport":true,"phase":2,"pixelX":0,"pixelY":18,"pointerX":704.78515625,"pointerY":474.875,"source":1,"timestamp":278744627}
{"angleX":0,"angleY":275,"contentY":3.3334247076023757,"deviceType":4,"inverted":true,"overViewport":true,"phase":2,"pixelX":0,"pixelY":23,"pointerX":704.78515625,"pointerY":474.875,"source":1,"timestamp":278744634}
{"angleX":0,"angleY":326,"contentY":0,"deviceType":4,"inverted":true,"overViewport":true,"phase":2,"pixelX":0,"pixelY":27,"pointerX":704.78515625,"pointerY":474.875,"source":1,"timestamp":278744641}
{"angleX":0,"angleY":381,"contentY":0,"deviceType":4,"inverted":true,"overViewport":true,"phase":2,"pixelX":0,"pixelY":32,"pointerX":704.78515625,"pointerY":474.875,"source":1,"timestamp":278744648}
{"angleX":0,"angleY":391,"contentY":0,"deviceType":4,"inverted":true,"overViewport":true,"phase":2,"pixelX":0,"pixelY":33,"pointerX":704.78515625,"pointerY":474.875,"source":1,"timestamp":278744655}
{"angleX":0,"angleY":0,"contentY":0,"deviceType":4,"inverted":true,"overViewport":true,"phase":3,"pixelX":0,"pixelY":0,"pointerX":704.78515625,"pointerY":474.875,"source":0,"timestamp":278744669}
{"angleX":0,"angleY":0,"contentY":0,"deviceType":4,"inverted":true,"overViewport":true,"phase":3,"pixelX":0,"pixelY":0,"pointerX":704.78515625,"pointerY":474.875,"source":0,"timestamp":278744669}
{"coastSample":1,"contentY":0,"endTimestamp":278744669,"flicking":false,"velocity":0}
{"coastSample":2,"contentY":0,"endTimestamp":278744669,"flicking":false,"velocity":0}
{"coastSample":3,"contentY":0,"endTimestamp":278744669,"flicking":false,"velocity":0}
{"coastSample":4,"contentY":0,"endTimestamp":278744669,"flicking":false,"velocity":0}
{"coastSample":5,"contentY":0,"endTimestamp":278744669,"flicking":false,"velocity":0}
{"coastSample":6,"contentY":0,"endTimestamp":278744669,"flicking":false,"velocity":0}
{"coastSample":7,"contentY":0,"endTimestamp":278744669,"flicking":false,"velocity":0}
{"coastSample":8,"contentY":0,"endTimestamp":278744669,"flicking":false,"velocity":0}
{"coastSample":9,"contentY":0,"endTimestamp":278744669,"flicking":false,"velocity":0}
{"coastSample":10,"contentY":0,"endTimestamp":278744669,"flicking":false,"velocity":0}
{"coastSample":11,"contentY":0,"endTimestamp":278744669,"flicking":false,"velocity":0}
{"coastSample":12,"contentY":0,"endTimestamp":278744669,"flicking":false,"velocity":0}
{"coastSample":13,"contentY":0,"endTimestamp":278744669,"flicking":false,"velocity":0}
{"coastSample":14,"contentY":0,"endTimestamp":278744669,"flicking":false,"velocity":0}
{"coastSample":15,"contentY":0,"endTimestamp":278744669,"flicking":false,"velocity":0}
{"angleX":0,"angleY":0,"contentY":0,"deviceType":4,"inverted":false,"overViewport":true,"phase":1,"pixelX":0,"pixelY":0,"pointerX":704.78515625,"pointerY":474.875,"source":0,"timestamp":278745095}
{"angleX":0,"angleY":0,"contentY":0,"deviceType":4,"inverted":false,"overViewport":true,"phase":1,"pixelX":0,"pixelY":0,"pointerX":704.78515625,"pointerY":474.875,"source":0,"timestamp":278745095}
{"angleX":0,"angleY":-151,"contentY":0,"deviceType":4,"inverted":true,"overViewport":true,"phase":2,"pixelX":0,"pixelY":-13,"pointerX":704.78515625,"pointerY":474.875,"source":1,"timestamp":278745095}
{"angleX":0,"angleY":-147,"contentY":0,"deviceType":4,"inverted":true,"overViewport":true,"phase":2,"pixelX":0,"pixelY":-12,"pointerX":704.78515625,"pointerY":474.875,"source":1,"timestamp":278745102}
{"angleX":0,"angleY":-141,"contentY":0,"deviceType":4,"inverted":true,"overViewport":true,"phase":2,"pixelX":0,"pixelY":-11,"pointerX":704.78515625,"pointerY":474.875,"source":1,"timestamp":278745110}
{"angleX":0,"angleY":-126,"contentY":0,"deviceType":4,"inverted":true,"overViewport":true,"phase":2,"pixelX":0,"pixelY":-11,"pointerX":704.78515625,"pointerY":474.875,"source":1,"timestamp":278745117}
{"angleX":0,"angleY":-116,"contentY":11,"deviceType":4,"inverted":true,"overViewport":true,"phase":2,"pixelX":0,"pixelY":-10,"pointerX":704.78515625,"pointerY":474.875,"source":1,"timestamp":278745124}
{"angleX":0,"angleY":-110,"contentY":21,"deviceType":4,"inverted":true,"overViewport":true,"phase":2,"pixelX":0,"pixelY":-9,"pointerX":704.78515625,"pointerY":474.875,"source":1,"timestamp":278745131}
{"angleX":0,"angleY":-96,"contentY":30,"deviceType":4,"inverted":true,"overViewport":true,"phase":2,"pixelX":0,"pixelY":-8,"pointerX":704.78515625,"pointerY":474.875,"source":1,"timestamp":278745138}
{"angleX":0,"angleY":-98,"contentY":38,"deviceType":4,"inverted":true,"overViewport":true,"phase":2,"pixelX":0,"pixelY":-8,"pointerX":704.78515625,"pointerY":474.875,"source":1,"timestamp":278745145}
{"angleX":0,"angleY":0,"contentY":46,"deviceType":4,"inverted":true,"overViewport":true,"phase":3,"pixelX":0,"pixelY":0,"pointerX":704.78515625,"pointerY":474.875,"source":0,"timestamp":278745151}
{"angleX":0,"angleY":0,"contentY":46,"deviceType":4,"inverted":true,"overViewport":true,"phase":3,"pixelX":0,"pixelY":0,"pointerX":704.78515625,"pointerY":474.875,"source":0,"timestamp":278745151}
{"coastSample":1,"contentY":75.56813819577735,"endTimestamp":278745151,"flicking":true,"velocity":1218.5100767754307}
{"coastSample":2,"contentY":104.27255278310942,"endTimestamp":278745151,"flicking":true,"velocity":1182.5215930902123}
{"coastSample":3,"contentY":125.23404510556622,"endTimestamp":278745151,"flicking":true,"velocity":1155.5302303262945}
{"coastSample":4,"contentY":152.426943378119,"endTimestamp":278745151,"flicking":true,"velocity":1119.541746641071}
{"coastSample":5,"contentY":173.34210052783112,"endTimestamp":278745151,"flicking":true,"velocity":1091.0508637236092}
{"coastSample":6,"contentY":198.9874940019194,"endTimestamp":278745151,"flicking":true,"velocity":1055.0623800383885}
{"coastSample":7,"contentY":217.6547204894434,"endTimestamp":278745151,"flicking":true,"velocity":1028.0710172744753}
{"coastSample":8,"contentY":241.78859764875241,"endTimestamp":278745151,"flicking":true,"velocity":992.082533589245}
{"coastSample":9,"contentY":253.53163987523993,"endTimestamp":278745151,"flicking":true,"velocity":974.0882917466394}
{"coastSample":10,"contentY":271.6831813819578,"endTimestamp":278745151,"flicking":true,"velocity":946.3471689059508}
{"coastSample":11,"contentY":282.86840211132443,"endTimestamp":278745151,"flicking":true,"velocity":927.603166986567}
{"coastSample":12,"contentY":304.59105086372364,"endTimestamp":278745151,"flicking":true,"velocity":891.6146833013366}
{"coastSample":13,"contentY":325.4499760076776,"endTimestamp":278745151,"flicking":true,"velocity":855.6261996161253}
{"coastSample":14,"contentY":340.5273512476008,"endTimestamp":278745151,"flicking":true,"velocity":828.634836852198}
{"coastSample":15,"contentY":360.662158109405,"endTimestamp":278745151,"flicking":true,"velocity":791.146833013433}
{"angleX":0,"angleY":0,"contentY":567,"deviceType":4,"inverted":false,"overViewport":true,"phase":1,"pixelX":0,"pixelY":0,"pointerX":704.78515625,"pointerY":474.875,"source":0,"timestamp":278746327}
{"angleX":0,"angleY":0,"contentY":567,"deviceType":4,"inverted":false,"overViewport":true,"phase":1,"pixelX":0,"pixelY":0,"pointerX":704.78515625,"pointerY":474.875,"source":0,"timestamp":278746327}
{"angleX":0,"angleY":-108,"contentY":567,"deviceType":4,"inverted":true,"overViewport":true,"phase":2,"pixelX":0,"pixelY":-9,"pointerX":704.78515625,"pointerY":474.875,"source":1,"timestamp":278746327}
{"angleX":0,"angleY":-136,"contentY":567,"deviceType":4,"inverted":true,"overViewport":true,"phase":2,"pixelX":0,"pixelY":-11,"pointerX":704.78515625,"pointerY":474.875,"source":1,"timestamp":278746334}
{"angleX":0,"angleY":-163,"contentY":567,"deviceType":4,"inverted":true,"overViewport":true,"phase":2,"pixelX":0,"pixelY":-14,"pointerX":704.78515625,"pointerY":474.875,"source":1,"timestamp":278746341}
{"angleX":0,"angleY":-187,"contentY":567,"deviceType":4,"inverted":true,"overViewport":true,"phase":2,"pixelX":0,"pixelY":-16,"pointerX":704.78515625,"pointerY":474.875,"source":1,"timestamp":278746349}
{"angleX":0,"angleY":-210,"contentY":583,"deviceType":4,"inverted":true,"overViewport":true,"phase":2,"pixelX":0,"pixelY":-17,"pointerX":704.78515625,"pointerY":474.875,"source":1,"timestamp":278746356}
{"angleX":0,"angleY":-218,"contentY":600,"deviceType":4,"inverted":true,"overViewport":true,"phase":2,"pixelX":0,"pixelY":-18,"pointerX":704.78515625,"pointerY":474.875,"source":1,"timestamp":278746363}
{"angleX":0,"angleY":-228,"contentY":618,"deviceType":4,"inverted":true,"overViewport":true,"phase":2,"pixelX":0,"pixelY":-19,"pointerX":704.78515625,"pointerY":474.875,"source":1,"timestamp":278746370}
{"angleX":0,"angleY":-222,"contentY":637,"deviceType":4,"inverted":true,"overViewport":true,"phase":2,"pixelX":0,"pixelY":-19,"pointerX":704.78515625,"pointerY":474.875,"source":1,"timestamp":278746377}
{"angleX":0,"angleY":-224,"contentY":656,"deviceType":4,"inverted":true,"overViewport":true,"phase":2,"pixelX":0,"pixelY":-18,"pointerX":704.78515625,"pointerY":474.875,"source":1,"timestamp":278746384}
{"angleX":0,"angleY":0,"contentY":674,"deviceType":4,"inverted":true,"overViewport":true,"phase":3,"pixelX":0,"pixelY":0,"pointerX":704.78515625,"pointerY":474.875,"source":0,"timestamp":278746398}
{"angleX":0,"angleY":0,"contentY":674,"deviceType":4,"inverted":true,"overViewport":true,"phase":3,"pixelX":0,"pixelY":0,"pointerX":704.78515625,"pointerY":474.875,"source":0,"timestamp":278746398}
{"coastSample":1,"contentY":739.0968309859155,"endTimestamp":278746398,"flicking":true,"velocity":1905.8098591549235}
{"coastSample":2,"contentY":776.9137323943662,"endTimestamp":278746398,"flicking":true,"velocity":1377.6408450704214}
{"coastSample":3,"contentY":802.0545774647887,"endTimestamp":278746398,"flicking":true,"velocity":849.4718309859195}
{"coastSample":4,"contentY":812.5915492957747,"endTimestamp":278746398,"flicking":true,"velocity":453.34507042254774}
{"coastSample":5,"contentY":816,"endTimestamp":278746398,"flicking":false,"velocity":0}
{"coastSample":6,"contentY":816,"endTimestamp":278746398,"flicking":false,"velocity":0}
{"coastSample":7,"contentY":816,"endTimestamp":278746398,"flicking":false,"velocity":0}
{"coastSample":8,"contentY":816,"endTimestamp":278746398,"flicking":false,"velocity":0}
{"coastSample":9,"contentY":816,"endTimestamp":278746398,"flicking":false,"velocity":0}
{"coastSample":10,"contentY":816,"endTimestamp":278746398,"flicking":false,"velocity":0}
{"coastSample":11,"contentY":816,"endTimestamp":278746398,"flicking":false,"velocity":0}
{"coastSample":12,"contentY":816,"endTimestamp":278746398,"flicking":false,"velocity":0}
{"coastSample":13,"contentY":816,"endTimestamp":278746398,"flicking":false,"velocity":0}
{"coastSample":14,"contentY":816,"endTimestamp":278746398,"flicking":false,"velocity":0}
{"coastSample":15,"contentY":816,"endTimestamp":278746398,"flicking":false,"velocity":0}
{"angleX":0,"angleY":0,"contentY":816,"deviceType":4,"inverted":false,"overViewport":true,"phase":1,"pixelX":0,"pixelY":0,"pointerX":704.78515625,"pointerY":474.875,"source":0,"timestamp":278747235}
{"angleX":0,"angleY":0,"contentY":816,"deviceType":4,"inverted":false,"overViewport":true,"phase":1,"pixelX":0,"pixelY":0,"pointerX":704.78515625,"pointerY":474.875,"source":0,"timestamp":278747235}
{"angleX":0,"angleY":49,"contentY":816,"deviceType":4,"inverted":true,"overViewport":true,"phase":2,"pixelX":0,"pixelY":4,"pointerX":704.78515625,"pointerY":474.875,"source":1,"timestamp":278747235}
{"angleX":0,"angleY":53,"contentY":816,"deviceType":4,"inverted":true,"overViewport":true,"phase":2,"pixelX":0,"pixelY":4,"pointerX":704.78515625,"pointerY":474.875,"source":1,"timestamp":278747242}
{"angleX":0,"angleY":55,"contentY":816,"deviceType":4,"inverted":true,"overViewport":true,"phase":2,"pixelX":0,"pixelY":5,"pointerX":704.78515625,"pointerY":474.875,"source":1,"timestamp":278747250}
{"angleX":0,"angleY":57,"contentY":816,"deviceType":4,"inverted":true,"overViewport":true,"phase":2,"pixelX":0,"pixelY":5,"pointerX":704.78515625,"pointerY":474.875,"source":1,"timestamp":278747257}
{"angleX":0,"angleY":55,"contentY":811,"deviceType":4,"inverted":true,"overViewport":true,"phase":2,"pixelX":0,"pixelY":4,"pointerX":704.78515625,"pointerY":474.875,"source":1,"timestamp":278747264}
{"angleX":0,"angleY":57,"contentY":807,"deviceType":4,"inverted":true,"overViewport":true,"phase":2,"pixelX":0,"pixelY":5,"pointerX":704.78515625,"pointerY":474.875,"source":1,"timestamp":278747271}
{"angleX":0,"angleY":53,"contentY":802,"deviceType":4,"inverted":true,"overViewport":true,"phase":2,"pixelX":0,"pixelY":5,"pointerX":704.78515625,"pointerY":474.875,"source":1,"timestamp":278747278}
{"angleX":0,"angleY":55,"contentY":797,"deviceType":4,"inverted":true,"overViewport":true,"phase":2,"pixelX":0,"pixelY":4,"pointerX":704.78515625,"pointerY":474.875,"source":1,"timestamp":278747285}
{"angleX":0,"angleY":55,"contentY":793,"deviceType":4,"inverted":true,"overViewport":true,"phase":2,"pixelX":0,"pixelY":5,"pointerX":704.78515625,"pointerY":474.875,"source":1,"timestamp":278747293}
{"angleX":0,"angleY":59,"contentY":788,"deviceType":4,"inverted":true,"overViewport":true,"phase":2,"pixelX":0,"pixelY":5,"pointerX":704.78515625,"pointerY":474.875,"source":1,"timestamp":278747300}
{"angleX":0,"angleY":59,"contentY":783,"deviceType":4,"inverted":true,"overViewport":true,"phase":2,"pixelX":0,"pixelY":5,"pointerX":704.78515625,"pointerY":474.875,"source":1,"timestamp":278747307}
{"angleX":0,"angleY":65,"contentY":778,"deviceType":4,"inverted":true,"overViewport":true,"phase":2,"pixelX":0,"pixelY":5,"pointerX":704.78515625,"pointerY":474.875,"source":1,"timestamp":278747314}
{"angleX":0,"angleY":69,"contentY":773,"deviceType":4,"inverted":true,"overViewport":true,"phase":2,"pixelX":0,"pixelY":6,"pointerX":704.78515625,"pointerY":474.875,"source":1,"timestamp":278747321}
{"angleX":0,"angleY":77,"contentY":767,"deviceType":4,"inverted":true,"overViewport":true,"phase":2,"pixelX":0,"pixelY":6,"pointerX":704.78515625,"pointerY":474.875,"source":1,"timestamp":278747328}
{"angleX":0,"angleY":73,"contentY":761,"deviceType":4,"inverted":true,"overViewport":true,"phase":2,"pixelX":0,"pixelY":6,"pointerX":704.78515625,"pointerY":474.875,"source":1,"timestamp":278747336}
{"angleX":0,"angleY":77,"contentY":755,"deviceType":4,"inverted":true,"overViewport":true,"phase":2,"pixelX":0,"pixelY":7,"pointerX":704.78515625,"pointerY":474.875,"source":1,"timestamp":278747343}
{"angleX":0,"angleY":88,"contentY":748,"deviceType":4,"inverted":true,"overViewport":true,"phase":2,"pixelX":0,"pixelY":7,"pointerX":704.78515625,"pointerY":474.875,"source":1,"timestamp":278747350}
{"angleX":0,"angleY":98,"contentY":741,"deviceType":4,"inverted":true,"overViewport":true,"phase":2,"pixelX":0,"pixelY":8,"pointerX":704.78515625,"pointerY":474.875,"source":1,"timestamp":278747357}
{"angleX":0,"angleY":110,"contentY":733,"deviceType":4,"inverted":true,"overViewport":true,"phase":2,"pixelX":0,"pixelY":9,"pointerX":704.78515625,"pointerY":474.875,"source":1,"timestamp":278747365}
{"angleX":0,"angleY":100,"contentY":724,"deviceType":4,"inverted":true,"overViewport":true,"phase":2,"pixelX":0,"pixelY":9,"pointerX":704.78515625,"pointerY":474.875,"source":1,"timestamp":278747372}
{"angleX":0,"angleY":0,"contentY":715,"deviceType":4,"inverted":true,"overViewport":true,"phase":3,"pixelX":0,"pixelY":0,"pointerX":704.78515625,"pointerY":474.875,"source":0,"timestamp":278747385}
{"angleX":0,"angleY":0,"contentY":715,"deviceType":4,"inverted":true,"overViewport":true,"phase":3,"pixelX":0,"pixelY":0,"pointerX":704.78515625,"pointerY":474.875,"source":0,"timestamp":278747385}
{"coastSample":1,"contentY":681.5231821488361,"endTimestamp":278747385,"flicking":true,"velocity":-1097.8947853555496}
{"coastSample":2,"contentY":662.0850605867347,"endTimestamp":278747385,"flicking":true,"velocity":-1070.8960708306752}
{"coastSample":3,"contentY":636.9235291772959,"endTimestamp":278747385,"flicking":true,"velocity":-1034.897784797522}
{"coastSample":4,"contentY":618.6193536252391,"endTimestamp":278747385,"flicking":true,"velocity":-1007.8990702726477}
{"coastSample":5,"contentY":594.0030991950002,"endTimestamp":278747385,"flicking":true,"velocity":-970.4008556547592}
{"coastSample":6,"contentY":576.859868367513,"endTimestamp":278747385,"flicking":true,"velocity":-943.4021411299037}
{"coastSample":7,"contentY":560.2026144014735,"endTimestamp":278747385,"flicking":true,"velocity":-916.4034266050104}
{"coastSample":8,"contentY":538.7489064534504,"endTimestamp":278747385,"flicking":true,"velocity":-880.4051405718573}
{"coastSample":9,"contentY":523.2255984974556,"endTimestamp":278747385,"flicking":true,"velocity":-853.4064260469828}
{"coastSample":10,"contentY":512.3165561390572,"endTimestamp":278747385,"flicking":true,"velocity":-834.6573187380467}
{"coastSample":11,"contentY":492.84275392285815,"endTimestamp":278747385,"flicking":true,"velocity":-797.9090684125177}
{"coastSample":12,"contentY":478.80437526573127,"endTimestamp":278747385,"flicking":true,"velocity":-770.9103538876528}
{"coastSample":13,"contentY":460.8425010629251,"endTimestamp":278747385,"flicking":true,"velocity":-734.9120678544901}
{"coastSample":14,"contentY":447.93806841584285,"endTimestamp":278747385,"flicking":true,"velocity":-707.9133533296158}
{"coastSample":15,"contentY":430.8214569091797,"endTimestamp":278747385,"flicking":true,"velocity":-670.4151387117369}
{"angleX":0,"angleY":0,"contentY":283,"deviceType":4,"inverted":false,"overViewport":true,"phase":1,"pixelX":0,"pixelY":0,"pointerX":704.78515625,"pointerY":474.875,"source":0,"timestamp":278748309}
{"angleX":0,"angleY":0,"contentY":283,"deviceType":4,"inverted":false,"overViewport":true,"phase":1,"pixelX":0,"pixelY":0,"pointerX":704.78515625,"pointerY":474.875,"source":0,"timestamp":278748309}
{"angleX":0,"angleY":69,"contentY":283,"deviceType":4,"inverted":true,"overViewport":true,"phase":2,"pixelX":0,"pixelY":6,"pointerX":704.78515625,"pointerY":474.875,"source":1,"timestamp":278748309}
{"angleX":0,"angleY":77,"contentY":283,"deviceType":4,"inverted":true,"overViewport":true,"phase":2,"pixelX":0,"pixelY":6,"pointerX":704.78515625,"pointerY":474.875,"source":1,"timestamp":278748316}
{"angleX":0,"angleY":88,"contentY":283,"deviceType":4,"inverted":true,"overViewport":true,"phase":2,"pixelX":0,"pixelY":8,"pointerX":704.78515625,"pointerY":474.875,"source":1,"timestamp":278748323}
{"angleX":0,"angleY":100,"contentY":283,"deviceType":4,"inverted":true,"overViewport":true,"phase":2,"pixelX":0,"pixelY":8,"pointerX":704.78515625,"pointerY":474.875,"source":1,"timestamp":278748330}
{"angleX":0,"angleY":110,"contentY":275,"deviceType":4,"inverted":true,"overViewport":true,"phase":2,"pixelX":0,"pixelY":9,"pointerX":704.78515625,"pointerY":474.875,"source":1,"timestamp":278748338}
{"angleX":0,"angleY":114,"contentY":266,"deviceType":4,"inverted":true,"overViewport":true,"phase":2,"pixelX":0,"pixelY":10,"pointerX":704.78515625,"pointerY":474.875,"source":1,"timestamp":278748345}
{"angleX":0,"angleY":141,"contentY":256,"deviceType":4,"inverted":true,"overViewport":true,"phase":2,"pixelX":0,"pixelY":11,"pointerX":704.78515625,"pointerY":474.875,"source":1,"timestamp":278748352}
{"angleX":0,"angleY":155,"contentY":245,"deviceType":4,"inverted":true,"overViewport":true,"phase":2,"pixelX":0,"pixelY":13,"pointerX":704.78515625,"pointerY":474.875,"source":1,"timestamp":278748359}
{"angleX":0,"angleY":163,"contentY":232,"deviceType":4,"inverted":true,"overViewport":true,"phase":2,"pixelX":0,"pixelY":14,"pointerX":704.78515625,"pointerY":474.875,"source":1,"timestamp":278748366}
{"angleX":0,"angleY":159,"contentY":218,"deviceType":4,"inverted":true,"overViewport":true,"phase":2,"pixelX":0,"pixelY":13,"pointerX":704.78515625,"pointerY":474.875,"source":1,"timestamp":278748373}
{"angleX":0,"angleY":161,"contentY":205,"deviceType":4,"inverted":true,"overViewport":true,"phase":2,"pixelX":0,"pixelY":13,"pointerX":704.78515625,"pointerY":474.875,"source":1,"timestamp":278748381}
{"angleX":0,"angleY":177,"contentY":192,"deviceType":4,"inverted":true,"overViewport":true,"phase":2,"pixelX":0,"pixelY":15,"pointerX":704.78515625,"pointerY":474.875,"source":1,"timestamp":278748388}
{"angleX":0,"angleY":0,"contentY":177,"deviceType":4,"inverted":true,"overViewport":true,"phase":3,"pixelX":0,"pixelY":0,"pointerX":704.78515625,"pointerY":474.875,"source":0,"timestamp":278748401}
{"angleX":0,"angleY":0,"contentY":177,"deviceType":4,"inverted":true,"overViewport":true,"phase":3,"pixelX":0,"pixelY":0,"pointerX":704.78515625,"pointerY":474.875,"source":0,"timestamp":278748401}
{"coastSample":1,"contentY":124.4317233845339,"endTimestamp":278748401,"flicking":true,"velocity":-1629.0965969279678}
{"coastSample":2,"contentY":97.32521186440678,"endTimestamp":278748401,"flicking":true,"velocity":-1444.327661546609}
{"coastSample":3,"contentY":66.35672669491525,"endTimestamp":278748401,"flicking":true,"velocity":-1197.969081038136}
{"coastSample":4,"contentY":47.01051046080508,"endTimestamp":278748401,"flicking":true,"velocity":-1013.200145656782}
{"coastSample":5,"contentY":25.658171400512003,"endTimestamp":278748401,"flicking":true,"velocity":-756.5766242937856}
{"coastSample":6,"contentY":14.257019387800142,"endTimestamp":278748401,"flicking":true,"velocity":-571.8076889124291}
{"coastSample":7,"contentY":6.181708211952696,"endTimestamp":278748401,"flicking":true,"velocity":-387.03875353107264}
{"coastSample":8,"contentY":1.4322378729696652,"endTimestamp":278748401,"flicking":true,"velocity":-202.26981814971623}
{"coastSample":9,"contentY":0.11361366746115209,"endTimestamp":278748401,"flicking":true,"velocity":-79.09052789547862}
{"coastSample":10,"contentY":0,"endTimestamp":278748401,"flicking":false,"velocity":0}
{"coastSample":11,"contentY":0,"endTimestamp":278748401,"flicking":false,"velocity":0}
{"coastSample":12,"contentY":0,"endTimestamp":278748401,"flicking":false,"velocity":0}
{"coastSample":13,"contentY":0,"endTimestamp":278748401,"flicking":false,"velocity":0}
{"coastSample":14,"contentY":0,"endTimestamp":278748401,"flicking":false,"velocity":0}
{"coastSample":15,"contentY":0,"endTimestamp":278748401,"flicking":false,"velocity":0}
{"angleX":0,"angleY":0,"contentY":0,"deviceType":4,"inverted":false,"overViewport":true,"phase":1,"pixelX":0,"pixelY":0,"pointerX":704.78515625,"pointerY":474.875,"source":0,"timestamp":278749065}
{"angleX":0,"angleY":0,"contentY":0,"deviceType":4,"inverted":false,"overViewport":true,"phase":1,"pixelX":0,"pixelY":0,"pointerX":704.78515625,"pointerY":474.875,"source":0,"timestamp":278749065}
{"angleX":0,"angleY":-79,"contentY":0,"deviceType":4,"inverted":true,"overViewport":true,"phase":2,"pixelX":0,"pixelY":-7,"pointerX":704.78515625,"pointerY":474.875,"source":1,"timestamp":278749065}
{"angleX":0,"angleY":-86,"contentY":0,"deviceType":4,"inverted":true,"overViewport":true,"phase":2,"pixelX":0,"pixelY":-7,"pointerX":704.78515625,"pointerY":474.875,"source":1,"timestamp":278749073}
{"angleX":0,"angleY":-88,"contentY":0,"deviceType":4,"inverted":true,"overViewport":true,"phase":2,"pixelX":0,"pixelY":-7,"pointerX":704.78515625,"pointerY":474.875,"source":1,"timestamp":278749080}
{"angleX":0,"angleY":-100,"contentY":0,"deviceType":4,"inverted":true,"overViewport":true,"phase":2,"pixelX":0,"pixelY":-8,"pointerX":704.78515625,"pointerY":474.875,"source":1,"timestamp":278749087}
{"angleX":0,"angleY":-116,"contentY":8,"deviceType":4,"inverted":true,"overViewport":true,"phase":2,"pixelX":0,"pixelY":-10,"pointerX":704.78515625,"pointerY":474.875,"source":1,"timestamp":278749094}
{"angleX":0,"angleY":-116,"contentY":18,"deviceType":4,"inverted":true,"overViewport":true,"phase":2,"pixelX":0,"pixelY":-10,"pointerX":704.78515625,"pointerY":474.875,"source":1,"timestamp":278749101}
{"angleX":0,"angleY":-112,"contentY":28,"deviceType":4,"inverted":true,"overViewport":true,"phase":2,"pixelX":0,"pixelY":-9,"pointerX":704.78515625,"pointerY":474.875,"source":1,"timestamp":278749108}
{"angleX":0,"angleY":-98,"contentY":37,"deviceType":4,"inverted":true,"overViewport":true,"phase":2,"pixelX":0,"pixelY":-8,"pointerX":704.78515625,"pointerY":474.875,"source":1,"timestamp":278749116}
{"angleX":0,"angleY":-92,"contentY":45,"deviceType":4,"inverted":true,"overViewport":true,"phase":2,"pixelX":0,"pixelY":-8,"pointerX":704.78515625,"pointerY":474.875,"source":1,"timestamp":278749123}
{"angleX":0,"angleY":-81,"contentY":53,"deviceType":4,"inverted":true,"overViewport":true,"phase":2,"pixelX":0,"pixelY":-7,"pointerX":704.78515625,"pointerY":474.875,"source":1,"timestamp":278749130}
{"angleX":0,"angleY":0,"contentY":60,"deviceType":4,"inverted":true,"overViewport":true,"phase":3,"pixelX":0,"pixelY":0,"pointerX":704.78515625,"pointerY":474.875,"source":0,"timestamp":278749143}
{"angleX":0,"angleY":0,"contentY":60,"deviceType":4,"inverted":true,"overViewport":true,"phase":3,"pixelX":0,"pixelY":0,"pointerX":704.78515625,"pointerY":474.875,"source":0,"timestamp":278749143}
{"coastSample":1,"contentY":92.53996494685893,"endTimestamp":278749143,"flicking":true,"velocity":1066.6836110972492}
{"coastSample":2,"contentY":111.4165959782446,"endTimestamp":278749143,"flicking":true,"velocity":1039.71078040018}
{"coastSample":3,"contentY":135.83019809390748,"endTimestamp":278749143,"flicking":true,"velocity":1003.7470061374165}
{"coastSample":4,"contentY":153.57397023601618,"endTimestamp":278749143,"flicking":true,"velocity":976.7741754403497}
{"coastSample":5,"contentY":177.4126595167407,"endTimestamp":278749143,"flicking":true,"velocity":939.3119105833042}
{"coastSample":6,"contentY":193.9965999388753,"endTimestamp":278749143,"flicking":true,"velocity":912.3390798862328}
{"coastSample":7,"contentY":215.35328124220348,"endTimestamp":278749143,"flicking":true,"velocity":876.3753056234738}
{"coastSample":8,"contentY":225.7079479255027,"endTimestamp":278749143,"flicking":true,"velocity":858.3934184920896}
{"coastSample":9,"contentY":240.8353554899955,"endTimestamp":278749143,"flicking":true,"velocity":831.4205877950182}
{"coastSample":10,"contentY":261.0402050795868,"endTimestamp":278749143,"flicking":true,"velocity":793.9583229379726}
{"coastSample":11,"contentY":275.0077809241056,"endTimestamp":278749143,"flicking":true,"velocity":766.9854922409058}
{"coastSample":12,"contentY":292.8759761239459,"endTimestamp":278749143,"flicking":true,"velocity":731.021717978147}
{"coastSample":13,"contentY":305.71069307918765,"endTimestamp":278749143,"flicking":true,"velocity":704.0488872810707}
{"coastSample":14,"contentY":322.068409759992,"endTimestamp":278749143,"flicking":true,"velocity":668.085113018312}
{"coastSample":15,"contentY":334.40613539119806,"endTimestamp":278749143,"flicking":true,"velocity":639.6137917269679}
{"angleX":0,"angleY":0,"contentY":469,"deviceType":4,"inverted":false,"overViewport":true,"phase":1,"pixelX":0,"pixelY":0,"pointerX":704.78515625,"pointerY":474.875,"source":0,"timestamp":278750031}
{"angleX":0,"angleY":0,"contentY":469,"deviceType":4,"inverted":false,"overViewport":true,"phase":1,"pixelX":0,"pixelY":0,"pointerX":704.78515625,"pointerY":474.875,"source":0,"timestamp":278750031}
{"angleX":0,"angleY":-98,"contentY":469,"deviceType":4,"inverted":true,"overViewport":true,"phase":2,"pixelX":0,"pixelY":-8,"pointerX":704.78515625,"pointerY":474.875,"source":1,"timestamp":278750031}
{"angleX":0,"angleY":-118,"contentY":469,"deviceType":4,"inverted":true,"overViewport":true,"phase":2,"pixelX":0,"pixelY":-10,"pointerX":704.78515625,"pointerY":474.875,"source":1,"timestamp":278750038}
{"angleX":0,"angleY":-118,"contentY":469,"deviceType":4,"inverted":true,"overViewport":true,"phase":2,"pixelX":0,"pixelY":-10,"pointerX":704.78515625,"pointerY":474.875,"source":1,"timestamp":278750045}
{"angleX":0,"angleY":-110,"contentY":469,"deviceType":4,"inverted":true,"overViewport":true,"phase":2,"pixelX":0,"pixelY":-9,"pointerX":704.78515625,"pointerY":474.875,"source":1,"timestamp":278750053}
{"angleX":0,"angleY":-118,"contentY":478,"deviceType":4,"inverted":true,"overViewport":true,"phase":2,"pixelX":0,"pixelY":-10,"pointerX":704.78515625,"pointerY":474.875,"source":1,"timestamp":278750060}
{"angleX":0,"angleY":-120,"contentY":488,"deviceType":4,"inverted":true,"overViewport":true,"phase":2,"pixelX":0,"pixelY":-10,"pointerX":704.78515625,"pointerY":474.875,"source":1,"timestamp":278750067}
{"angleX":0,"angleY":-118,"contentY":498,"deviceType":4,"inverted":true,"overViewport":true,"phase":2,"pixelX":0,"pixelY":-10,"pointerX":704.78515625,"pointerY":474.875,"source":1,"timestamp":278750074}
{"angleX":0,"angleY":-112,"contentY":508,"deviceType":4,"inverted":true,"overViewport":true,"phase":2,"pixelX":0,"pixelY":-9,"pointerX":704.78515625,"pointerY":474.875,"source":1,"timestamp":278750081}
{"angleX":0,"angleY":-118,"contentY":517,"deviceType":4,"inverted":true,"overViewport":true,"phase":2,"pixelX":0,"pixelY":-10,"pointerX":704.78515625,"pointerY":474.875,"source":1,"timestamp":278750088}
{"angleX":0,"angleY":-136,"contentY":527,"deviceType":4,"inverted":true,"overViewport":true,"phase":2,"pixelX":0,"pixelY":-11,"pointerX":704.78515625,"pointerY":474.875,"source":1,"timestamp":278750096}
{"angleX":0,"angleY":-157,"contentY":538,"deviceType":4,"inverted":true,"overViewport":true,"phase":2,"pixelX":0,"pixelY":-13,"pointerX":704.78515625,"pointerY":474.875,"source":1,"timestamp":278750103}
{"angleX":0,"angleY":-177,"contentY":551,"deviceType":4,"inverted":true,"overViewport":true,"phase":2,"pixelX":0,"pixelY":-15,"pointerX":704.78515625,"pointerY":474.875,"source":1,"timestamp":278750110}
{"angleX":0,"angleY":-196,"contentY":566,"deviceType":4,"inverted":true,"overViewport":true,"phase":2,"pixelX":0,"pixelY":-16,"pointerX":704.78515625,"pointerY":474.875,"source":1,"timestamp":278750117}
{"angleX":0,"angleY":-200,"contentY":582,"deviceType":4,"inverted":true,"overViewport":true,"phase":2,"pixelX":0,"pixelY":-17,"pointerX":704.78515625,"pointerY":474.875,"source":1,"timestamp":278750124}
{"angleX":0,"angleY":-198,"contentY":599,"deviceType":4,"inverted":true,"overViewport":true,"phase":2,"pixelX":0,"pixelY":-16,"pointerX":704.78515625,"pointerY":474.875,"source":1,"timestamp":278750132}
{"angleX":0,"angleY":0,"contentY":615,"deviceType":4,"inverted":true,"overViewport":true,"phase":3,"pixelX":0,"pixelY":0,"pointerX":704.78515625,"pointerY":474.875,"source":0,"timestamp":278750138}
{"angleX":0,"angleY":0,"contentY":615,"deviceType":4,"inverted":true,"overViewport":true,"phase":3,"pixelX":0,"pixelY":0,"pointerX":704.78515625,"pointerY":474.875,"source":0,"timestamp":278750138}
{"coastSample":1,"contentY":652.8812823636918,"endTimestamp":278750138,"flicking":true,"velocity":2031.3356685957917}
{"coastSample":2,"contentY":686.8108437404812,"endTimestamp":278750138,"flicking":true,"velocity":1811.7956137678939}
{"coastSample":3,"contentY":725.9031373743527,"endTimestamp":278750138,"flicking":true,"velocity":1519.075540664024}
{"coastSample":4,"contentY":750.6120164483705,"endTimestamp":278750138,"flicking":true,"velocity":1299.5354858361452}
{"coastSample":5,"contentY":778.3741940806174,"endTimestamp":278750138,"flicking":true,"velocity":1000.7170778759311}
{"coastSample":6,"contentY":793.6428507970352,"endTimestamp":278750138,"flicking":true,"velocity":775.0786881916838}
{"coastSample":7,"contentY":801.6265547263681,"endTimestamp":278750138,"flicking":true,"velocity":628.7186516397393}
{"coastSample":8,"contentY":810.309009797949,"endTimestamp":278750138,"flicking":true,"velocity":409.17859681184154}
{"coastSample":9,"contentY":815.0397438826277,"endTimestamp":278750138,"flicking":true,"velocity":189.6385419839627}
{"coastSample":10,"contentY":816,"endTimestamp":278750138,"flicking":false,"velocity":0}
{"coastSample":11,"contentY":816,"endTimestamp":278750138,"flicking":false,"velocity":0}
{"coastSample":12,"contentY":816,"endTimestamp":278750138,"flicking":false,"velocity":0}
{"coastSample":13,"contentY":816,"endTimestamp":278750138,"flicking":false,"velocity":0}
{"coastSample":14,"contentY":816,"endTimestamp":278750138,"flicking":false,"velocity":0}
{"coastSample":15,"contentY":816,"endTimestamp":278750138,"flicking":false,"velocity":0}
{"angleX":0,"angleY":0,"contentY":816,"deviceType":4,"inverted":false,"overViewport":true,"phase":1,"pixelX":0,"pixelY":0,"pointerX":704.78515625,"pointerY":474.875,"source":0,"timestamp":278750867}
{"angleX":0,"angleY":0,"contentY":816,"deviceType":4,"inverted":false,"overViewport":true,"phase":1,"pixelX":0,"pixelY":0,"pointerX":704.78515625,"pointerY":474.875,"source":0,"timestamp":278750867}
{"angleX":0,"angleY":222,"contentY":816,"deviceType":4,"inverted":true,"overViewport":true,"phase":2,"pixelX":0,"pixelY":19,"pointerX":704.78515625,"pointerY":474.875,"source":1,"timestamp":278750867}
{"angleX":0,"angleY":293,"contentY":816,"deviceType":4,"inverted":true,"overViewport":true,"phase":2,"pixelX":0,"pixelY":24,"pointerX":704.78515625,"pointerY":474.875,"source":1,"timestamp":278750874}
{"angleX":0,"angleY":346,"contentY":816,"deviceType":4,"inverted":true,"overViewport":true,"phase":2,"pixelX":0,"pixelY":29,"pointerX":704.78515625,"pointerY":474.875,"source":1,"timestamp":278750881}
{"angleX":0,"angleY":395,"contentY":816,"deviceType":4,"inverted":true,"overViewport":true,"phase":2,"pixelX":0,"pixelY":33,"pointerX":704.78515625,"pointerY":474.875,"source":1,"timestamp":278750889}
{"angleX":0,"angleY":440,"contentY":783,"deviceType":4,"inverted":true,"overViewport":true,"phase":2,"pixelX":0,"pixelY":36,"pointerX":704.78515625,"pointerY":474.875,"source":1,"timestamp":278750896}
{"angleX":0,"angleY":477,"contentY":747,"deviceType":4,"inverted":true,"overViewport":true,"phase":2,"pixelX":0,"pixelY":40,"pointerX":704.78515625,"pointerY":474.875,"source":1,"timestamp":278750903}
{"angleX":0,"angleY":536,"contentY":707,"deviceType":4,"inverted":true,"overViewport":true,"phase":2,"pixelX":0,"pixelY":45,"pointerX":704.78515625,"pointerY":474.875,"source":1,"timestamp":278750910}
{"angleX":0,"angleY":574,"contentY":662,"deviceType":4,"inverted":true,"overViewport":true,"phase":2,"pixelX":0,"pixelY":48,"pointerX":704.78515625,"pointerY":474.875,"source":1,"timestamp":278750917}
{"angleX":0,"angleY":589,"contentY":614,"deviceType":4,"inverted":true,"overViewport":true,"phase":2,"pixelX":0,"pixelY":49,"pointerX":704.78515625,"pointerY":474.875,"source":1,"timestamp":278750924}
{"angleX":0,"angleY":0,"contentY":565,"deviceType":4,"inverted":true,"overViewport":true,"phase":3,"pixelX":0,"pixelY":0,"pointerX":704.78515625,"pointerY":474.875,"source":0,"timestamp":278750945}
{"angleX":0,"angleY":0,"contentY":565,"deviceType":4,"inverted":true,"overViewport":true,"phase":3,"pixelX":0,"pixelY":0,"pointerX":704.78515625,"pointerY":474.875,"source":0,"timestamp":278750945}
{"coastSample":1,"contentY":492.48893805309734,"endTimestamp":278750945,"flicking":true,"velocity":-2350.6637168141633}
{"coastSample":2,"contentY":438.0641592920354,"endTimestamp":278750945,"flicking":true,"velocity":-2217.9203539822934}
{"coastSample":3,"contentY":386.82522123893807,"endTimestamp":278750945,"flicking":true,"velocity":-2085.1769911504334}
{"coastSample":4,"contentY":350.4867256637168,"endTimestamp":278750945,"flicking":true,"velocity":-1985.6194690265547}
{"coastSample":5,"contentY":302.98949115044246,"endTimestamp":278750945,"flicking":true,"velocity":-1847.345132743366}
{"coastSample":6,"contentY":281.4186946902655,"endTimestamp":278750945,"flicking":true,"velocity":-1780.9734513274313}
{"coastSample":7,"contentY":250.5558628318584,"endTimestamp":278750945,"flicking":true,"velocity":-1681.4159292035338}
{"coastSample":8,"contentY":212.1930309734513,"endTimestamp":278750945,"flicking":true,"velocity":-1548.6725663716925}
{"coastSample":9,"contentY":185.51161504424778,"endTimestamp":278750945,"flicking":true,"velocity":-1449.1150442477856}
{"coastSample":10,"contentY":151.42699115044246,"endTimestamp":278750945,"flicking":true,"velocity":-1310.8407079645967}
{"coastSample":11,"contentY":129.02654867256638,"endTimestamp":278750945,"flicking":true,"velocity":-1211.2831858407087}
{"coastSample":12,"contentY":101.94690265486724,"endTimestamp":278750945,"flicking":true,"velocity":-1078.5398230088579}
{"coastSample":13,"contentY":83.72787610619463,"endTimestamp":278750945,"flicking":true,"velocity":-978.9823008849698}
{"coastSample":14,"contentY":72.57743362831854,"endTimestamp":278750945,"flicking":true,"velocity":-912.6106194690447}
{"coastSample":15,"contentY":51.90542035398221,"endTimestamp":278750945,"flicking":true,"velocity":-774.3362831858558}
{"angleX":0,"angleY":0,"contentY":0,"deviceType":4,"inverted":false,"overViewport":true,"phase":1,"pixelX":0,"pixelY":0,"pointerX":704.78515625,"pointerY":474.875,"source":0,"timestamp":278751739}
{"angleX":0,"angleY":0,"contentY":0,"deviceType":4,"inverted":false,"overViewport":true,"phase":1,"pixelX":0,"pixelY":0,"pointerX":704.78515625,"pointerY":474.875,"source":0,"timestamp":278751739}
{"angleX":0,"angleY":-259,"contentY":0,"deviceType":4,"inverted":true,"overViewport":true,"phase":2,"pixelX":0,"pixelY":-22,"pointerX":704.78515625,"pointerY":474.875,"source":1,"timestamp":278751739}
{"angleX":0,"angleY":-283,"contentY":0,"deviceType":4,"inverted":true,"overViewport":true,"phase":2,"pixelX":0,"pixelY":-23,"pointerX":704.78515625,"pointerY":474.875,"source":1,"timestamp":278751746}
{"angleX":0,"angleY":-303,"contentY":0,"deviceType":4,"inverted":true,"overViewport":true,"phase":2,"pixelX":0,"pixelY":-25,"pointerX":704.78515625,"pointerY":474.875,"source":1,"timestamp":278751754}
{"angleX":0,"angleY":-330,"contentY":0,"deviceType":4,"inverted":true,"overViewport":true,"phase":2,"pixelX":0,"pixelY":-28,"pointerX":704.78515625,"pointerY":474.875,"source":1,"timestamp":278751761}
{"angleX":0,"angleY":-340,"contentY":28,"deviceType":4,"inverted":true,"overViewport":true,"phase":2,"pixelX":0,"pixelY":-28,"pointerX":704.78515625,"pointerY":474.875,"source":1,"timestamp":278751768}
{"angleX":0,"angleY":-373,"contentY":56,"deviceType":4,"inverted":true,"overViewport":true,"phase":2,"pixelX":0,"pixelY":-31,"pointerX":704.78515625,"pointerY":474.875,"source":1,"timestamp":278751775}
{"angleX":0,"angleY":-393,"contentY":87,"deviceType":4,"inverted":true,"overViewport":true,"phase":2,"pixelX":0,"pixelY":-33,"pointerX":704.78515625,"pointerY":474.875,"source":1,"timestamp":278751782}
{"angleX":0,"angleY":-438,"contentY":120,"deviceType":4,"inverted":true,"overViewport":true,"phase":2,"pixelX":0,"pixelY":-37,"pointerX":704.78515625,"pointerY":474.875,"source":1,"timestamp":278751789}
{"angleX":0,"angleY":-450,"contentY":157,"deviceType":4,"inverted":true,"overViewport":true,"phase":2,"pixelX":0,"pixelY":-37,"pointerX":704.78515625,"pointerY":474.875,"source":1,"timestamp":278751797}
{"angleX":0,"angleY":-460,"contentY":194,"deviceType":4,"inverted":true,"overViewport":true,"phase":2,"pixelX":0,"pixelY":-38,"pointerX":704.78515625,"pointerY":474.875,"source":1,"timestamp":278751804}
{"angleX":0,"angleY":-450,"contentY":232,"deviceType":4,"inverted":true,"overViewport":true,"phase":2,"pixelX":0,"pixelY":-38,"pointerX":704.78515625,"pointerY":474.875,"source":1,"timestamp":278751811}
{"angleX":0,"angleY":0,"contentY":270,"deviceType":4,"inverted":true,"overViewport":true,"phase":3,"pixelX":0,"pixelY":0,"pointerX":704.78515625,"pointerY":474.875,"source":0,"timestamp":278751831}
{"angleX":0,"angleY":0,"contentY":270,"deviceType":4,"inverted":true,"overViewport":true,"phase":3,"pixelX":0,"pixelY":0,"pointerX":704.78515625,"pointerY":474.875,"source":0,"timestamp":278751831}
{"coastSample":1,"contentY":342.42445054945057,"endTimestamp":278751831,"flicking":true,"velocity":2345.4670329670366}
{"coastSample":2,"contentY":383.4065934065934,"endTimestamp":278751831,"flicking":true,"velocity":2242.445054945051}
{"coastSample":3,"contentY":435.16483516483515,"endTimestamp":278751831,"flicking":true,"velocity":2105.0824175824137}
{"coastSample":4,"contentY":471.82005494505495,"endTimestamp":278751831,"flicking":true,"velocity":2002.060439560438}
{"coastSample":5,"contentY":519.6537316849817,"endTimestamp":278751831,"flicking":true,"velocity":1858.9743589743648}
{"coastSample":6,"contentY":551.8790064102564,"endTimestamp":278751831,"flicking":true,"velocity":1755.95238095237}
{"coastSample":7,"contentY":591.961423992674,"endTimestamp":278751831,"flicking":true,"velocity":1618.5897435897423}
{"coastSample":8,"contentY":619.8597756410256,"endTimestamp":278751831,"flicking":true,"velocity":1515.5677655677664}
{"coastSample":9,"contentY":637.428456959707,"endTimestamp":278751831,"flicking":true,"velocity":1446.886446886443}
{"coastSample":10,"contentY":671.3827838827839,"endTimestamp":278751831,"flicking":true,"velocity":1303.8003663003603}
{"coastSample":11,"contentY":693.6149267399268,"endTimestamp":278751831,"flicking":true,"velocity":1200.7783882784036}
{"coastSample":12,"contentY":720.3731684981685,"endTimestamp":278751831,"flicking":true,"velocity":1063.4157509157565}
{"coastSample":13,"contentY":738.2783882783883,"endTimestamp":278751831,"flicking":true,"velocity":960.3937728937808}
{"coastSample":14,"contentY":759.2673992673992,"endTimestamp":278751831,"flicking":true,"velocity":823.0311355311338}
{"coastSample":15,"contentY":773.5456730769231,"endTimestamp":278751831,"flicking":true,"velocity":714.2857142857224}
{"angleX":0,"angleY":0,"contentY":816,"deviceType":4,"inverted":false,"overViewport":true,"phase":1,"pixelX":0,"pixelY":0,"pointerX":704.78515625,"pointerY":474.875,"source":0,"timestamp":278752467}
{"angleX":0,"angleY":0,"contentY":816,"deviceType":4,"inverted":false,"overViewport":true,"phase":1,"pixelX":0,"pixelY":0,"pointerX":704.78515625,"pointerY":474.875,"source":0,"timestamp":278752467}
{"angleX":0,"angleY":519,"contentY":816,"deviceType":4,"inverted":true,"overViewport":true,"phase":2,"pixelX":0,"pixelY":43,"pointerX":704.78515625,"pointerY":474.875,"source":1,"timestamp":278752467}
{"angleX":0,"angleY":664,"contentY":816,"deviceType":4,"inverted":true,"overViewport":true,"phase":2,"pixelX":0,"pixelY":56,"pointerX":704.78515625,"pointerY":474.875,"source":1,"timestamp":278752474}
{"angleX":0,"angleY":784,"contentY":816,"deviceType":4,"inverted":true,"overViewport":true,"phase":2,"pixelX":0,"pixelY":65,"pointerX":704.78515625,"pointerY":474.875,"source":1,"timestamp":278752481}
{"angleX":0,"angleY":853,"contentY":816,"deviceType":4,"inverted":true,"overViewport":true,"phase":2,"pixelX":0,"pixelY":71,"pointerX":704.78515625,"pointerY":474.875,"source":1,"timestamp":278752488}
{"angleX":0,"angleY":0,"contentY":745,"deviceType":4,"inverted":true,"overViewport":true,"phase":3,"pixelX":0,"pixelY":0,"pointerX":704.78515625,"pointerY":474.875,"source":0,"timestamp":278752502}
{"angleX":0,"angleY":0,"contentY":745,"deviceType":4,"inverted":true,"overViewport":true,"phase":3,"pixelX":0,"pixelY":0,"pointerX":704.78515625,"pointerY":474.875,"source":0,"timestamp":278752502}
{"coastSample":1,"contentY":671.8875838926174,"endTimestamp":278752502,"flicking":true,"velocity":-2386.7449664429614}
{"coastSample":2,"contentY":616.1157718120805,"endTimestamp":278752502,"flicking":true,"velocity":-2286.073825503346}
{"coastSample":3,"contentY":575.8724832214765,"endTimestamp":278752502,"flicking":true,"velocity":-2210.570469798654}
{"coastSample":4,"contentY":524.3288590604027,"endTimestamp":278752502,"flicking":true,"velocity":-2109.8993288590577}
{"coastSample":5,"contentY":473.2067953020134,"endTimestamp":278752502,"flicking":true,"velocity":-2005.0335570469808}
{"coastSample":6,"contentY":461.32760067114094,"endTimestamp":278752502,"flicking":true,"velocity":-1979.865771812077}
{"coastSample":7,"contentY":415.320889261745,"endTimestamp":278752502,"flicking":true,"velocity":-1879.1946308724807}
{"coastSample":8,"contentY":382.40142617449663,"endTimestamp":278752502,"flicking":true,"velocity":-1803.6912751677883}
{"coastSample":9,"contentY":340.62290268456377,"endTimestamp":278752502,"flicking":true,"velocity":-1703.0201342281828}
{"coastSample":10,"contentY":309.26174496644296,"endTimestamp":278752502,"flicking":true,"velocity":-1623.322147651}
{"coastSample":11,"contentY":271.81208053691273,"endTimestamp":278752502,"flicking":true,"velocity":-1522.6510067114134}
{"coastSample":12,"contentY":245.31040268456377,"endTimestamp":278752502,"flicking":true,"velocity":-1447.1476510067114}
{"coastSample":13,"contentY":212.08892617449658,"endTimestamp":278752502,"flicking":true,"velocity":-1346.4765100671343}
{"coastSample":14,"contentY":196.38422818791946,"endTimestamp":278752502,"flicking":true,"velocity":-1296.1409395973267}
{"coastSample":15,"contentY":172.7537751677853,"endTimestamp":278752502,"flicking":true,"velocity":-1216.4429530201157}
{"angleX":0,"angleY":0,"contentY":0,"deviceType":4,"inverted":false,"overViewport":true,"phase":1,"pixelX":0,"pixelY":0,"pointerX":704.78515625,"pointerY":474.875,"source":0,"timestamp":278753440}
{"angleX":0,"angleY":0,"contentY":0,"deviceType":4,"inverted":false,"overViewport":true,"phase":1,"pixelX":0,"pixelY":0,"pointerX":704.78515625,"pointerY":474.875,"source":0,"timestamp":278753440}
{"angleX":0,"angleY":230,"contentY":0,"deviceType":4,"inverted":true,"overViewport":true,"phase":2,"pixelX":0,"pixelY":19,"pointerX":704.78515625,"pointerY":474.875,"source":1,"timestamp":278753440}
{"angleX":0,"angleY":283,"contentY":0,"deviceType":4,"inverted":true,"overViewport":true,"phase":2,"pixelX":0,"pixelY":24,"pointerX":704.78515625,"pointerY":474.875,"source":1,"timestamp":278753447}
{"angleX":0,"angleY":338,"contentY":0,"deviceType":4,"inverted":true,"overViewport":true,"phase":2,"pixelX":0,"pixelY":28,"pointerX":704.78515625,"pointerY":474.875,"source":1,"timestamp":278753454}
{"angleX":0,"angleY":379,"contentY":0,"deviceType":4,"inverted":true,"overViewport":true,"phase":2,"pixelX":0,"pixelY":32,"pointerX":704.78515625,"pointerY":474.875,"source":1,"timestamp":278753461}
{"angleX":0,"angleY":395,"contentY":0,"deviceType":4,"inverted":true,"overViewport":true,"phase":2,"pixelX":0,"pixelY":32,"pointerX":704.78515625,"pointerY":474.875,"source":1,"timestamp":278753469}
{"angleX":0,"angleY":405,"contentY":0,"deviceType":4,"inverted":true,"overViewport":true,"phase":2,"pixelX":0,"pixelY":34,"pointerX":704.78515625,"pointerY":474.875,"source":1,"timestamp":278753476}
{"angleX":0,"angleY":395,"contentY":0,"deviceType":4,"inverted":true,"overViewport":true,"phase":2,"pixelX":0,"pixelY":33,"pointerX":704.78515625,"pointerY":474.875,"source":1,"timestamp":278753483}
{"angleX":0,"angleY":381,"contentY":0,"deviceType":4,"inverted":true,"overViewport":true,"phase":2,"pixelX":0,"pixelY":32,"pointerX":704.78515625,"pointerY":474.875,"source":1,"timestamp":278753490}
{"angleX":0,"angleY":0,"contentY":0,"deviceType":4,"inverted":true,"overViewport":true,"phase":3,"pixelX":0,"pixelY":0,"pointerX":704.78515625,"pointerY":474.875,"source":0,"timestamp":278753518}
{"angleX":0,"angleY":0,"contentY":0,"deviceType":4,"inverted":true,"overViewport":true,"phase":3,"pixelX":0,"pixelY":0,"pointerX":704.78515625,"pointerY":474.875,"source":0,"timestamp":278753518}
{"coastSample":1,"contentY":0,"endTimestamp":278753518,"flicking":false,"velocity":0}
{"coastSample":2,"contentY":0,"endTimestamp":278753518,"flicking":false,"velocity":0}
{"coastSample":3,"contentY":0,"endTimestamp":278753518,"flicking":false,"velocity":0}
{"coastSample":4,"contentY":0,"endTimestamp":278753518,"flicking":false,"velocity":0}
{"coastSample":5,"contentY":0,"endTimestamp":278753518,"flicking":false,"velocity":0}
{"coastSample":6,"contentY":0,"endTimestamp":278753518,"flicking":false,"velocity":0}
{"coastSample":7,"contentY":0,"endTimestamp":278753518,"flicking":false,"velocity":0}
{"coastSample":8,"contentY":0,"endTimestamp":278753518,"flicking":false,"velocity":0}
{"coastSample":9,"contentY":0,"endTimestamp":278753518,"flicking":false,"velocity":0}
{"coastSample":10,"contentY":0,"endTimestamp":278753518,"flicking":false,"velocity":0}
{"coastSample":11,"contentY":0,"endTimestamp":278753518,"flicking":false,"velocity":0}
{"coastSample":12,"contentY":0,"endTimestamp":278753518,"flicking":false,"velocity":0}
{"coastSample":13,"contentY":0,"endTimestamp":278753518,"flicking":false,"velocity":0}
{"coastSample":14,"contentY":0,"endTimestamp":278753518,"flicking":false,"velocity":0}
{"coastSample":15,"contentY":0,"endTimestamp":278753518,"flicking":false,"velocity":0}
{"angleX":0,"angleY":0,"contentY":0,"deviceType":4,"inverted":false,"overViewport":true,"phase":1,"pixelX":0,"pixelY":0,"pointerX":864.02734375,"pointerY":472.890625,"source":0,"timestamp":278754520}
{"angleX":0,"angleY":0,"contentY":0,"deviceType":4,"inverted":false,"overViewport":true,"phase":1,"pixelX":0,"pixelY":0,"pointerX":864.02734375,"pointerY":472.890625,"source":0,"timestamp":278754520}
{"angleX":0,"angleY":-116,"contentY":0,"deviceType":4,"inverted":true,"overViewport":true,"phase":2,"pixelX":0,"pixelY":-10,"pointerX":864.02734375,"pointerY":472.890625,"source":1,"timestamp":278754520}
{"angleX":0,"angleY":-138,"contentY":0,"deviceType":4,"inverted":true,"overViewport":true,"phase":2,"pixelX":0,"pixelY":-11,"pointerX":864.02734375,"pointerY":472.890625,"source":1,"timestamp":278754527}
{"angleX":0,"angleY":-167,"contentY":0,"deviceType":4,"inverted":true,"overViewport":true,"phase":2,"pixelX":0,"pixelY":-14,"pointerX":864.02734375,"pointerY":472.890625,"source":1,"timestamp":278754534}
{"angleX":0,"angleY":-173,"contentY":0,"deviceType":4,"inverted":true,"overViewport":true,"phase":2,"pixelX":0,"pixelY":-15,"pointerX":864.02734375,"pointerY":472.890625,"source":1,"timestamp":278754542}
{"angleX":0,"angleY":-189,"contentY":15,"deviceType":4,"inverted":true,"overViewport":true,"phase":2,"pixelX":0,"pixelY":-15,"pointerX":864.02734375,"pointerY":472.890625,"source":1,"timestamp":278754549}
{"angleX":0,"angleY":-216,"contentY":30,"deviceType":4,"inverted":true,"overViewport":true,"phase":2,"pixelX":0,"pixelY":-18,"pointerX":864.02734375,"pointerY":472.890625,"source":1,"timestamp":278754556}
{"angleX":0,"angleY":-232,"contentY":48,"deviceType":4,"inverted":true,"overViewport":true,"phase":2,"pixelX":0,"pixelY":-20,"pointerX":864.02734375,"pointerY":472.890625,"source":1,"timestamp":278754563}
{"angleX":0,"angleY":-244,"contentY":68,"deviceType":4,"inverted":true,"overViewport":true,"phase":2,"pixelX":0,"pixelY":-20,"pointerX":864.02734375,"pointerY":472.890625,"source":1,"timestamp":278754570}
{"angleX":0,"angleY":-251,"contentY":88,"deviceType":4,"inverted":true,"overViewport":true,"phase":2,"pixelX":0,"pixelY":-21,"pointerX":864.02734375,"pointerY":472.890625,"source":1,"timestamp":278754578}
{"angleX":0,"angleY":-261,"contentY":109,"deviceType":4,"inverted":true,"overViewport":true,"phase":2,"pixelX":0,"pixelY":-22,"pointerX":864.02734375,"pointerY":472.890625,"source":1,"timestamp":278754585}
{"angleX":0,"angleY":-251,"contentY":131,"deviceType":4,"inverted":true,"overViewport":true,"phase":2,"pixelX":0,"pixelY":-21,"pointerX":864.02734375,"pointerY":472.890625,"source":1,"timestamp":278754592}
{"angleX":0,"angleY":-251,"contentY":152,"deviceType":4,"inverted":true,"overViewport":true,"phase":2,"pixelX":0,"pixelY":-20,"pointerX":864.02734375,"pointerY":472.890625,"source":1,"timestamp":278754599}
{"angleX":0,"angleY":-242,"contentY":172,"deviceType":4,"inverted":true,"overViewport":true,"phase":2,"pixelX":0,"pixelY":-21,"pointerX":864.02734375,"pointerY":472.890625,"source":1,"timestamp":278754606}
{"angleX":0,"angleY":-234,"contentY":193,"deviceType":4,"inverted":true,"overViewport":true,"phase":2,"pixelX":0,"pixelY":-19,"pointerX":864.02734375,"pointerY":472.890625,"source":1,"timestamp":278754613}
{"angleX":0,"angleY":0,"contentY":212,"deviceType":4,"inverted":true,"overViewport":true,"phase":3,"pixelX":0,"pixelY":0,"pointerX":864.02734375,"pointerY":472.890625,"source":0,"timestamp":278754620}
{"angleX":0,"angleY":0,"contentY":212,"deviceType":4,"inverted":true,"overViewport":true,"phase":3,"pixelX":0,"pixelY":0,"pointerX":864.02734375,"pointerY":472.890625,"source":0,"timestamp":278754620}
{"coastSample":1,"contentY":270.50993377483445,"endTimestamp":278754620,"flicking":true,"velocity":2391.3493377483424}
{"coastSample":2,"contentY":326.03973509933775,"endTimestamp":278754620,"flicking":true,"velocity":2267.1771523178845}
{"coastSample":3,"contentY":365.73137417218544,"endTimestamp":278754620,"flicking":true,"velocity":2174.048013245037}
{"coastSample":4,"contentY":416.0459437086093,"endTimestamp":278754620,"flicking":true,"velocity":2049.8758278145697}
{"coastSample":5,"contentY":453.76479718543044,"endTimestamp":278754620,"flicking":true,"velocity":1951.5728476821153}
{"coastSample":6,"contentY":487.77555877483445,"endTimestamp":278754620,"flicking":true,"velocity":1858.4437086092767}
{"coastSample":7,"contentY":520.1099958609271,"endTimestamp":278754620,"flicking":true,"velocity":1765.3145695364099}
{"coastSample":8,"contentY":550.7681084437086,"endTimestamp":278754620,"flicking":true,"velocity":1672.1854304635715}
{"coastSample":9,"contentY":589.0379759933775,"endTimestamp":278754620,"flicking":true,"velocity":1548.0132450331137}
{"coastSample":10,"contentY":617.221440397351,"endTimestamp":278754620,"flicking":true,"velocity":1452.2971854304549}
{"coastSample":11,"contentY":650.1519039735099,"endTimestamp":278754620,"flicking":true,"velocity":1325.5380794701825}
{"coastSample":12,"contentY":680.1022350993378,"endTimestamp":278754620,"flicking":true,"velocity":1201.3658940397438}
{"coastSample":13,"contentY":687.1241721854304,"endTimestamp":278754620,"flicking":true,"velocity":1170.3228476821057}
{"coastSample":14,"contentY":713.3493377483443,"endTimestamp":278754620,"flicking":true,"velocity":1046.1506622516292}
{"coastSample":15,"contentY":731.9974130794702,"endTimestamp":278754620,"flicking":true,"velocity":950.4346026489949}
{"angleX":0,"angleY":0,"contentY":816,"deviceType":4,"inverted":false,"overViewport":true,"phase":1,"pixelX":0,"pixelY":0,"pointerX":864.02734375,"pointerY":472.890625,"source":0,"timestamp":278755327}
{"angleX":0,"angleY":0,"contentY":816,"deviceType":4,"inverted":false,"overViewport":true,"phase":1,"pixelX":0,"pixelY":0,"pointerX":864.02734375,"pointerY":472.890625,"source":0,"timestamp":278755327}
{"angleX":0,"angleY":285,"contentY":816,"deviceType":4,"inverted":true,"overViewport":true,"phase":2,"pixelX":0,"pixelY":24,"pointerX":864.02734375,"pointerY":472.890625,"source":1,"timestamp":278755327}
{"angleX":0,"angleY":344,"contentY":816,"deviceType":4,"inverted":true,"overViewport":true,"phase":2,"pixelX":0,"pixelY":28,"pointerX":864.02734375,"pointerY":472.890625,"source":1,"timestamp":278755334}
{"angleX":0,"angleY":389,"contentY":816,"deviceType":4,"inverted":true,"overViewport":true,"phase":2,"pixelX":0,"pixelY":33,"pointerX":864.02734375,"pointerY":472.890625,"source":1,"timestamp":278755341}
{"angleX":0,"angleY":405,"contentY":816,"deviceType":4,"inverted":true,"overViewport":true,"phase":2,"pixelX":0,"pixelY":34,"pointerX":864.02734375,"pointerY":472.890625,"source":1,"timestamp":278755348}
{"angleX":0,"angleY":0,"contentY":782,"deviceType":4,"inverted":true,"overViewport":true,"phase":3,"pixelX":0,"pixelY":0,"pointerX":864.02734375,"pointerY":472.890625,"source":0,"timestamp":278755355}
{"angleX":0,"angleY":0,"contentY":782,"deviceType":4,"inverted":true,"overViewport":true,"phase":3,"pixelX":0,"pixelY":0,"pointerX":864.02734375,"pointerY":472.890625,"source":0,"timestamp":278755355}
{"coastSample":1,"contentY":723.1508951406649,"endTimestamp":278755355,"flicking":true,"velocity":-2416.080562659848}
{"coastSample":2,"contentY":680.5246163682864,"endTimestamp":278755355,"flicking":true,"velocity":-2344.149616368289}
{"coastSample":3,"contentY":625.7036445012787,"endTimestamp":278755355,"flicking":true,"velocity":-2248.2416879795437}
{"coastSample":4,"contentY":573.184462915601,"endTimestamp":278755355,"flicking":true,"velocity":-2152.3337595907983}
{"coastSample":5,"contentY":533.2392103580562,"endTimestamp":278755355,"flicking":true,"velocity":-2076.4066496163878}
{"coastSample":6,"contentY":484.84406969309464,"endTimestamp":278755355,"flicking":true,"velocity":-1980.4987212276235}
{"coastSample":7,"contentY":450.0582640664962,"endTimestamp":278755355,"flicking":true,"velocity":-1908.567774936055}
{"coastSample":8,"contentY":427.5870364450128,"endTimestamp":278755355,"flicking":true,"velocity":-1860.6138107416825}
{"coastSample":9,"contentY":384.3709239130435,"endTimestamp":278755355,"flicking":true,"velocity":-1764.7058823529371}
{"coastSample":10,"contentY":351.79060102301787,"endTimestamp":278755355,"flicking":true,"velocity":-1690.7768542199537}
{"coastSample":11,"contentY":312.6985294117647,"endTimestamp":278755355,"flicking":true,"velocity":-1592.8708439897719}
{"coastSample":12,"contentY":284.89002557544757,"endTimestamp":278755355,"flicking":true,"velocity":-1520.939897698213}
{"coastSample":13,"contentY":258.37627877237856,"endTimestamp":278755355,"flicking":true,"velocity":-1449.008951406654}
{"coastSample":14,"contentY":233.1572890025576,"endTimestamp":278755355,"flicking":true,"velocity":-1377.078005115057}
{"coastSample":15,"contentY":207.94189578005114,"endTimestamp":278755355,"flicking":true,"velocity":-1303.1489769820967}
{"angleX":0,"angleY":0,"contentY":43.529731457800494,"deviceType":4,"inverted":false,"overViewport":true,"phase":1,"pixelX":0,"pixelY":0,"pointerX":864.02734375,"pointerY":472.890625,"source":0,"timestamp":278755839}
{"angleX":0,"angleY":0,"contentY":43.529731457800494,"deviceType":4,"inverted":false,"overViewport":true,"phase":1,"pixelX":0,"pixelY":0,"pointerX":864.02734375,"pointerY":472.890625,"source":0,"timestamp":278755839}
{"angleX":0,"angleY":236,"contentY":43.529731457800494,"deviceType":4,"inverted":true,"overViewport":true,"phase":2,"pixelX":0,"pixelY":20,"pointerX":864.02734375,"pointerY":472.890625,"source":1,"timestamp":278755839}
{"angleX":0,"angleY":295,"contentY":43.529731457800494,"deviceType":4,"inverted":true,"overViewport":true,"phase":2,"pixelX":0,"pixelY":24,"pointerX":864.02734375,"pointerY":472.890625,"source":1,"timestamp":278755846}
{"angleX":0,"angleY":367,"contentY":43.529731457800494,"deviceType":4,"inverted":true,"overViewport":true,"phase":2,"pixelX":0,"pixelY":31,"pointerX":864.02734375,"pointerY":472.890625,"source":1,"timestamp":278755853}
{"angleX":0,"angleY":413,"contentY":0,"deviceType":4,"inverted":true,"overViewport":true,"phase":2,"pixelX":0,"pixelY":34,"pointerX":864.02734375,"pointerY":472.890625,"source":1,"timestamp":278755860}
{"angleX":0,"angleY":440,"contentY":0,"deviceType":4,"inverted":true,"overViewport":true,"phase":2,"pixelX":0,"pixelY":37,"pointerX":864.02734375,"pointerY":472.890625,"source":1,"timestamp":278755867}
{"angleX":0,"angleY":442,"contentY":0,"deviceType":4,"inverted":true,"overViewport":true,"phase":2,"pixelX":0,"pixelY":37,"pointerX":864.02734375,"pointerY":472.890625,"source":1,"timestamp":278755874}
{"angleX":0,"angleY":0,"contentY":0,"deviceType":4,"inverted":true,"overViewport":true,"phase":3,"pixelX":0,"pixelY":0,"pointerX":864.02734375,"pointerY":472.890625,"source":0,"timestamp":278755881}
{"angleX":0,"angleY":0,"contentY":0,"deviceType":4,"inverted":true,"overViewport":true,"phase":3,"pixelX":0,"pixelY":0,"pointerX":864.02734375,"pointerY":472.890625,"source":0,"timestamp":278755881}
{"coastSample":1,"contentY":0,"endTimestamp":278755881,"flicking":false,"velocity":0}
{"coastSample":2,"contentY":0,"endTimestamp":278755881,"flicking":false,"velocity":0}
{"coastSample":3,"contentY":0,"endTimestamp":278755881,"flicking":false,"velocity":0}
{"coastSample":4,"contentY":0,"endTimestamp":278755881,"flicking":false,"velocity":0}
{"coastSample":5,"contentY":0,"endTimestamp":278755881,"flicking":false,"velocity":0}
{"coastSample":6,"contentY":0,"endTimestamp":278755881,"flicking":false,"velocity":0}
{"coastSample":7,"contentY":0,"endTimestamp":278755881,"flicking":false,"velocity":0}
{"coastSample":8,"contentY":0,"endTimestamp":278755881,"flicking":false,"velocity":0}
{"coastSample":9,"contentY":0,"endTimestamp":278755881,"flicking":false,"velocity":0}
{"coastSample":10,"contentY":0,"endTimestamp":278755881,"flicking":false,"velocity":0}
{"coastSample":11,"contentY":0,"endTimestamp":278755881,"flicking":false,"velocity":0}
{"coastSample":12,"contentY":0,"endTimestamp":278755881,"flicking":false,"velocity":0}
{"coastSample":13,"contentY":0,"endTimestamp":278755881,"flicking":false,"velocity":0}
{"coastSample":14,"contentY":0,"endTimestamp":278755881,"flicking":false,"velocity":0}
{"coastSample":15,"contentY":0,"endTimestamp":278755881,"flicking":false,"velocity":0}
{"angleX":0,"angleY":0,"contentY":0,"deviceType":4,"inverted":false,"overViewport":true,"phase":1,"pixelX":0,"pixelY":0,"pointerX":864.02734375,"pointerY":472.890625,"source":0,"timestamp":278756336}
{"angleX":0,"angleY":0,"contentY":0,"deviceType":4,"inverted":false,"overViewport":true,"phase":1,"pixelX":0,"pixelY":0,"pointerX":864.02734375,"pointerY":472.890625,"source":0,"timestamp":278756336}
{"angleX":0,"angleY":-299,"contentY":0,"deviceType":4,"inverted":true,"overViewport":true,"phase":2,"pixelX":0,"pixelY":-25,"pointerX":864.02734375,"pointerY":472.890625,"source":1,"timestamp":278756336}
{"angleX":0,"angleY":-330,"contentY":0,"deviceType":4,"inverted":true,"overViewport":true,"phase":2,"pixelX":0,"pixelY":-27,"pointerX":864.02734375,"pointerY":472.890625,"source":1,"timestamp":278756343}
{"angleX":0,"angleY":-316,"contentY":0,"deviceType":4,"inverted":true,"overViewport":true,"phase":2,"pixelX":0,"pixelY":-27,"pointerX":864.02734375,"pointerY":472.890625,"source":1,"timestamp":278756351}
{"angleX":0,"angleY":-289,"contentY":0,"deviceType":4,"inverted":true,"overViewport":true,"phase":2,"pixelX":0,"pixelY":-24,"pointerX":864.02734375,"pointerY":472.890625,"source":1,"timestamp":278756358}
{"angleX":0,"angleY":-253,"contentY":24,"deviceType":4,"inverted":true,"overViewport":true,"phase":2,"pixelX":0,"pixelY":-21,"pointerX":864.02734375,"pointerY":472.890625,"source":1,"timestamp":278756365}
{"angleX":0,"angleY":-232,"contentY":45,"deviceType":4,"inverted":true,"overViewport":true,"phase":2,"pixelX":0,"pixelY":-19,"pointerX":864.02734375,"pointerY":472.890625,"source":1,"timestamp":278756372}
{"angleX":0,"angleY":-212,"contentY":64,"deviceType":4,"inverted":true,"overViewport":true,"phase":2,"pixelX":0,"pixelY":-18,"pointerX":864.02734375,"pointerY":472.890625,"source":1,"timestamp":278756379}
{"angleX":0,"angleY":-169,"contentY":82,"deviceType":4,"inverted":true,"overViewport":true,"phase":2,"pixelX":0,"pixelY":-14,"pointerX":864.02734375,"pointerY":472.890625,"source":1,"timestamp":278756386}
{"angleX":0,"angleY":0,"contentY":96,"deviceType":4,"inverted":true,"overViewport":true,"phase":3,"pixelX":0,"pixelY":0,"pointerX":864.02734375,"pointerY":472.890625,"source":0,"timestamp":278756393}
{"angleX":0,"angleY":0,"contentY":96,"deviceType":4,"inverted":true,"overViewport":true,"phase":3,"pixelX":0,"pixelY":0,"pointerX":864.02734375,"pointerY":472.890625,"source":0,"timestamp":278756393}
{"coastSample":1,"contentY":154.75,"endTimestamp":278756393,"flicking":true,"velocity":2408.8541666666665}
{"coastSample":2,"contentY":211,"endTimestamp":278756393,"flicking":true,"velocity":2304.6875}
{"coastSample":3,"contentY":251.546875,"endTimestamp":278756393,"flicking":true,"velocity":2226.5625}
{"coastSample":4,"contentY":290.6875,"endTimestamp":278756393,"flicking":true,"velocity":2148.4375}
{"coastSample":5,"contentY":342.7165798611111,"endTimestamp":278756393,"flicking":true,"velocity":2039.9305555555522}
{"coastSample":6,"contentY":378.4978298611111,"endTimestamp":278756393,"flicking":true,"velocity":1961.8055555555522}
{"coastSample":7,"contentY":401.5707465277778,"endTimestamp":278756393,"flicking":true,"velocity":1909.7222222222288}
{"coastSample":8,"contentY":445.8415798611111,"endTimestamp":278756393,"flicking":true,"velocity":1805.5555555555522}
{"coastSample":9,"contentY":477.4040798611111,"endTimestamp":278756393,"flicking":true,"velocity":1727.430555555543}
{"coastSample":10,"contentY":507.5603298611111,"endTimestamp":278756393,"flicking":true,"velocity":1649.3055555555522}
{"coastSample":11,"contentY":537.8663194444445,"endTimestamp":278756393,"flicking":true,"velocity":1566.8402777777712}
{"coastSample":12,"contentY":573.9079861111111,"endTimestamp":278756393,"flicking":true,"velocity":1462.6736111111047}
{"coastSample":13,"contentY":599.2986111111111,"endTimestamp":278756393,"flicking":true,"velocity":1384.5486111111047}
{"coastSample":14,"contentY":615.4444444444445,"endTimestamp":278756393,"flicking":true,"velocity":1332.4652777777715}
{"coastSample":15,"contentY":645.8611111111112,"endTimestamp":278756393,"flicking":true,"velocity":1228.2986111111238}
{"angleX":0,"angleY":0,"contentY":711.91796875,"deviceType":4,"inverted":false,"overViewport":true,"phase":1,"pixelX":0,"pixelY":0,"pointerX":864.02734375,"pointerY":472.890625,"source":0,"timestamp":278756761}
{"angleX":0,"angleY":0,"contentY":711.91796875,"deviceType":4,"inverted":false,"overViewport":true,"phase":1,"pixelX":0,"pixelY":0,"pointerX":864.02734375,"pointerY":472.890625,"source":0,"timestamp":278756761}
{"angleX":0,"angleY":-275,"contentY":711.91796875,"deviceType":4,"inverted":true,"overViewport":true,"phase":2,"pixelX":0,"pixelY":-23,"pointerX":864.02734375,"pointerY":472.890625,"source":1,"timestamp":278756761}
{"angleX":0,"angleY":-318,"contentY":711.91796875,"deviceType":4,"inverted":true,"overViewport":true,"phase":2,"pixelX":0,"pixelY":-26,"pointerX":864.02734375,"pointerY":472.890625,"source":1,"timestamp":278756768}
{"angleX":0,"angleY":-344,"contentY":711.91796875,"deviceType":4,"inverted":true,"overViewport":true,"phase":2,"pixelX":0,"pixelY":-29,"pointerX":864.02734375,"pointerY":472.890625,"source":1,"timestamp":278756775}
{"angleX":0,"angleY":-354,"contentY":766.91796875,"deviceType":4,"inverted":true,"overViewport":true,"phase":2,"pixelX":0,"pixelY":-30,"pointerX":864.02734375,"pointerY":472.890625,"source":1,"timestamp":278756783}
{"angleX":0,"angleY":-346,"contentY":796.91796875,"deviceType":4,"inverted":true,"overViewport":true,"phase":2,"pixelX":0,"pixelY":-28,"pointerX":864.02734375,"pointerY":472.890625,"source":1,"timestamp":278756790}
{"angleX":0,"angleY":-334,"contentY":816,"deviceType":4,"inverted":true,"overViewport":true,"phase":2,"pixelX":0,"pixelY":-28,"pointerX":864.02734375,"pointerY":472.890625,"source":1,"timestamp":278756797}
{"angleX":0,"angleY":-312,"contentY":816,"deviceType":4,"inverted":true,"overViewport":true,"phase":2,"pixelX":0,"pixelY":-26,"pointerX":864.02734375,"pointerY":472.890625,"source":1,"timestamp":278756804}
{"angleX":0,"angleY":-289,"contentY":816,"deviceType":4,"inverted":true,"overViewport":true,"phase":2,"pixelX":0,"pixelY":-24,"pointerX":864.02734375,"pointerY":472.890625,"source":1,"timestamp":278756811}
{"angleX":0,"angleY":-240,"contentY":816,"deviceType":4,"inverted":true,"overViewport":true,"phase":2,"pixelX":0,"pixelY":-20,"pointerX":864.02734375,"pointerY":472.890625,"source":1,"timestamp":278756819}
{"angleX":0,"angleY":0,"contentY":816,"deviceType":4,"inverted":true,"overViewport":true,"phase":3,"pixelX":0,"pixelY":0,"pointerX":864.02734375,"pointerY":472.890625,"source":0,"timestamp":278756846}
{"angleX":0,"angleY":0,"contentY":816,"deviceType":4,"inverted":true,"overViewport":true,"phase":3,"pixelX":0,"pixelY":0,"pointerX":864.02734375,"pointerY":472.890625,"source":0,"timestamp":278756846}
{"coastSample":1,"contentY":816,"endTimestamp":278756846,"flicking":false,"velocity":963.5416666666666}
{"coastSample":2,"contentY":816,"endTimestamp":278756846,"flicking":false,"velocity":963.5416666666666}
{"coastSample":3,"contentY":816,"endTimestamp":278756846,"flicking":false,"velocity":963.5416666666666}
{"coastSample":4,"contentY":816,"endTimestamp":278756846,"flicking":false,"velocity":963.5416666666666}
{"coastSample":5,"contentY":816,"endTimestamp":278756846,"flicking":false,"velocity":963.5416666666666}
{"coastSample":6,"contentY":816,"endTimestamp":278756846,"flicking":false,"velocity":963.5416666666666}
{"coastSample":7,"contentY":816,"endTimestamp":278756846,"flicking":false,"velocity":963.5416666666666}
{"coastSample":8,"contentY":816,"endTimestamp":278756846,"flicking":false,"velocity":963.5416666666666}
{"coastSample":9,"contentY":816,"endTimestamp":278756846,"flicking":false,"velocity":963.5416666666666}
{"coastSample":10,"contentY":816,"endTimestamp":278756846,"flicking":false,"velocity":963.5416666666666}
{"coastSample":11,"contentY":816,"endTimestamp":278756846,"flicking":false,"velocity":963.5416666666666}
{"coastSample":12,"contentY":816,"endTimestamp":278756846,"flicking":false,"velocity":963.5416666666666}
{"angleX":0,"angleY":0,"contentY":816,"deviceType":4,"inverted":false,"overViewport":true,"phase":1,"pixelX":0,"pixelY":0,"pointerX":864.02734375,"pointerY":472.890625,"source":0,"timestamp":278757121}
{"angleX":0,"angleY":0,"contentY":816,"deviceType":4,"inverted":false,"overViewport":true,"phase":1,"pixelX":0,"pixelY":0,"pointerX":864.02734375,"pointerY":472.890625,"source":0,"timestamp":278757121}
{"angleX":0,"angleY":-177,"contentY":816,"deviceType":4,"inverted":true,"overViewport":true,"phase":2,"pixelX":0,"pixelY":-15,"pointerX":864.02734375,"pointerY":472.890625,"source":1,"timestamp":278757121}
{"angleX":0,"angleY":-222,"contentY":816,"deviceType":4,"inverted":true,"overViewport":true,"phase":2,"pixelX":0,"pixelY":-18,"pointerX":864.02734375,"pointerY":472.890625,"source":1,"timestamp":278757128}
{"angleX":0,"angleY":-238,"contentY":816,"deviceType":4,"inverted":true,"overViewport":true,"phase":2,"pixelX":0,"pixelY":-20,"pointerX":864.02734375,"pointerY":472.890625,"source":1,"timestamp":278757136}
{"angleX":0,"angleY":-271,"contentY":816,"deviceType":4,"inverted":true,"overViewport":true,"phase":2,"pixelX":0,"pixelY":-23,"pointerX":864.02734375,"pointerY":472.890625,"source":1,"timestamp":278757143}
{"angleX":0,"angleY":-287,"contentY":816,"deviceType":4,"inverted":true,"overViewport":true,"phase":2,"pixelX":0,"pixelY":-24,"pointerX":864.02734375,"pointerY":472.890625,"source":1,"timestamp":278757150}
{"angleX":0,"angleY":-299,"contentY":816,"deviceType":4,"inverted":true,"overViewport":true,"phase":2,"pixelX":0,"pixelY":-25,"pointerX":864.02734375,"pointerY":472.890625,"source":1,"timestamp":278757157}
{"angleX":0,"angleY":-291,"contentY":816,"deviceType":4,"inverted":true,"overViewport":true,"phase":2,"pixelX":0,"pixelY":-24,"pointerX":864.02734375,"pointerY":472.890625,"source":1,"timestamp":278757164}
{"angleX":0,"angleY":-283,"contentY":816,"deviceType":4,"inverted":true,"overViewport":true,"phase":2,"pixelX":0,"pixelY":-23,"pointerX":864.02734375,"pointerY":472.890625,"source":1,"timestamp":278757172}
{"angleX":0,"angleY":-251,"contentY":816,"deviceType":4,"inverted":true,"overViewport":true,"phase":2,"pixelX":0,"pixelY":-21,"pointerX":864.02734375,"pointerY":472.890625,"source":1,"timestamp":278757179}
{"angleX":0,"angleY":-226,"contentY":816,"deviceType":4,"inverted":true,"overViewport":true,"phase":2,"pixelX":0,"pixelY":-19,"pointerX":864.02734375,"pointerY":472.890625,"source":1,"timestamp":278757186}
{"angleX":0,"angleY":-185,"contentY":816,"deviceType":4,"inverted":true,"overViewport":true,"phase":2,"pixelX":0,"pixelY":-16,"pointerX":864.02734375,"pointerY":472.890625,"source":1,"timestamp":278757193}
{"angleX":0,"angleY":0,"contentY":816,"deviceType":4,"inverted":true,"overViewport":true,"phase":3,"pixelX":0,"pixelY":0,"pointerX":864.02734375,"pointerY":472.890625,"source":0,"timestamp":278757206}
{"angleX":0,"angleY":0,"contentY":816,"deviceType":4,"inverted":true,"overViewport":true,"phase":3,"pixelX":0,"pixelY":0,"pointerX":864.02734375,"pointerY":472.890625,"source":0,"timestamp":278757206}
{"coastSample":1,"contentY":816,"endTimestamp":278757206,"flicking":false,"velocity":963.5416666666666}
{"coastSample":2,"contentY":816,"endTimestamp":278757206,"flicking":false,"velocity":963.5416666666666}
{"coastSample":3,"contentY":816,"endTimestamp":278757206,"flicking":false,"velocity":963.5416666666666}
{"coastSample":4,"contentY":816,"endTimestamp":278757206,"flicking":false,"velocity":963.5416666666666}
{"coastSample":5,"contentY":816,"endTimestamp":278757206,"flicking":false,"velocity":963.5416666666666}
{"coastSample":6,"contentY":816,"endTimestamp":278757206,"flicking":false,"velocity":963.5416666666666}
{"coastSample":7,"contentY":816,"endTimestamp":278757206,"flicking":false,"velocity":963.5416666666666}
PASS: Projects trace contracts and actual Qt evidence
